0.000000000000000000e+00 0.000000000000000000e+00 0.000000000000000000e+00 0.000000000000000000e+00 0.000000000000000000e+00 0.000000000000000000e+00 0.000000000000000000e+00 0.000000000000000000e+00 0.000000000000000000e+00 0.000000000000000000e+00 0.000000000000000000e+00 0.000000000000000000e+00 0.000000000000000000e+00 0.000000000000000000e+00 0.000000000000000000e+00 0.000000000000000000e+00 0.000000000000000000e+00 0.000000000000000000e+00 0.000000000000000000e+00 0.000000000000000000e+00 0.000000000000000000e+00 0.000000000000000000e+00 0.000000000000000000e+00 0.000000000000000000e+00 0.000000000000000000e+00 0.000000000000000000e+00 0.000000000000000000e+00 0.000000000000000000e+00 0.000000000000000000e+00 0.000000000000000000e+00 0.000000000000000000e+00 0.000000000000000000e+00 0.000000000000000000e+00 0.000000000000000000e+00 0.000000000000000000e+00 0.000000000000000000e+00 0.000000000000000000e+00 0.000000000000000000e+00 0.000000000000000000e+00 0.000000000000000000e+00 0.000000000000000000e+00 0.000000000000000000e+00 0.000000000000000000e+00 0.000000000000000000e+00 0.000000000000000000e+00 0.000000000000000000e+00 0.000000000000000000e+00 0.000000000000000000e+00 0.000000000000000000e+00 0.000000000000000000e+00 0.000000000000000000e+00 0.000000000000000000e+00 0.000000000000000000e+00 0.000000000000000000e+00 0.000000000000000000e+00 0.000000000000000000e+00 0.000000000000000000e+00 0.000000000000000000e+00 0.000000000000000000e+00 0.000000000000000000e+00 0.000000000000000000e+00 0.000000000000000000e+00 0.000000000000000000e+00 0.000000000000000000e+00 0.000000000000000000e+00 0.000000000000000000e+00 0.000000000000000000e+00 0.000000000000000000e+00 0.000000000000000000e+00 0.000000000000000000e+00 0.000000000000000000e+00 0.000000000000000000e+00 0.000000000000000000e+00 0.000000000000000000e+00 0.000000000000000000e+00 0.000000000000000000e+00 0.000000000000000000e+00 0.000000000000000000e+00 0.000000000000000000e+00 0.000000000000000000e+00 0.000000000000000000e+00 0.000000000000000000e+00 0.000000000000000000e+00 0.000000000000000000e+00 0.000000000000000000e+00 0.000000000000000000e+00 0.000000000000000000e+00 0.000000000000000000e+00 0.000000000000000000e+00 0.000000000000000000e+00 0.000000000000000000e+00 0.000000000000000000e+00 0.000000000000000000e+00 0.000000000000000000e+00 0.000000000000000000e+00 0.000000000000000000e+00 0.000000000000000000e+00 0.000000000000000000e+00 0.000000000000000000e+00 0.000000000000000000e+00 0.000000000000000000e+00 0.000000000000000000e+00 0.000000000000000000e+00 0.000000000000000000e+00
5.208333333333333583e-07 1.143518518518518443e-05 1.339120370370370331e-05 1.115740740740740800e-05 7.291666666666666381e-07 1.295138888888888879e-05 1.497685185185185136e-05 5.787037037037036961e-07 2.083333333333333327e-07 1.273148148148148174e-07 1.504629629629629684e-07 1.157407407407407419e-07 5.439814814814814299e-07 7.523148148148148156e-07 9.259259259259259350e-07 5.208333333333333583e-07 3.703703703703703634e-07 1.177083333333333258e-05 5.555555555555555187e-07 1.336805555555555598e-05 1.076388888888888983e-06 8.634259259259259193e-06 1.247685185185185157e-05 1.163194444444444521e-05 1.504629629629629684e-07 7.986111111111110647e-07 1.041666666666666664e-07 1.550925925925925986e-06 7.291666666666666381e-07 4.050925925925925767e-07 1.504629629629629684e-07 4.976851851851851808e-07 3.819444444444444522e-07 1.041666666666666664e-07 1.504629629629629684e-07 5.092592592592592695e-07 9.259259259259259085e-08 1.967592592592592705e-07 2.662037037037037235e-07 1.157407407407407419e-07 1.111111111111111037e-06 5.555555555555555187e-07 1.041666666666666664e-07 6.597222222222222115e-07 1.620370370370370307e-07 5.324074074074074470e-07 1.620370370370370307e-07 6.481481481481481227e-07 5.671296296296296074e-07 1.307870370370370334e-06 1.041666666666666664e-07 4.976851851851851808e-07 5.208333333333333583e-07 1.273148148148148174e-07 8.796296296296295800e-07 4.976851851851851808e-07 1.157407407407407419e-07 6.018518518518518736e-07 5.092592592592592695e-07 4.861111111111110921e-07 2.430555555555555460e-07 1.157407407407407419e-07 1.157407407407407419e-07 5.439814814814814299e-07 5.902777777777777849e-07 4.282407407407407542e-07 3.935185185185185409e-07 1.273148148148148174e-07 4.398148148148147900e-07 4.050925925925925767e-07 4.398148148148147900e-07 1.041666666666666664e-07 9.259259259259259085e-08 3.819444444444444522e-07 4.398148148148147900e-07 1.388888888888888797e-07 1.157407407407407419e-07 1.388888888888888797e-07 3.935185185185185409e-07 4.861111111111110921e-07 1.504629629629629684e-07 8.587962962962962838e-06 1.041666666666666664e-07 9.629629629629629978e-06 9.768518518518519043e-06 1.504629629629629684e-07 8.599537037037036503e-06 9.548611111111110933e-06 8.541666666666666483e-06 8.749999999999999233e-06 1.041666666666666664e-07 1.041666666666666664e-07 1.331018518518518596e-05 1.393518518518518591e-05 1.299768518518518514e-05 1.167824074074074157e-05 1.335648148148148232e-05 9.259259259259259085e-08 1.224537037037036980e-05 1.510416666666666676e-05 1.290509259259259243e-05 1.388888888888888797e-07 1.050925925925925903e-05 1.168981481481481523e-05
4.004629629629629624e-06 1.712962962962963017e-06 3.553240740740740586e-06 4.374999999999999617e-06 5.150462962962963139e-06 4.479166666666666839e-06 2.025462962962962989e-06 5.787037037037037094e-08 4.629629629629629543e-08 4.629629629629629543e-08 1.157407407407407419e-07 3.472222222222221992e-08 3.888888888888888736e-06 4.236111111111111399e-06 5.439814814814814934e-06 1.631944444444444396e-06 3.460648148148148300e-06 3.090277777777777884e-06 3.333333333333333324e-06 3.587962962962962853e-06 4.050925925925925979e-06 1.527777777777777809e-06 4.976851851851852232e-06 3.194444444444444259e-06 6.944444444444443983e-08 5.856481481481481282e-06 2.314814814814814771e-08 3.541666666666666498e-06 6.018518518518518525e-06 2.245370370370370252e-06 3.472222222222221992e-08 4.374999999999999617e-06 4.560185185185185037e-06 5.787037037037037094e-08 6.944444444444443983e-08 2.222222222222222075e-06 3.472222222222221992e-08 1.041666666666666664e-07 4.629629629629629543e-08 3.472222222222221992e-08 2.951388888888888819e-06 4.444444444444444149e-06 4.629629629629629543e-08 1.042824074074073998e-05 4.629629629629629543e-08 4.537037037037036859e-06 5.787037037037037094e-08 5.787037037037037094e-08 3.333333333333333324e-06 9.259259259259259085e-08 3.472222222222221992e-08 4.537037037037036859e-06 4.398148148148147794e-06 3.472222222222221992e-08 4.166666666666666866e-06 4.004629629629629624e-06 3.472222222222221992e-08 4.328703703703704109e-06 2.326388888888888873e-06 4.502314814814815016e-06 5.787037037037037094e-08 5.787037037037037094e-08 3.472222222222221992e-08 4.085648148148147822e-06 3.171296296296296505e-06 1.817129629629629604e-06 3.842592592592592381e-06 3.472222222222221992e-08 1.631944444444444396e-06 1.678240740740740751e-06 1.840277777777777781e-06 4.629629629629629543e-08 3.472222222222221992e-08 3.067129629629629706e-06 3.217592592592592436e-06 4.629629629629629543e-08 3.472222222222221992e-08 3.472222222222221992e-08 3.055555555555555617e-06 2.881944444444444286e-06 5.787037037037037094e-08 3.472222222222222389e-06 3.472222222222221992e-08 1.875000000000000048e-06 1.608796296296296218e-06 4.629629629629629543e-08 1.585648148148148252e-06 1.458333333333333276e-06 4.537037037037036859e-06 1.747685185185185283e-06 3.472222222222221992e-08 3.472222222222221992e-08 1.875000000000000048e-06 3.275462962962962880e-06 2.951388888888888819e-06 1.574074074074074164e-06 3.506944444444444655e-06 3.472222222222221992e-08 3.159722222222222416e-06 3.263888888888888791e-06 2.037037037037037078e-06 3.472222222222221992e-08 1.574074074074074164e-06 1.921296296296296191e-06
7.396527777777777693e-04 7.576851851851851326e-04 9.698032407407406949e-04 1.086261574074074126e-03 3.870833333333333548e-04 5.507523148148147892e-04 2.416203703703703666e-04 5.787037037037037094e-08 3.472222222222221992e-08 3.472222222222221992e-08 8.333333333333333309e-07 3.472222222222221992e-08 7.937384259259259263e-04 1.043333333333333396e-03 4.257870370370370194e-04 7.670023148148148685e-04 5.270717592592592468e-04 4.454282407407407561e-04 6.615509259259258912e-04 7.471064814814815146e-04 9.694675925925926247e-04 7.340625000000000145e-04 4.174518981481481483e-01 4.757497453703703472e-01 3.472222222222221992e-08 1.060659722222222169e-03 3.472222222222221992e-08 1.003240740740740742e-03 1.123229166666666690e-03 7.544560185185185614e-04 3.472222222222221992e-08 7.607638888888888394e-04 9.963888888888888882e-04 3.472222222222221992e-08 5.787037037037037094e-08 7.823842592592592524e-04 2.314814814814814771e-08 5.787037037037037094e-08 3.472222222222221992e-08 4.629629629629629543e-08 9.117592592592592936e-04 6.439930555555555295e-04 3.472222222222221992e-08 8.206481481481481483e-04 4.629629629629629543e-08 1.037997685185185204e-03 4.629629629629629543e-08 5.787037037037037094e-08 2.784722222222222178e-04 1.041666666666666664e-07 3.472222222222221992e-08 9.018171296296295832e-04 5.349421296296296780e-04 4.629629629629629543e-08 9.520949074074073603e-04 7.885185185185184745e-04 3.472222222222221992e-08 9.012384259259258830e-04 7.288425925925925628e-04 9.704050925925925865e-04 5.787037037037037094e-08 3.472222222222221992e-08 4.629629629629629543e-08 6.041782407407407388e-04 5.015509259259259053e-04 5.489004629629629485e-04 4.287962962962963147e-04 3.472222222222221992e-08 5.219791666666666850e-04 9.225232638888888892e-02 6.250347222222222459e-04 3.472222222222221992e-08 3.472222222222221992e-08 4.955324074074074232e-04 5.257060185185185577e-04 3.472222222222221992e-08 3.472222222222221992e-08 3.472222222222221992e-08 6.894444444444444578e-04 7.137268518518518918e-04 3.472222222222221992e-08 9.087615740740740940e-04 2.314814814814814771e-08 3.746348032407407214e-01 7.128935185185185201e-04 1.041666666666666664e-07 1.004594907407407390e-03 8.309953703703703946e-04 7.333564814814815327e-04 3.597569444444444469e-04 3.472222222222221992e-08 3.472222222222221992e-08 6.217824074074073748e-04 8.080671296296296083e-04 4.074074074074073818e-04 5.425000000000000135e-04 6.085995370370370517e-04 2.314814814814814771e-08 3.283101851851851719e-04 5.036342592592592260e-04 5.460648148148147633e-04 3.472222222222221992e-08 1.642976851851851716e-02 8.402546296296295979e-04
1.041666666666666664e-07 9.259259259259259085e-08 6.944444444444443983e-08 8.101851851851851534e-08 9.259259259259259085e-08 8.101851851851851534e-08 8.101851851851851534e-08 2.515451388888888685e-03 3.306041666666666764e-03 1.869537037037036957e-03 9.199768518518518364e-04 5.550370370370370440e-03 9.259259259259259085e-08 1.041666666666666664e-07 9.259259259259259085e-08 8.101851851851851534e-08 9.259259259259259085e-08 8.101851851851851534e-08 9.259259259259259085e-08 8.101851851851851534e-08 1.620370370370370307e-07 9.259259259259259085e-08 2.744444444444444535e-04 8.749074074074073611e-04 3.948449074074073840e-03 2.199074074074073950e-07 1.703703703703703803e-03 9.259259259259259085e-08 3.587962962962962747e-07 1.041666666666666664e-07 4.116446759259258931e-03 1.504629629629629684e-07 9.259259259259259085e-08 2.867592592592592589e-03 1.778067129629629659e-03 1.041666666666666664e-07 3.516064814814814747e-03 1.238946759259259298e-03 8.425231481481481243e-04 2.478506944444444637e-03 8.333333333333333309e-07 3.240740740740740614e-07 2.580509259259259388e-03 9.259259259259259085e-08 2.095092592592592406e-03 1.157407407407407419e-07 1.581284722222222206e-03 4.958773148148147916e-03 1.817939814814814820e-04 8.887013888888888741e-03 3.437141203703703539e-03 9.259259259259259085e-08 1.504629629629629684e-07 3.500682870370370580e-03 9.259259259259259085e-08 1.504629629629629684e-07 1.286724537037036960e-03 9.259259259259259085e-08 8.101851851851851534e-08 1.041666666666666664e-07 6.001851851851851532e-04 6.499421296296296544e-04 4.420868055555555488e-03 1.157407407407407419e-07 3.009259259259259368e-07 8.101851851851851534e-08 4.282407407407407542e-07 1.490937500000000075e-03 6.944444444444443983e-08 1.099351851851851792e-03 9.259259259259259085e-08 3.142083333333333534e-03 9.159837962962962508e-04 8.101851851851851534e-08 8.101851851851851534e-08 3.038958333333333182e-03 2.879722222222222319e-03 7.256041666666666716e-03 8.101851851851851534e-08 8.101851851851851534e-08 2.439537037037036935e-03 6.944444444444443983e-08 1.485462962962962952e-03 9.279976851851851321e-04 6.944444444444443983e-08 9.138078703703703815e-04 1.967592592592592705e-07 6.944444444444443983e-08 6.944444444444443983e-08 8.101851851851851534e-08 1.698935185185185270e-03 2.640543981481481561e-03 8.101851851851851534e-08 9.259259259259259085e-08 5.787037037037037094e-08 1.620370370370370307e-07 1.115740740740740800e-05 2.453993055555555615e-03 8.101851851851851534e-08 6.944444444444443983e-08 6.944444444444443983e-08 6.949999999999999581e-03 8.608796296296296249e-04 6.944444444444443983e-08
6.944444444444443983e-08 6.944444444444443983e-08 3.472222222222221992e-08 3.472222222222221992e-08 4.629629629629629543e-08 3.472222222222221992e-08 3.472222222222221992e-08 1.722581018518518471e-03 7.742581018518518432e-03 3.468148148148148154e-03 2.692164351851851836e-03 4.662384259259259346e-04 4.629629629629629543e-08 5.787037037037037094e-08 4.629629629629629543e-08 4.629629629629629543e-08 5.787037037037037094e-08 4.629629629629629543e-08 3.472222222222221992e-08 3.472222222222221992e-08 4.629629629629629543e-08 1.157407407407407419e-07 5.787037037037037094e-08 6.944444444444443983e-08 1.731261574074074083e-03 6.944444444444443983e-08 2.076319444444444436e-03 5.787037037037037094e-08 1.388888888888888797e-07 6.944444444444443983e-08 4.434652777777777811e-03 5.787037037037037094e-08 4.629629629629629543e-08 2.786296296296296264e-03 5.843784722222222436e-03 6.944444444444443983e-08 1.353636574074074117e-02 1.640138888888888896e-03 3.004606481481481364e-03 6.697118055555555984e-03 6.018518518518518736e-07 6.944444444444443983e-08 1.250983796296296262e-03 4.629629629629629543e-08 2.637037037037037127e-03 6.944444444444443983e-08 6.326284722222221858e-03 1.947129629629629601e-03 2.449074074074073892e-04 4.057523148148147883e-04 3.211331018518518311e-03 5.787037037037037094e-08 6.944444444444443983e-08 4.853460648148148412e-03 8.101851851851851534e-08 1.041666666666666664e-07 5.800277777777777463e-03 6.944444444444443983e-08 4.629629629629629543e-08 6.944444444444443983e-08 3.511620370370370243e-03 1.097025462962963058e-03 2.520127314814814886e-03 1.041666666666666664e-07 3.472222222222221992e-08 3.472222222222221992e-08 5.787037037037037094e-08 9.954629629629629679e-04 3.472222222222221992e-08 6.944444444444443983e-08 4.629629629629629543e-08 1.308960648148148158e-02 2.629120370370370205e-03 4.629629629629629543e-08 4.629629629629629543e-08 2.481006944444444536e-03 2.155543981481481373e-03 8.430439814814815087e-04 3.472222222222221992e-08 5.787037037037037094e-08 7.684375000000000233e-04 3.472222222222221992e-08 6.735011574074073817e-03 6.944444444444443983e-08 3.472222222222221992e-08 2.697569444444444277e-04 1.157407407407407419e-07 5.787037037037037094e-08 3.472222222222221992e-08 4.629629629629629543e-08 1.668506944444444464e-03 1.224166666666666589e-03 4.629629629629629543e-08 8.101851851851851534e-08 4.629629629629629543e-08 8.101851851851851534e-08 9.259259259259259085e-08 2.117407407407407259e-03 4.629629629629629543e-08 5.787037037037037094e-08 5.787037037037037094e-08 1.774398148148148210e-03 8.101851851851851534e-08 3.472222222222221992e-08
1.752509282407407332e+00 1.229427881944444412e+00 2.399574884259259300e-01 6.640690856481481497e-01 3.544703067129629570e+00 2.241030092592592639e-03 1.072881597222222205e-01 9.618055555555556313e-06 6.631944444444444805e-06 7.129629629629629350e-06 1.462962962962962954e-05 1.601851851851851850e-05 1.889096238425926000e+00 1.977108310185185180e+00 5.869926388888888624e-01 5.653700810185184888e-01 1.085971898148148096e+00 7.678354861111110763e-01 9.153139930555556081e-01 1.847133564814814888e-01 8.862241319444444931e-01 8.133430671296296710e-01 2.314814814814814771e-08 2.314814814814814771e-08 1.733796296296296377e-05 9.025049537037036496e-01 2.883055555555555372e-03 1.653112233796296238e+00 2.969824074074073894e-01 9.843654398148148355e-01 1.552083333333333226e-05 2.036289664351851769e+00 1.896560925925925956e+00 1.394675925925925957e-05 1.758101851851851921e-05 8.694098495370370383e-01 9.893381828703703418e-01 1.528935185185185218e-05 2.806712962962962921e-05 2.568287037037036947e-05 2.925012523148148080e+00 1.893170451388888953e+00 1.747685185185185114e-05 7.947220254629629999e-01 1.668981481481481480e-05 2.679713912037037016e+00 2.753472222222222367e-05 1.513888888888888944e-05 8.101851851851851534e-08 1.640046296296296131e-05 1.702546296296296295e-05 7.982096759259259544e-01 1.033399826388888831e+00 7.962962962962962893e-06 2.560946215277777771e+00 1.726402337962962941e+00 7.303240740740741105e-06 1.216476064814814739e+00 2.964579282407407423e-01 1.740058321759259341e+00 1.358622685185185150e-03 8.182870370370371003e-06 8.414351851851851083e-06 2.460831655092592385e+00 9.707042476851851509e-01 9.277330439814814866e-01 1.583631365740740815e-01 6.990740740740741132e-06 2.061056759259259241e+00 1.157407407407407386e-08 2.137294618055555429e+00 7.523148148148148367e-06 7.268518518518518415e-06 7.781516087962963013e-01 7.064300231481481784e-01 7.199074074074073883e-06 7.891064814814814296e-03 9.270833333333332804e-06 5.786508449074073690e-01 1.163259664351851796e+00 6.747685185185184845e-06 1.435000000000000078e-03 7.222222222222222060e-06 2.314814814814814771e-08 8.464775694444444110e-01 6.678240740740741160e-06 2.871330810185185101e+00 1.548538344907407494e+00 1.264509259259259277e+00 1.741983541666666691e+00 6.990740740740741132e-06 6.516203703703703917e-06 1.416686759259259354e+00 9.068201388888889047e-01 2.218963888888888791e-01 9.139167361111111276e-01 9.259259259259259085e-08 6.782407407407407535e-06 8.275452777777777547e-01 6.866441203703703700e-01 6.845619212962962552e-02 6.284722222222222142e-06 1.157407407407407386e-08 5.706709374999999751e-01
3.325810185185185119e-04 7.596527777777778217e-04 1.539004629629629696e-04 2.161678240740740921e-03 1.094491898148148082e-02 3.466388888888889078e-03 1.061921296296296241e-04 1.438888888888889019e-04 3.209976851851851880e-03 1.032060185185185202e-04 4.513657407407407310e-04 1.392592592592592461e-04 5.464780092592592259e-03 4.513819444444444433e-03 2.515520833333333151e-03 1.310428240740740694e-03 6.049108796296296352e-03 3.345960648148148253e-03 9.882870370370370854e-04 9.878252314814815402e-03 1.066284722222222156e-03 9.919907407407407667e-04 2.314814814814814771e-08 2.314814814814814771e-08 2.882291666666666682e-03 5.170312500000000429e-03 1.695601851851851757e-05 1.732268518518518619e-03 3.610983796296296164e-03 1.455405092592592558e-03 3.546064814814814609e-04 7.695717592592592323e-04 9.949421296296296919e-04 4.616898148148148402e-04 8.397685185185185548e-04 6.079872685185185553e-03 1.763194444444444401e-03 3.698148148148147889e-04 7.976504629629630047e-04 1.383761574074074147e-03 5.021527777777777968e-04 3.800694444444444649e-03 2.843981481481481512e-04 2.856828703703703874e-04 5.220949074074074251e-04 7.813425925925925920e-04 3.369791666666666877e-04 2.330937500000000110e-03 5.787037037037037094e-08 1.343055555555555615e-04 1.435300925925926023e-03 8.386458333333333872e-04 6.119212962962962583e-03 6.970254629629629847e-04 1.359004629629629712e-03 2.412453703703703548e-03 1.258680555555555529e-04 1.670254629629629498e-04 4.952569444444444337e-03 6.108634259259258965e-03 8.113425925925925623e-06 8.841435185185185085e-05 1.864780092592592574e-03 9.051689814814814494e-03 1.049853009259259229e-02 1.760613425925925887e-03 3.838043981481481341e-03 8.444444444444444307e-05 4.124687499999999882e-03 3.472222222222221992e-08 5.098969907407407097e-03 1.121990740740740782e-04 1.780324074074074035e-04 1.486018518518518461e-03 6.553680555555555648e-03 1.570370370370370464e-04 7.592592592592592900e-06 3.297071759259259140e-03 1.085439814814814904e-03 3.335115740740740922e-03 7.474537037037037618e-05 5.160115740740741155e-03 2.383217592592592484e-04 3.472222222222221992e-08 1.233043981481481447e-03 9.916666666666666024e-05 1.208451388888888943e-02 1.703217592592592543e-03 2.810983796296296234e-03 1.050208333333333332e-03 1.588888888888888870e-04 1.069097222222222286e-04 1.667858796296296190e-03 2.106724537037037159e-03 7.405555555555556066e-04 3.612175925925925797e-03 6.802026851851852296e-01 1.505787037037037142e-04 5.822824074074074013e-03 1.669409722222222302e-03 4.265081018518518743e-03 1.009456018518518471e-03 3.472222222222221992e-08 2.782256944444444404e-03
9.134537037037036844e-02 1.113287037037037110e-02 6.845971759259259493e-01 1.574487152777777899e-01 6.532407407407407726e-05 2.092522916666666788e+00 2.627199074074073899e-03 5.092592592592592695e-07 1.967592592592592705e-07 3.703703703703703634e-07 5.439814814814814299e-07 2.430555555555555460e-07 1.340405092592592690e-03 2.708206018518518644e-03 1.128472222222222170e-05 6.574074074074073937e-06 1.921203703703703615e-03 9.294791666666666697e-04 3.403982638888888856e-02 6.869124999999999537e-02 1.837925347222222339e-01 1.600683449074074005e-01 2.107060185185185175e-04 2.046064814814814740e-04 5.942627314814814647e-03 1.468749999999999956e-05 8.949305555555556050e-04 1.850744201388888843e+00 2.797766203703703786e-03 1.675970729166666562e+00 2.546296296296296348e-07 8.798223148148147654e-01 1.145787499999999931e-01 2.199074074074073950e-07 4.282407407407407542e-07 1.350694444444444505e-05 1.576388888888888770e-05 2.083333333333333327e-07 6.134259259259259624e-07 2.430555555555555460e-07 1.763927604166666718e+00 1.564513888888888942e-03 5.787037037037036961e-07 6.526590277777777338e-02 4.050925925925925767e-07 1.959490740740740811e-05 1.591435185185185043e-05 2.546296296296296348e-07 2.047805011574074019e+00 2.662037037037037235e-07 3.125000000000000256e-07 9.011575810185185054e-01 3.449861111111111010e-03 1.736111111111111194e-07 7.615740740740741077e-06 8.657407407407408218e-06 1.620370370370370307e-07 7.845185185185185942e-03 1.196585648148148226e-03 1.187706712962963013e-01 1.112087673611111160e+00 1.620370370370370307e-07 3.869491238425926127e+00 3.693263888888888725e-03 3.733043981481481283e-03 5.595309027777777694e-02 3.094560740740740723e+00 1.388888888888888797e-07 1.600196759259259324e-03 2.871527777777777818e-05 1.633125000000000028e-03 1.504629629629629684e-07 1.273148148148148174e-07 6.643518518518518470e-06 4.118402777777778120e-03 1.388888888888888797e-07 9.312413888888888547e-01 3.772769675925926047e-01 3.406847800925925651e-01 5.454050925925925560e-04 1.504629629629629684e-07 1.417152777777777812e-03 6.655092592592592982e-06 8.305555555555554903e-05 2.318380787037037025e-02 2.314814814814814838e-07 2.380462962962963131e-03 2.206793981481481454e-03 7.789351851851851138e-06 6.587731481481481736e-03 2.083333333333333327e-07 1.388888888888888797e-07 2.959568634259259201e-01 8.819444444444444613e-06 1.709372453703703609e+00 6.866620370370370152e-03 2.800266203703703684e-03 1.388888888888888797e-07 3.244641203703703576e-03 4.382081018518518833e-02 1.130370370370370340e-03 1.388888888888888797e-07 3.531249999999999775e-05 2.337871527777777778e-02
3.066793981481481541e-03 1.566423611111111098e-03 1.333379629629629672e-03 1.200289351851851908e-03 9.657060185185185192e-04 1.696643518518518553e-03 6.323032407407407855e-04 1.504629629629629684e-07 8.101851851851851534e-08 6.944444444444443983e-08 1.620370370370370307e-07 1.273148148148148174e-07 1.459490740740740685e-05 1.567129629629629499e-05 3.314930555555555772e-04 1.263773148148148145e-04 6.504629629629629405e-06 6.840277777777777555e-06 6.930208333333333576e-04 7.883564814814815469e-03 2.281759259259259418e-03 3.870266203703703889e-03 1.143522511574074141e+00 1.878973032407407484e-01 5.845497685185185345e-03 1.224884259259259275e-04 1.736111111111111194e-07 4.722800925925926081e-04 1.615740740740740587e-05 4.710474537037037321e-03 1.041666666666666664e-07 2.307962962962963049e-03 7.881018518518518971e-04 9.259259259259259085e-08 3.819444444444444522e-07 1.042685185185185121e-03 1.349421296296296317e-04 9.259259259259259085e-08 1.273148148148148174e-07 1.157407407407407419e-07 1.482800925925925823e-03 1.585648148148148041e-05 1.041666666666666664e-07 1.885879629629629657e-04 1.620370370370370307e-07 7.155324074074074581e-04 2.083680555555555525e-04 1.041666666666666664e-07 1.858055555555555502e-03 1.388888888888888797e-07 2.314814814814814838e-07 2.189305555555555449e-03 8.634259259259259193e-06 8.101851851851851534e-08 4.644560185185185055e-04 1.079166666666666696e-04 8.101851851851851534e-08 4.214583333333333094e-04 7.187500000000000217e-06 9.467939814814815098e-04 8.893865740740741245e-04 8.101851851851851534e-08 1.569189814814814709e-03 6.527777777777777582e-06 8.611111111111111863e-06 1.447384259259259153e-03 3.978020833333333409e-03 5.787037037037037094e-08 6.793981481481481200e-06 1.719414386574074083e+00 7.650462962962963767e-06 8.101851851851851534e-08 8.101851851851851534e-08 8.634259259259259871e-05 8.310185185185184708e-06 6.944444444444443983e-08 2.230497685185185187e-03 9.356828703703703575e-04 4.871122685185184931e-03 8.009259259259259248e-06 2.210648148148147986e-06 7.060185185185184818e-06 3.171122685185185242e-03 3.218279513888888665e-01 5.399050925925926066e-03 1.504629629629629684e-07 7.106481481481481173e-06 6.321180555555555797e-04 8.128472222222221557e-05 1.115972222222222192e-03 5.787037037037037094e-08 8.101851851851851534e-08 2.891157407407407391e-03 3.112314814814814718e-03 8.493865740740741280e-04 6.168981481481481255e-06 6.817129629629629378e-06 6.944444444444443983e-08 5.775462962962963084e-06 9.713194444444444653e-04 6.712962962962963002e-06 8.101851851851851534e-08 1.141756250000000028e-01 1.385578703703703755e-03
1.144755787037037009e-01 3.264638888888889146e-02 1.019001620370370426e-01 1.241292708333333328e-01 4.746770833333333051e-02 1.032191145833333268e+00 5.409131944444444708e-03 2.314814814814814771e-08 2.314814814814814771e-08 2.314814814814814771e-08 5.787037037037037094e-08 2.314814814814814771e-08 1.034768518518518416e-03 1.462615740740740727e-04 1.851851851851851817e-07 1.388888888888888797e-07 8.692013888888888663e-04 1.238541666666666708e-04 7.476851851851852013e-06 7.141203703703703862e-06 6.469907407407407562e-06 6.041666666666666702e-06 9.976736111111111568e-03 6.006296296296296036e-03 1.523148148148148215e-05 1.736111111111111194e-07 6.944444444444443983e-08 1.900462962962962916e-05 1.085069444444444384e-04 1.484953703703703765e-05 3.472222222222221992e-08 2.655092592592592655e-05 1.483796296296296229e-05 3.472222222222221992e-08 1.157407407407407419e-07 1.851851851851851817e-07 2.083333333333333327e-07 3.472222222222221992e-08 4.629629629629629543e-08 3.472222222222221992e-08 1.759259259259259118e-05 3.103240740740740829e-04 2.314814814814814771e-08 5.275925925925926312e-04 3.472222222222221992e-08 1.788194444444444467e-05 4.513888888888888788e-07 4.629629629629629543e-08 5.500486111111111374e-03 3.472222222222221992e-08 3.472222222222221992e-08 1.328296041666666705e+00 1.882592592592592607e-03 1.157407407407407386e-08 4.745370370370370562e-07 1.736111111111111194e-07 2.314814814814814771e-08 7.444791666666666181e-04 9.701504629629629150e-04 7.743055555555554783e-06 2.199074074074073950e-07 4.629629629629629543e-08 1.273148148148148174e-07 8.729050925925925476e-04 1.256342592592592537e-03 5.694444444444444040e-06 1.187372685185185189e-03 2.314814814814814771e-08 9.328935185185185551e-04 2.127511574074074201e-03 1.192708333333333299e-04 1.157407407407407386e-08 3.472222222222221992e-08 1.273148148148148174e-07 4.140624999999999883e-04 3.472222222222221992e-08 7.777777777777777473e-06 3.533629629629629620e-02 2.511168981481481412e-03 9.262037037037037157e-04 1.157407407407407386e-08 9.585995370370369939e-04 3.472222222222221992e-08 1.159837962962962992e-03 7.083333333333332995e-06 2.314814814814814771e-08 1.214583333333333357e-03 6.064814814814814880e-06 1.388888888888888797e-07 7.187500000000000217e-06 2.314814814814814771e-08 1.157407407407407386e-08 6.944444444444444777e-06 1.504629629629629684e-07 6.701388888888888490e-06 6.682175925925925393e-04 1.385763888888889015e-04 1.157407407407407386e-08 5.337037037037036620e-04 7.314814814814814770e-06 8.629398148148148626e-04 2.314814814814814771e-08 2.491481481481481672e-03 7.071759259259259330e-06
9.391122685185184643e-03 6.734618055555555323e-03 5.402928240740741128e-03 7.312569444444444455e-03 3.629340277777777773e-03 1.767511574074074124e-03 1.929363425925925950e-03 3.472222222222221992e-08 2.314814814814814771e-08 2.314814814814814771e-08 4.629629629629629543e-08 4.629629629629629543e-08 1.967592592592592705e-07 1.736111111111111194e-07 9.259259259259259085e-08 8.101851851851851534e-08 1.620370370370370307e-07 1.388888888888888797e-07 8.093749999999999545e-05 2.528854166666666663e-03 1.001041666666666573e-03 1.654421296296296195e-03 1.815740740740740813e-03 9.294675925925926282e-04 1.499189814814814797e-04 6.944444444444443983e-08 3.472222222222221992e-08 2.743518518518518507e-04 1.666666666666666747e-05 3.063993055555555480e-03 4.629629629629629543e-08 2.836805555555555738e-04 5.243749999999999930e-04 3.472222222222221992e-08 1.273148148148148174e-07 9.259259259259259085e-08 9.259259259259259085e-08 2.314814814814814771e-08 3.472222222222221992e-08 2.314814814814814771e-08 1.757986111111111099e-04 1.212557870370370352e-03 3.472222222222221992e-08 2.022615740740740624e-03 3.472222222222221992e-08 1.395717592592592604e-04 2.777777777777777593e-07 2.314814814814814771e-08 1.437939814814814853e-03 3.472222222222221992e-08 3.472222222222221992e-08 2.141041666666666527e-03 2.893518518518518481e-07 2.314814814814814771e-08 1.388888888888888797e-07 9.259259259259259085e-08 2.314814814814814771e-08 5.026805555555555194e-03 8.159722222222221978e-06 1.122569444444444483e-04 1.273148148148148174e-07 2.314814814814814771e-08 6.944444444444443983e-08 1.273148148148148174e-07 1.504629629629629684e-07 5.807754629629629508e-04 6.064814814814814880e-06 2.314814814814814771e-08 1.736111111111111194e-07 1.043981481481481534e-05 1.388888888888888797e-07 2.314814814814814771e-08 1.157407407407407386e-08 6.944444444444443983e-08 1.967592592592592705e-07 2.314814814814814771e-08 7.033564814814814541e-05 1.835879629629629580e-03 7.129629629629629350e-06 2.314814814814814838e-07 2.314814814814814771e-08 1.504629629629629684e-07 1.273148148148148174e-07 3.867165509259259254e-02 6.907291666666666398e-04 5.787037037037037094e-08 1.388888888888888797e-07 9.112268518518518677e-05 5.787037037037037094e-08 1.066435185185185156e-04 2.314814814814814771e-08 2.314814814814814771e-08 3.191643518518518571e-03 6.944444444444443983e-08 9.252314814814814939e-05 5.983796296296296682e-06 1.273148148148148174e-07 2.314814814814814771e-08 2.083333333333333327e-07 9.660879629629629721e-05 1.504629629629629684e-07 1.157407407407407386e-08 8.956944444444444025e-04 2.198263888888888978e-04
9.542824074074073796e-04 2.425266203703703785e-03 2.589120370370370534e-03 2.419351851851851785e-03 1.791666666666666736e-05 7.523148148148148367e-06 6.145833333333333077e-06 2.386157407407407584e-03 1.192280092592592653e-03 1.603379629629629729e-03 1.369861111111111193e-03 8.308217592592592304e-04 9.259259259259259085e-08 1.041666666666666664e-07 2.314814814814814771e-08 1.157407407407407386e-08 6.944444444444443983e-08 6.944444444444443983e-08 1.388888888888888797e-07 1.736111111111111194e-07 1.736111111111111194e-07 1.273148148148148174e-07 6.759259259259259357e-06 9.224537037037036449e-06 7.291666666666666381e-07 2.314814814814814771e-08 3.472222222222221992e-08 1.967592592592592705e-07 1.788425925925925838e-04 1.736111111111111194e-07 1.800859953703703650e-02 2.893518518518518481e-07 1.851851851851851817e-07 1.060923611111111095e-02 1.679884259259259221e-03 2.314814814814814771e-08 3.472222222222221992e-08 6.942824074074074566e-04 1.641481481481481394e-03 8.421331018518518965e-03 2.314814814814814838e-07 1.967592592592592705e-07 4.896990740740740384e-04 2.026028900462963023e+00 1.035682870370370403e-03 3.472222222222222389e-07 1.273148148148148174e-07 1.847858796296296229e-03 1.916666666666666725e-05 5.577395833333333511e-03 1.339849537037036964e-03 7.777777777777777473e-06 1.157407407407407419e-07 1.906377314814814740e-03 1.041666666666666664e-07 3.472222222222221992e-08 1.516259259259259209e-02 5.868599537037036754e-03 1.973414351851852065e-03 1.736111111111111194e-07 3.472222222222221992e-08 3.785925925925926090e-03 3.472222222222221992e-08 5.787037037037037094e-08 9.259259259259259085e-08 1.736111111111111194e-07 5.594675925925926335e-04 1.314317129629629689e-03 1.620370370370370307e-07 2.148263888888888847e-04 6.944444444444443983e-08 6.764664351851851568e-03 6.469537037037036663e-03 1.157407407407407386e-08 9.259259259259259085e-08 2.501701388888888811e-03 1.301388888888888929e-04 6.810247222222222119e-01 1.099537037037037106e-03 1.504629629629629684e-07 3.241408564814814847e-02 6.944444444444443983e-08 8.101851851851851534e-08 3.185983796296296133e-03 7.060185185185184818e-06 1.428344907407407471e-03 5.787037037037037094e-08 1.388888888888888797e-07 1.157407407407407386e-08 1.388888888888888797e-07 1.097800925925925897e-03 1.359942129629629565e-03 1.388888888888888797e-07 2.314814814814814771e-08 1.504629629629629684e-07 3.811458333333333256e-04 5.787037037037037094e-08 2.104062500000000030e-03 5.787037037037037094e-08 1.388888888888888797e-07 5.787037037037037094e-08 1.906307870370370274e-03 6.678240740740741160e-06 7.152777777777777528e-06
8.402777777777777418e-06 6.620370370370370292e-06 6.400462962962963030e-06 8.020833333333332913e-06 6.467939814814814819e-04 6.746990740740740899e-04 1.174293981481481456e-03 4.167197662037037453e+00 3.810290960648148317e+00 3.798857407407407294e+00 3.833645069444444609e+00 3.882927384259259096e+00 2.314814814814814771e-08 2.314814814814814771e-08 2.314814814814814771e-08 2.314814814814814771e-08 2.314814814814814771e-08 1.157407407407407386e-08 6.944444444444443983e-08 1.041666666666666664e-07 6.944444444444443983e-08 5.787037037037037094e-08 1.217708333333333365e-04 1.121759259259259194e-03 2.083333333333333327e-07 2.314814814814814771e-08 5.137152777777777594e-04 1.273148148148148174e-07 1.157407407407407419e-07 6.944444444444443983e-08 6.000430069444444570e+00 1.504629629629629684e-07 9.259259259259259085e-08 4.073136990740740870e+00 1.960444097222222293e-01 2.314814814814814771e-08 3.472222222222221992e-08 3.841018275462963150e+00 3.986031273148148202e+00 2.883262048611110906e+00 1.157407407407407419e-07 2.083333333333333327e-07 4.148727858796296353e+00 2.153715277777777833e-03 4.314454375000000397e+00 7.754629629629629931e-07 3.472222222222221992e-08 6.411860925925926047e+00 8.003935185185185328e-04 5.917040393518518293e+00 4.850432222222222478e+00 5.611921296296295842e-04 4.629629629629629543e-08 3.927741331018518522e+00 3.472222222222221992e-08 3.472222222222221992e-08 3.984980057870370462e+00 1.004629629629629548e-05 2.314814814814814771e-08 8.101851851851851534e-08 3.472222222222221992e-08 3.913267465277777912e+00 2.314814814814814771e-08 3.472222222222221992e-08 1.157407407407407386e-08 8.101851851851851534e-08 1.620370370370370307e-07 2.943209259259259358e+00 3.472222222222221992e-08 6.365740740740740340e-06 1.157407407407407386e-08 5.972825231481481145e-01 5.596814745370370048e+00 2.314814814814814771e-08 4.629629629629629543e-08 3.902996828703703791e+00 5.555555555555555187e-07 1.273148148148148174e-07 1.388888888888888797e-07 1.157407407407407386e-08 4.047518842592592314e+00 3.472222222222221992e-08 6.944444444444443983e-08 1.026620370370370359e-05 5.262615740740740665e-04 4.158419722222221893e+00 2.314814814814814771e-08 5.787037037037037094e-08 2.314814814814814771e-08 6.944444444444443983e-08 3.927725833333333139e+00 4.892156666666666709e+00 9.259259259259259085e-08 4.629629629629629543e-08 9.259259259259259085e-08 2.430555555555555460e-07 3.472222222222221992e-08 1.832191666666666663e+00 3.472222222222221992e-08 8.101851851851851534e-08 2.314814814814814771e-08 3.768951539351852009e+00 1.057523148148148146e-04 1.842430555555555488e-03
7.081249999999999871e-04 1.658750000000000068e-03 2.610532407407407333e-04 1.807326388888888915e-03 1.736111111111111194e-07 1.620370370370370307e-07 1.388888888888888797e-07 3.226620370370370471e-04 6.944444444444443983e-08 6.944444444444443983e-08 4.496412037037037261e-04 2.481712962962963017e-04 2.314814814814814771e-08 4.629629629629629543e-08 1.646851851851851819e-03 1.394965277777777740e-03 2.314814814814814771e-08 2.314814814814814771e-08 1.157407407407407386e-08 1.157407407407407386e-08 1.157407407407407386e-08 2.314814814814814771e-08 1.273148148148148174e-07 1.967592592592592705e-07 5.787037037037037094e-08 2.369513888888888885e-03 5.520158055555555165e+00 4.629629629629629543e-08 6.018518518518518736e-07 2.314814814814814771e-08 2.652314814814814704e-04 6.944444444444443983e-08 3.472222222222221992e-08 3.585532407407407180e-04 1.651620370370370474e-05 6.558530092592592363e-03 1.115208333333333286e-03 1.737268518518518578e-04 6.539004629629630071e-04 6.944444444444443983e-08 3.472222222222221992e-08 2.314814814814814771e-08 3.768518518518518485e-04 1.754629629629629652e-05 3.099189814814814928e-04 4.629629629629629543e-08 2.314814814814814771e-08 3.126273148148147880e-04 4.861111111111110921e-07 5.042708333333333504e-04 2.633564814814814926e-04 1.736111111111111194e-07 3.472222222222221992e-08 4.315393518518518428e-04 1.661006944444444336e-03 4.284108796296296276e-03 6.620949074074073586e-04 1.320092592592592541e-03 1.736111111111111194e-07 2.314814814814814771e-08 4.270833333333333242e-05 9.310300925925925645e-04 4.693171296296296414e-04 2.314814814814814771e-08 2.314814814814814771e-08 2.314814814814814771e-08 6.944444444444443983e-08 9.259259259259259085e-08 3.472222222222221992e-08 9.900115740740741445e-04 2.314814814814814771e-08 9.976851851851851794e-06 2.124652777777777824e-04 2.586250000000000007e-03 2.314814814814814771e-08 1.476863425925925956e-03 1.504629629629629684e-07 5.787037037037037094e-08 5.787037037037037094e-08 6.944444444444443983e-08 1.031134259259259309e-04 2.314814814814814771e-08 1.157407407407407386e-08 1.064004629629629670e-04 2.314814814814814771e-08 4.744097222222222032e-04 2.314814814814814771e-08 2.314814814814814771e-08 1.103923611111111078e-03 3.472222222222221992e-08 1.158368055555555496e-03 3.012615740740740727e-04 1.157407407407407386e-08 3.939618055555555581e-03 2.314814814814814771e-08 6.944444444444443983e-08 1.157407407407407386e-08 7.418981481481481145e-06 1.157407407407407386e-08 2.314814814814814771e-08 1.157407407407407386e-08 6.944444444444443983e-08 1.273148148148148174e-07 2.314814814814814771e-08
2.662037037037037235e-07 1.388888888888888797e-07 1.388888888888888797e-07 1.504629629629629684e-07 8.101851851851851534e-08 6.944444444444443983e-08 5.787037037037037094e-08 5.874558796296296403e-01 5.200203807870370731e+00 5.143568842592592283e+00 2.953355682870370202e+00 9.021342372685184685e+00 1.171956018518518572e-03 2.802048611111111059e-03 4.916410694444444118e+00 3.777210567129629659e+00 1.057847222222222175e-03 1.042256944444444394e-03 2.314814814814814771e-08 2.314814814814814771e-08 2.314814814814814771e-08 1.157407407407407386e-08 6.944444444444443983e-08 1.273148148148148174e-07 5.787037037037037094e-08 4.905813703703703510e+00 4.086689814814814807e-04 5.787037037037037094e-08 4.398148148148147900e-07 2.314814814814814771e-08 6.041111111111110814e-03 1.273148148148148174e-07 2.314814814814814771e-08 1.897391747685185148e+00 1.263773148148148145e-04 4.636781585648147797e+00 1.422453703703703770e-05 3.215740740740740582e-04 8.731355092592593126e-01 3.472222222222221992e-08 3.472222222222221992e-08 2.314814814814814771e-08 3.739797592592592590e+00 8.787847222222222067e-04 8.744919629629629654e+00 4.629629629629629543e-08 1.096702546296296314e-02 8.902893518518518534e-04 1.736111111111111194e-07 2.940072916666666702e-01 7.033842592592592403e-03 9.259259259259259085e-08 1.499479166666666755e-03 1.080511836805555603e+01 3.277868356481481449e+00 4.085088229166666807e+00 6.798368055555555678e+00 2.662037037037037235e-07 9.259259259259259085e-08 2.314814814814814771e-08 5.052500763888889246e+00 2.875517245370370567e+00 4.227707118055555213e+00 1.257857291666666655e-01 5.720104166666666740e-03 2.314814814814814771e-08 1.157407407407407386e-08 2.314814814814814771e-08 1.116134259259259206e-03 2.314814814814814771e-08 4.405624999999999819e-03 2.998726851851851922e-04 2.402110069444444440e-01 4.053973854166666335e+00 2.735034722222222034e-03 1.359698611111111177e-01 1.388888888888888797e-07 2.314814814814814771e-08 1.157407407407407386e-08 1.586469907407407317e-03 1.617855324074074161e-02 6.666435185185185614e-04 2.145740740740740594e-03 1.504629629629629684e-07 1.388888888888888797e-07 2.993457013888888962e+00 5.293611111111110913e-03 2.314814814814814771e-08 3.775528275462963101e+00 1.157407407407407386e-08 1.316045326388888803e+01 2.418125520833333297e+01 2.314814814814814771e-08 4.115290092592592153e+00 2.314814814814814771e-08 2.314814814814814771e-08 3.687557870370370555e-03 1.259490740740740872e-04 2.184664351851851698e-03 2.314814814814814771e-08 2.485729166666666469e-03 2.563386111111111143e-01 5.787037037037037094e-08 1.504629629629629684e-07
1.504629629629629684e-07 8.101851851851851534e-08 5.787037037037037094e-08 6.944444444444443983e-08 2.314814814814814771e-08 1.157407407407407386e-08 2.314814814814814771e-08 6.944444444444443983e-08 6.944444444444443983e-08 5.324074074074074470e-07 3.125000000000000256e-07 1.273148148148148174e-07 3.987052395833333485e+00 3.879993032407407227e+00 2.759606481481481697e-04 2.814351851851851845e-04 5.949105729166666912e+00 3.667859513888888756e+00 8.268865740740740690e-04 3.055995370370370376e-03 6.897569444444444451e-04 1.114247685185185133e-03 2.314814814814814771e-08 2.314814814814814771e-08 9.154166666666667005e-04 3.917245370370370521e-04 2.115298761574074149e+00 4.997395833333333724e-03 3.240740740740740614e-07 1.025821759259259308e-03 1.157407407407407419e-07 9.670601851851851668e-04 3.170486111111111009e-04 1.516203703703703720e-06 3.723507106481481532e+00 2.148726851851851861e-04 1.426388888888888986e-04 4.372222222222222005e-04 1.388888888888888797e-07 1.156249999999999983e-05 8.506597222222222685e-04 9.174305555555555556e-04 2.662037037037037235e-07 1.620370370370370307e-07 1.412037037037037133e-06 8.734953703703703977e-04 1.419588194444444396e-01 1.028124999999999986e-04 6.944444444444443983e-08 8.657407407407408218e-06 3.863888888888889145e-04 2.314814814814814771e-08 3.761081099537037176e+00 8.101851851851851534e-08 9.027662037037036949e-04 3.575115740740740576e-04 8.101851851851851534e-08 1.504629629629629684e-07 1.157407407407407386e-08 2.539120370370370403e-03 1.212974537037036929e-03 6.944444444444443983e-08 1.093784722222222120e-03 4.629629629629629543e-08 4.797677361111110983e+00 2.402002314814814712e-03 2.314814814814814771e-08 9.606481481481480954e-06 5.641745173611111497e+00 1.273148148148148174e-07 4.822683611111111546e+00 3.115125428240740568e+00 5.787037037037037094e-08 4.208333333333333349e-04 3.759214467592592701e+00 7.870370370370370183e-06 3.472222222222221992e-08 2.314814814814814771e-08 2.314814814814814771e-08 3.862674733796296334e+00 3.104861111111110973e-04 4.028940729166667012e+00 3.974812939814814872e+00 5.787037037037037094e-08 8.101851851851851534e-08 5.787037037037037094e-08 3.954799155092592500e+00 1.903194444444444551e-03 3.307638888888889041e-04 6.076620370370370899e-04 6.944444444444443983e-08 6.909722222222222087e-06 1.242824074074073981e-04 6.784143518518518127e-04 3.846874999999999926e-04 3.472222222222221992e-08 2.792110879629629561e-01 3.874490787037037087e+00 3.685536354166666584e+00 9.838310185185184312e-04 3.609729699074073928e+00 6.944444444444443983e-08 2.314814814814814771e-08 5.787037037037037094e-08
5.787037037037037094e-08 3.472222222222221992e-08 2.314814814814814771e-08 2.314814814814814771e-08 2.314814814814814771e-08 3.472222222222221992e-08 1.157407407407407386e-08 2.314814814814814771e-08 1.157407407407407386e-08 2.314814814814814771e-08 3.472222222222221992e-08 3.472222222222221992e-08 8.582060185185185625e-04 3.136111111111111326e-04 1.325769560185185159e-01 2.342122980324074177e+01 2.549421296296296483e-04 6.944444444444443983e-08 4.285643715277777765e+00 3.585154803240740762e+00 3.989466365740740539e+00 3.971403807870370173e+00 2.314814814814814771e-08 2.314814814814814771e-08 3.991673622685185219e+00 7.046490115740740912e+00 2.569444444444444313e-06 3.911840231481481300e+00 1.388888888888888797e-07 5.916026562499999919e+00 3.472222222222221992e-08 4.257248807870370300e+00 4.726871724537036634e+00 4.629629629629629543e-08 3.229166666666666644e-04 2.181846249999999987e+00 3.942129629629629629e-04 1.399886820601851767e+01 5.787037037037037094e-08 3.071296296296296361e-04 4.189803506944444145e+00 4.010855104166666685e+00 3.472222222222221992e-08 2.083333333333333327e-07 3.472222222222221992e-08 6.326047106481481386e+00 2.400925925925925818e-04 8.122719444444443937e-01 5.787037037037037094e-08 8.589004629629630027e-04 5.909127986111110786e+00 2.314814814814814771e-08 3.511805555555555340e-04 3.472222222222221992e-08 1.703472881944444461e+00 1.063970474537037081e+00 3.472222222222221992e-08 3.472222222222221992e-08 2.314814814814814771e-08 5.688358807870370626e+00 7.486020717592593021e-01 2.314814814814814771e-08 5.962023738425926034e+00 5.787037037037037094e-08 6.840277777777777555e-06 4.013848009259259442e+00 7.249074074074074014e-04 5.582881944444444133e-03 4.948263888888889414e-04 6.944444444444443983e-08 2.030324074074074149e-04 3.467824074074074125e-04 1.157407407407407386e-08 1.883663078703703642e+00 2.123611111111111110e-04 1.200000000000000030e-04 7.435532407407406978e-04 2.758449074074074297e-04 1.298217592592592565e-03 2.053356481481481471e-04 8.392939814814814447e-04 2.912268518518518678e-04 2.859606481481481418e-04 1.157407407407407386e-08 2.314814814814814771e-08 2.314814814814814771e-08 6.709374999999999844e-04 5.892939722222222620e+00 2.155610497685185312e+00 3.718858356481481664e+00 2.314814814814814771e-08 1.156597222222222244e-04 3.950886851851851844e+00 2.918392835648148331e+00 4.296347222222222234e-02 1.199668981481481420e-02 7.962962962962962893e-06 1.041666666666666664e-07 6.944444444444443983e-08 3.775526412037037094e+00 6.944444444444443983e-08 2.314814814814814771e-08 1.157407407407407386e-08 3.472222222222221992e-08
4.629629629629629543e-08 2.314814814814814771e-08 1.157407407407407386e-08 1.157407407407407386e-08 2.609756944444444494e-03 4.884606481481481308e-04 6.726736111111110850e-04 9.722222222222222688e-06 1.050925925925925903e-05 8.333333333333333733e-06 1.237268518518518520e-05 1.087962962962962987e-05 2.870919178240740610e+00 1.067122835648148138e+00 1.125000000000000071e-05 8.043981481481481938e-06 9.060456597222221742e-01 9.069837743055556345e+00 2.391666666666666615e-04 8.101851851851851534e-08 2.803356481481481541e-04 2.546238425925925752e-03 6.140347222222222387e-03 8.280439814814814694e-04 3.952546296296296233e-04 1.388888888888888797e-07 3.472222222222221992e-08 2.062731481481481360e-04 4.326342592592592566e-03 2.472106481481481485e-04 9.803240740740740039e-06 3.128472222222222266e-04 2.087962962962963069e-04 2.357638888888888786e-05 1.003178670138888862e+01 1.041666666666666664e-07 3.706879236111110920e+00 2.893518518518518481e-07 1.190972222222222165e-05 1.127986111111111073e-03 1.277094907407407345e-03 3.678935185185185368e-04 8.993055555555556368e-06 6.944444444444443983e-08 1.403935185185185228e-05 3.890162037037037026e-04 3.028685752314814739e+00 9.895833333333332749e-06 6.288194444444444343e-04 7.953131875000000406e+00 4.513888888888888788e-07 1.437569444444444441e-03 6.021671215277777378e+00 9.108796296296296408e-06 4.217708333333333509e-04 5.787037037037037094e-08 8.784722222222221923e-06 2.314814814814814771e-08 4.228287037037037344e-03 4.634837962962963108e-04 1.388888888888888797e-07 1.072916666666666714e-05 1.041666666666666664e-07 1.388888888888888797e-07 3.837523148148148065e-03 7.487268518518518752e-04 3.704424386574074024e+00 1.128881238425925915e+00 6.081267129629629231e+00 2.314814814814814771e-08 7.254612881944444425e+00 3.958787800925926081e+00 9.282407407407408163e-06 5.787037037037037094e-08 1.611155863425926071e+01 9.192779652777778310e+00 4.168587939814814902e+00 4.897015474537036894e+00 3.714108437500000193e+00 4.108067048611110827e+00 8.988425925925926563e-05 8.809480486111111119e+00 1.034989537037037000e+00 2.314814814814814771e-08 1.157407407407407386e-08 7.384259259259259303e-06 1.625975231481481542e-01 6.327546296296296228e-05 5.787037037037037094e-08 4.042013888888888935e-04 8.159722222222221978e-06 5.910367893518518656e+00 1.473611111111111031e-04 6.944444444444443983e-08 7.210648148148148395e-06 4.189165694444444199e+00 9.915509259259259166e-05 2.230401782407407385e+00 4.199844016203703845e+00 9.259259259259259085e-08 1.607948552083333382e+01 7.766203703703703808e-06 3.085868055555555673e-03 2.314814814814814771e-08
1.751064814814814888e-03 1.870474537037037028e-03 1.002083333333333342e-03 9.723379629629629343e-04 4.090501261574074121e+00 3.596522638888888679e+00 3.624054212962962929e+00 2.026168981481481658e-03 3.012037037037037027e-04 6.293981481481481074e-05 1.042013888888888981e-03 1.808680555555555616e-04 3.125000000000000256e-07 4.629629629629629675e-07 1.386111111111111073e-04 9.047453703703703441e-05 8.101851851851851534e-08 5.787037037037037094e-08 2.746352268518518436e+00 1.013999938657407363e+01 2.890839386574074243e+00 8.889344548611111563e+00 5.156711736111111222e+00 3.760798460648147934e+00 2.070918055555555637e-01 2.314814814814814771e-08 9.594907407407407288e-06 1.051348032407407457e-01 2.721036435185185010e+00 1.020411736111111134e+00 1.951504629629629694e-04 2.742560104166666513e+00 1.020545451388888969e+00 2.541400462962962754e-03 2.083333333333333327e-07 5.787037037037037094e-08 2.253819444444444468e-04 3.472222222222221992e-08 2.451875000000000061e-03 4.806563657407407486e-02 4.942635555555555449e+00 2.371216078703703545e+01 3.659374999999999976e-04 3.472222222222221992e-08 1.140972222222222203e-04 2.066307336805555650e+01 1.244560185185185136e-03 1.374189814814814740e-04 4.143750509259259474e+00 1.157407407407407419e-07 1.157407407407407386e-08 3.818195439814815018e+00 2.083333333333333327e-07 2.166782407407407524e-04 4.653040972222222127e-01 2.314814814814814771e-08 9.412037037037037279e-05 7.795949074074074499e-04 2.101053009259259419e+00 3.096590451388888887e+00 2.314814814814814771e-08 9.976041666666666044e-04 3.472222222222221992e-08 3.404566990740740540e+00 8.370370370370370139e-05 1.843509097222222115e+00 3.253009259259259309e-04 2.486747685185185155e-03 5.787037037037037094e-08 2.314814814814814771e-08 5.787037037037037094e-08 1.967592592592592705e-07 6.362615740740740298e-04 2.314814814814814771e-08 6.446759259259259385e-06 1.851851851851851817e-07 4.659374999999999888e-04 3.635185185185184982e-04 4.045486111111111136e-04 4.629629629629629543e-08 1.093928204861111197e+01 6.944444444444443983e-08 5.787037037037037094e-08 1.253541666666666693e-03 3.298483796296296320e-03 1.319328703703703635e-04 5.787037037037037094e-08 2.434995949074074129e-01 1.157407407407407386e-08 7.339868935185185350e+00 1.264814814814814860e-04 8.101851851851851534e-08 3.079444444444444547e-03 1.157407407407407386e-08 1.741782407407407494e-04 9.791898148148148965e-04 5.421130671296295889e-01 5.787037037037037094e-08 6.944444444444443983e-08 9.094553703703704528e+00 1.041666666666666664e-07 8.634259259259259871e-05 3.436999583333333330e+00 1.099659722222222184e-02
5.723967037037037464e+00 3.762879178240740696e+00 3.643268472222222165e+00 3.594535104166666883e+00 3.568865740740740831e-04 6.944444444444443983e-08 6.944444444444443983e-08 4.446481481481481812e-03 1.263912037037037131e-03 6.434918981481481566e-03 6.106597222222221811e-04 6.416666666666666873e-04 4.629629629629629543e-08 4.629629629629629543e-08 1.009116484953703718e+01 7.754530694444444094e+00 2.314814814814814771e-08 3.472222222222221992e-08 6.944444444444443983e-08 6.944444444444443983e-08 1.388888888888888797e-07 6.944444444444443983e-08 3.590393518518518695e-04 6.944444444444443983e-08 6.944444444444443983e-08 9.386574074074074538e-06 1.926041666666666614e-04 1.157407407407407419e-07 6.944444444444443983e-08 6.944444444444443983e-08 1.281724537037036947e-03 1.273148148148148174e-07 9.259259259259259085e-08 1.030613425925925924e-03 4.629629629629629543e-08 1.123842592592592535e-05 1.004306130787037077e+01 1.175925925925925892e-05 1.404861111111111067e-03 1.218519675925925846e-02 8.101851851851851534e-08 3.587962962962962747e-07 6.929282407407407005e-04 2.195694444444444560e-03 4.962442129629630015e-03 6.944444444444443983e-08 1.096600276620370451e+01 5.773600555555555403e+00 3.576504629629629890e-04 3.472222222222221992e-08 1.024305555555555626e-05 3.852662037037036928e-04 1.736111111111111194e-07 2.996685185185185216e-02 8.379629629629630088e-06 1.050925925925925903e-05 3.240868055555555429e-03 7.141787071759258865e+00 2.314814814814814771e-08 1.157407407407407419e-07 1.020833333333333357e-05 3.102280092592592676e-03 9.907407407407408108e-06 5.787037037037037094e-08 3.434479166666666861e-01 6.157407407407407590e-06 6.945398078703703959e+00 7.586805555555555729e-05 2.314814814814814771e-08 3.759606481481481393e-03 2.314814814814814771e-08 1.157407407407407419e-07 7.635185185185184957e-03 1.035879629629629630e-05 9.958333333333333252e-05 2.314814814814814771e-08 3.977984525462963106e+00 1.261431041666666752e+00 2.062624710648148341e+00 2.314814814814814771e-08 5.787037037037037094e-08 1.157407407407407386e-08 2.314814814814814771e-08 3.921472280092592744e+00 4.939502662037036806e+00 2.273831018518518345e-03 2.314814814814814771e-08 3.759837962962962981e-04 8.483796296296296463e-06 5.787037037037037094e-08 1.182668981481481418e-02 2.314814814814814771e-08 5.826041666666667085e-04 7.974537037037036558e-06 7.937104212962962535e+00 8.705182997685184887e+00 8.101851851851851534e-08 3.472222222222221992e-08 2.314814814814814771e-08 5.787037037037037094e-08 3.472222222222221992e-08 2.090312500000000157e-03 9.259259259259259085e-08 3.848998784722222233e+00
3.707407407407407635e-04 2.328703703703703708e-04 8.101851851851851534e-08 8.101851851851851534e-08 5.820059490740741026e+00 4.109455162037036757e+00 3.158695289351852065e+00 1.175709027777777776e-01 2.512791666666666646e-02 2.534733796296296214e-03 1.882309664351851763e+00 2.936874363425925782e+00 1.043981481481481534e-05 1.164351851851851888e-05 9.259259259259259085e-08 8.101851851851851534e-08 1.025462962962962992e-05 1.173611111111111159e-05 2.314814814814814771e-08 1.157407407407407386e-08 2.314814814814814771e-08 1.157407407407407386e-08 6.816908217592592578e+00 5.057456805555555768e+00 2.314814814814814771e-08 1.231851851851851814e-03 2.350081018518518708e-03 4.629629629629629543e-08 1.157407407407407386e-08 2.314814814814814771e-08 2.844787476851851959e+00 3.472222222222221992e-08 3.472222222222221992e-08 2.171688125000000191e+00 1.049768518518518536e-05 3.966469907407407271e-03 1.388888888888888797e-07 1.109351851851851818e-03 8.291812152777777722e-01 9.259259259259259085e-08 3.472222222222221992e-08 3.472222222222221992e-08 1.127820254629629676e-01 6.917735243055555650e+00 3.964606006944444427e+00 2.314814814814814771e-08 2.314814814814814838e-07 9.259259259259259085e-08 9.112158101851851599e-01 1.406249999999999962e-05 3.196759259259259161e-05 9.874152662037037231e+00 8.981481481481481008e-06 6.005943333333333634e+00 2.555671296296296228e-04 3.054398148148147827e-05 1.059525636574074170e+00 1.811481481481481406e-03 1.818935185185185151e-03 3.472222222222221992e-08 2.032314814814814921e-03 1.736111111111111194e-07 6.817129629629629039e-05 1.157407407407407386e-08 4.375694444444444206e-04 8.598379629629629645e-05 5.787037037037037094e-08 2.603568287037037049e-02 8.935185185185184653e-06 5.195594444444444626e+00 8.773148148148148258e-06 9.525462962962963603e-06 1.869859930555555660e+00 9.682060185185185257e-04 8.097777106481482079e+00 9.374999999999999179e-06 5.787037037037037094e-08 1.157407407407407419e-07 1.041666666666666664e-07 1.018518518518518454e-05 1.157407407407407386e-08 8.912037037037037323e-06 7.824074074074073828e-06 2.397222222222222246e-04 6.944444444444443983e-08 3.963254293981481435e+00 9.652777777777777309e-06 1.741901828703703803e+00 3.655092592592592703e-04 2.314814814814814771e-08 1.984825000000000061e-01 8.310185185185184708e-06 5.926085150462962581e+00 2.818287037037036925e-05 1.620370370370370307e-07 8.715277777777778238e-06 1.157407407407407386e-08 9.270833333333332804e-06 1.019675925925925990e-05 1.157407407407407386e-08 8.680555555555555548e-06 2.841337962962962871e-02 1.146476759259259293e+00 8.101851851851851534e-08
1.124201030092592646e+00 9.856940277777778148e-01 1.216805218750000073e+01 8.116604386574074681e+00 6.944444444444443983e-08 5.787037037037037094e-08 5.787037037037037094e-08 6.944444444444443983e-08 1.504629629629629684e-07 4.629629629629629543e-08 5.795138888888888654e-05 1.366550925925925951e-04 1.711342592592592483e-04 6.213657407407406890e-04 1.620370370370370307e-07 1.157407407407407386e-08 3.872696759259259321e-03 1.890624999999999944e-04 8.923611111111110988e-06 9.317129629629629159e-06 8.611111111111111863e-06 8.506944444444443793e-06 6.944444444444443983e-08 9.259259259259259085e-08 1.003472222222222181e-05 3.565960648148147963e-03 4.092085648148147820e-02 1.027777777777777725e-05 1.008101851851851817e-05 9.571759259259259958e-06 6.303240740740741362e-05 1.097222222222222258e-05 1.100694444444444527e-05 1.369777777777777747e-02 3.095046296296296261e-03 2.496388888888888703e-03 3.472222222222221992e-08 1.389583333333333382e-03 4.387731481481481496e-05 6.018518518518518736e-07 1.033564814814814897e-05 1.245370370370370424e-05 1.273148148148148174e-07 5.764351851851851451e-04 3.738749999999999886e-03 9.201388888888889118e-06 3.472222222222221992e-08 5.787037037037037094e-08 1.157407407407407419e-07 4.026620370370370265e-05 1.075590277777777742e-03 1.504629629629629684e-07 1.296689814814814753e-03 9.259259259259259085e-08 6.782972268518518533e+00 8.465046296296296685e-04 1.579131944444444463e-02 1.727315925925925866e+00 8.182870370370371003e-06 1.012731481481481452e-05 5.005960648148148270e-03 5.787037037037037094e-08 1.568425925925926020e-03 7.974537037037036558e-06 3.908564814814815153e-05 1.103039096064814828e+01 1.157407407407407386e-08 6.944444444444443983e-08 5.824537037037037356e-04 2.866087962962963077e-04 7.258101851851852116e-05 7.911574074074074125e-04 8.101851851851851534e-08 1.037458333333333288e-02 1.041666666666666664e-07 9.340509259259259555e-04 1.157407407407407386e-08 2.314814814814814771e-08 3.472222222222221992e-08 3.201388888888888627e-05 8.368055555555554728e-06 6.533564814814814584e-05 6.439814814814814339e-05 3.073682337962962752e+00 2.314814814814814771e-08 1.551811342592592652e-02 6.884259259259259346e-05 2.777777777777777593e-07 1.281909722222222261e-03 8.182870370370371003e-06 1.816666666666666733e-04 1.268379629629629718e-03 5.787037037037037094e-08 1.067638888888888804e-03 2.314814814814814771e-08 1.304490740740740827e-03 1.028935185185185261e-05 2.093333333333333331e-03 2.134259259259259424e-05 9.074074074074073718e-06 2.800925925925925919e-05 1.388888888888888797e-07 8.101851851851851534e-08 8.106647199074073384e+00
6.944444444444443983e-08 5.787037037037037094e-08 8.101851851851851534e-08 5.787037037037037094e-08 2.314814814814814771e-08 3.472222222222221992e-08 2.314814814814814771e-08 1.157407407407407386e-08 3.472222222222221992e-08 2.314814814814814771e-08 1.200842013888888948e-01 1.562569097222222259e-01 7.807581018518518386e-03 1.960208333333333334e-03 9.780092592592592708e-06 8.831018518518518278e-06 4.084710648148148077e-03 1.963437499999999905e-03 3.006979166666666481e-03 2.910937499999999897e-03 6.705335648148147767e-03 1.389699074074073960e-04 1.157407407407407386e-08 2.314814814814814771e-08 1.283680555555555595e-04 8.397812384259258911e-01 5.913194444444444444e-05 1.056134259259259239e-04 1.329050925925925853e-04 5.374305555555555346e-04 1.472009027777777812e-01 1.021990740740740791e-04 1.091666666666666729e-04 2.901156180555555686e+00 4.623055555555555599e-03 1.756640266203703726e+00 1.030092592592592628e-05 9.730686921296296532e-01 3.031775462962962853e-02 2.314814814814814771e-08 3.701388888888888719e-04 2.060879629629629520e-03 3.472222222222221992e-08 1.377509087962963008e+01 9.190956134259259391e-01 5.370370370370370402e-05 1.050925925925925903e-05 1.012731481481481452e-05 3.472222222222221992e-08 1.932118055555555628e-03 1.221369293981481530e+00 5.787037037037037094e-08 5.601851851851851838e-05 2.314814814814814771e-08 4.282407407407407542e-07 1.624035196759259225e+00 8.965903935185185469e-01 1.388888888888888797e-07 1.327083333333333381e-04 6.833333333333333186e-05 1.834832638888888867e-01 5.787037037037037094e-08 5.767574780092592945e+00 2.439814814814814689e-05 2.720254629629629542e-04 5.787037037037037094e-08 9.317129629629629159e-06 3.472222222222221992e-08 4.870925925925926117e-03 1.732885844907407380e+00 3.693298611111111174e-03 1.655659722222222211e-03 2.314814814814814771e-08 4.083043425925925618e+00 1.157407407407407386e-08 2.528518518518518485e-03 9.513888888888888244e-06 1.120370370370370435e-05 9.189814814814815453e-06 6.944444444444443983e-08 1.659722222222222209e-05 1.958576388888889040e-03 2.089432870370370402e-03 1.041666666666666664e-07 9.502314814814814578e-06 8.101851851851851534e-08 1.000081018518518420e-03 1.157407407407407386e-08 3.826085960648148099e+00 3.188541666666666673e-04 9.152069444444443924e-01 1.923148148148148221e-03 1.157407407407407386e-08 2.094826388888888693e-03 1.042824074074073998e-05 5.074400624999999998e+00 7.813310185185185506e-04 1.564988425925925835e-03 1.520300925925926029e-03 1.571747685185185140e-03 2.439375000000000137e-03 1.157407407407407386e-08 2.314814814814814771e-08 4.629629629629629543e-08
1.157407407407407419e-07 1.157407407407407386e-08 2.314814814814814771e-08 3.472222222222221992e-08 1.283564814814814875e-05 9.722222222222222688e-06 8.692129629629629213e-06 2.314814814814814771e-08 4.629629629629629543e-08 1.157407407407407386e-08 1.448734953703703643e-02 1.219407407407407419e-02 9.231815740740740850e-01 4.023476134259259318e+00 2.179398148148148243e-04 1.879629629629629641e-05 5.787037037037037094e-08 6.944444444444443983e-08 3.040821759259259172e-03 1.892673611111111032e-03 5.556712962962962951e-04 2.671851851851851905e-03 8.518518518518519153e-06 8.784722222222221923e-06 2.995578703703703858e-03 1.592824074074074086e-04 5.626290509259259526e-02 4.008009259259258904e-03 9.889861111111111422e-03 9.570023148148148247e-04 2.281251157407407359e-02 2.467604166666666557e-03 1.484745370370370429e-03 8.449074074074074197e-07 2.117184490740740832e-01 1.575578703703703766e-04 1.683680555555555560e-04 1.089548611111111100e-02 1.220513888888888863e-02 2.289456018518518359e-03 4.191539351851851676e-03 1.244525462962962903e-03 3.472222222222221992e-08 8.101851851851851534e-08 9.259259259259259085e-08 9.467939814814815098e-04 4.957951388888888478e-03 3.354166666666666429e-05 1.061342592592592540e-05 5.862360613425925848e+00 1.157407407407407419e-07 1.023148148148148090e-05 1.041666666666666664e-07 2.314814814814814771e-08 4.629629629629629543e-08 5.905092592592592370e-05 2.083333333333333327e-07 3.472222222222221992e-08 7.608810648148147671e-01 2.552106481481481587e-03 1.041666666666666664e-07 5.620995370370369948e-03 2.693981481481481661e-04 1.711608796296296359e-03 1.686834212962962987e+00 2.314814814814814771e-08 8.951041666666666608e-04 8.101851851851851534e-08 2.231474004629629526e+00 6.481481481481481227e-07 2.737143032407407528e+00 5.948837546296296352e+00 1.157407407407407386e-08 5.787037037037037094e-08 8.368055555555554728e-06 3.883729467592592410e+00 2.572476851851851834e-03 3.945833333333333202e-04 4.990462962962963038e-03 2.314814814814814771e-08 1.331793981481481544e-03 2.021230011574074226e+00 1.985654120370370368e+00 4.629629629629629543e-08 1.684259259259259260e-04 2.314814814814814771e-08 3.823757094907407339e+00 9.074074074074073718e-06 6.944444444444443983e-08 5.925810185185185434e-04 5.787037037037037094e-08 1.969033865740740685e+00 7.581018518518518388e-06 6.944444444444443983e-08 5.917361111111111302e-04 9.259259259259259085e-08 5.787037037037037094e-08 6.585533564814814722e-02 1.114109398148148244e+00 1.170902777777777870e-03 9.259259259259259085e-08 5.787037037037037094e-08 1.155092592592592617e-05 2.314814814814814771e-08
9.328703703703704518e-06 1.141203703703703710e-05 1.084490740740740718e-05 1.059027777777777807e-05 1.172916666666666671e-04 6.658564814814814912e-05 7.422453703703703245e-05 8.859143518518518149e-04 1.214837962962962920e-03 9.539236111111111180e-04 8.101851851851851534e-08 1.041666666666666664e-07 3.813425925925925729e-04 4.700231481481481638e-05 5.405428240740741026e-03 8.001851851851851357e-04 3.472222222222221992e-08 2.314814814814814771e-08 3.871505104166666822e+00 1.284513194444444339e-01 1.286550925925926013e-03 9.312907407407406968e-01 1.065277777777777756e-04 1.274768518518518449e-04 2.785788796296296166e+00 2.657340740740740670e-01 3.282413194444444571e-02 1.737483680555555465e-01 1.694198148148148286e-01 5.842441574074074495e+00 8.522627314814814475e-03 7.634399305555555904e-02 1.947276736111111239e-01 2.893518518518518481e-07 1.245138888888888782e-04 5.374430555555555211e-02 2.205856481481481383e-03 9.259259259259259085e-08 9.259259259259259085e-08 6.545767361111111404e-02 1.026106412037037119e+00 3.187875069444444431e+00 1.238784722222222284e-03 5.787037037037037094e-08 2.314814814814814771e-08 6.868742719907407590e+00 1.900578703703703805e-03 9.900462962962963773e-04 1.196064814814814815e-04 1.157407407407407419e-07 3.472222222222221992e-08 3.764236111111111211e-04 2.314814814814814771e-08 8.275462962962963035e-05 1.251157407407407426e-05 8.075279155092593086e+00 3.472222222222221992e-08 9.409722222222221868e-06 1.736111111111111194e-07 1.229709027777777797e-01 5.787037037037037094e-08 1.791784722222222390e-02 2.340730902777777844e-01 5.787037037037037094e-08 6.944444444444443983e-08 9.629629629629629978e-06 1.303252314814814811e-03 4.900462962962962992e-05 1.157407407407407419e-07 5.787037037037037094e-08 2.055601851851851861e-03 6.944444444444443983e-08 9.603356481481480945e-04 2.314814814814814771e-08 8.940972222222222333e-05 5.787037037037037094e-08 3.780312499999999819e-03 4.089444444444444160e-03 5.740138888888889242e-03 2.314814814814814771e-08 1.736111111111111194e-07 6.944444444444443983e-08 8.101851851851851534e-08 1.030092592592592628e-05 1.388171296296296202e-03 2.314814814814814771e-08 1.215046296296296236e-04 6.692129629629630066e-05 2.314814814814814771e-08 4.908886921296296002e+00 1.157407407407407386e-08 5.787037037037037094e-08 1.631597222222222270e-04 3.472222222222221992e-08 4.118831018518518197e-03 2.314814814814814771e-08 2.314814814814814771e-08 5.787037037037037094e-08 2.679499999999999937e-02 2.390606712962962954e-01 1.157407407407407386e-08 1.146076388888888969e-03 6.111111111111110726e-05 9.305555555555555493e-06
1.081944444444444512e-04 1.150810185185185242e-04 2.074652777777777693e-04 1.765856481481481530e-04 8.259178240740740543e-03 2.321620370370370157e-03 1.441967592592592563e-03 9.580607638888888333e-02 7.356273148148148242e-03 4.304908564814814709e-02 4.629629629629629543e-08 3.472222222222221992e-08 7.753035879629630034e-02 1.156572685185185134e-01 4.074851122685185345e+00 3.925614826388888812e+00 1.157407407407407386e-08 1.157407407407407386e-08 5.787037037037037094e-08 5.787037037037037094e-08 6.944444444444443983e-08 1.388888888888888797e-07 1.126804398148148131e-02 1.293553240740740731e-03 1.273148148148148174e-07 2.073644675925925829e-02 6.944444444444443983e-08 2.314814814814814838e-07 7.185381944444444759e-03 5.137731481481481430e-05 7.620011574074074187e-03 4.035416666666666861e-04 1.273148148148148174e-07 1.273148148148148174e-07 1.718502314814814719e-02 1.243668981481481448e-03 1.904734305555555451e+00 2.314814814814814771e-08 3.472222222222221992e-08 7.366273148148147834e-03 1.567824074074073912e-02 4.513888888888888788e-07 1.864601851851851733e-01 1.126157407407407437e-05 1.157407407407407386e-08 8.101851851851851534e-08 9.784549537037037226e-01 1.102470775462963015e+00 6.892592592592592521e-03 2.314814814814814771e-08 3.472222222222221992e-08 3.354386574074073868e-03 4.629629629629629543e-08 9.360261574074074664e-02 4.799976851851852147e-03 9.259259259259259085e-08 4.629629629629629543e-08 1.160381944444444351e-03 4.629629629629629543e-08 1.388888888888888797e-07 1.388888888888888797e-07 1.793750000000000097e-04 2.083333333333333327e-07 1.157407407407407386e-08 2.314814814814814771e-08 2.012523148148148266e-03 6.944444444444443983e-08 9.060597685185185490e-01 3.472222222222221992e-08 8.634259259259259193e-06 8.101851851851851534e-08 1.157407407407407386e-08 1.180533564814814779e-01 1.157407407407407386e-08 1.228680555555555559e-03 2.314814814814814771e-08 4.754465648148148205e+00 3.883885185185185218e+00 1.957415312500000004e+00 1.605231481481481570e-03 1.157407407407407386e-08 2.314814814814814771e-08 5.787037037037037094e-08 2.207175925925926056e-05 2.684510231481481490e+00 2.317129629629629772e-05 2.133958333333333193e-03 3.485243055555555663e-03 1.157407407407407386e-08 1.382196759259259229e-02 2.314814814814814771e-08 2.314814814814814771e-08 3.705856481481481415e-03 3.472222222222221992e-08 4.924135624999999905e+00 8.935185185185184653e-06 2.314814814814814771e-08 1.157407407407407386e-08 5.787037037037037094e-08 8.185636574074074343e-03 2.314814814814814771e-08 2.069953935185185057e-01 1.691296296296296211e-03 7.956597222222222326e-04
2.047754629629629838e-03 2.818240740740740949e-03 9.715162037037037126e-04 4.049930555555555749e-03 6.081995370370370246e-02 1.483985300925926010e-01 8.513530092592593024e-02 8.432870370370370303e-05 1.107476851851851895e-03 2.168848379629629772e-02 2.314814814814814771e-08 2.314814814814814771e-08 1.011950231481481555e-02 2.704274305555555424e-02 9.259259259259259085e-08 5.787037037037037094e-08 9.114583333333333749e-05 8.501388888888888841e-04 2.314814814814814771e-08 1.157407407407407386e-08 1.157407407407407386e-08 3.472222222222221992e-08 2.153444652777777968e+00 2.279705555555555652e-01 4.629629629629629543e-08 2.314814814814814838e-07 2.314814814814814771e-08 1.273148148148148174e-07 6.944444444444443983e-08 1.450139699074074195e-01 6.944444444444443983e-08 1.996555439814814703e-01 3.472222222222221992e-08 4.305439814814814568e-04 8.101851851851851534e-08 1.703403935185185056e-02 1.620370370370370307e-07 2.314814814814814771e-08 2.314814814814814771e-08 9.527789583333333701e-01 6.944444444444443983e-08 1.388888888888888797e-07 1.617361111111111137e-04 3.407349537037036857e-03 4.969907407407407694e-05 2.314814814814814771e-08 6.944444444444443983e-08 9.259259259259259085e-08 1.563174768518518498e-01 2.314814814814814771e-08 1.244212962962963024e-04 7.220527777777777101e-02 3.269328703703703871e-04 1.105810185185185151e-03 1.519062500000000013e-03 3.472222222222221992e-08 1.521180555555555675e-04 2.240717592592592761e-03 1.041666666666666632e-05 5.787037037037037094e-08 6.011226851851852234e-04 2.963113425925925897e-03 1.157407407407407386e-08 2.314814814814814771e-08 9.571759259259259958e-06 1.260150462962962917e-03 2.314814814814814771e-08 1.056712962962962905e-05 3.472222222222221992e-08 3.366898148148147969e-05 2.314814814814814771e-08 2.314814814814814771e-08 9.332175925925925838e-04 1.151701388888888957e-03 2.847054548611111180e+00 2.314814814814814771e-08 3.236898148148148035e-03 9.834571759259259915e-03 3.162398148148148208e-02 1.169747685185185126e-01 5.787037037037037094e-08 1.157407407407407386e-08 2.314814814814814771e-08 5.787037037037037094e-08 6.944444444444443983e-08 3.334985532407407360e-01 1.604043981481481640e-02 2.014267361111110946e-02 6.425578703703703747e-04 5.787037037037037094e-08 3.701851851851852004e-04 3.472222222222221992e-08 4.114589236111110715e+00 8.708333333333332683e-05 3.587962962962962747e-07 1.452083333333333438e-04 2.167280092592592609e-03 2.314814814814814771e-08 2.314814814814814771e-08 3.453041666666666759e-02 3.620914351851851724e-03 2.558564814814814729e-03 8.101851851851851534e-08 5.018518518518518511e-04
1.504629629629629684e-07 4.629629629629629543e-08 5.787037037037037094e-08 5.787037037037037094e-08 2.083333333333333327e-07 1.157407407407407419e-07 6.944444444444443983e-08 1.035798611111111035e-03 9.932313657407407237e-02 9.952314814814814878e-04 1.257627314814814719e-03 1.071527777777777772e-04 1.041666666666666664e-07 6.944444444444443983e-08 4.629629629629629543e-08 1.157407407407407386e-08 1.394746990740740877e-01 3.605667824074074157e-02 1.157407407407407386e-08 2.314814814814814771e-08 2.314814814814814771e-08 3.472222222222221992e-08 8.101851851851851534e-08 6.944444444444443983e-08 3.472222222222221992e-08 4.629629629629629543e-08 1.157407407407407386e-08 1.041666666666666664e-07 2.314814814814814771e-08 6.540467592592592860e-02 1.157407407407407386e-08 6.944444444444443983e-08 3.472222222222221992e-08 3.301979166666666604e-03 2.314814814814814771e-08 1.041666666666666664e-07 4.629629629629629543e-08 9.577546296296296621e-05 4.546759259259259178e-04 8.101851851851851534e-08 2.314814814814814771e-08 1.504629629629629684e-07 4.620307870370370107e-02 2.573124999999999891e-03 1.309328935185185283e-01 2.314814814814814771e-08 6.944444444444443983e-08 5.787037037037037094e-08 8.101851851851851534e-08 7.262500000000000075e-04 1.899597453703703587e-01 1.620370370370370307e-07 7.577287037037036543e-02 5.736932870370370537e-03 7.966630069444444295e+00 2.314814814814814771e-08 1.158051157407407467e-01 1.620370370370370307e-07 1.664351851851851810e-04 2.314814814814814771e-08 5.038167824074073903e-02 3.042569444444444531e-03 2.314814814814814771e-08 1.396527777777777676e-04 1.240277777777777808e-04 1.862062754629629557e+00 2.314814814814814771e-08 1.829745370370370466e-04 3.358796296296296573e-05 5.787037037037037094e-08 3.472222222222221992e-08 1.730555555555555547e-04 2.968803240740740604e-02 2.470190624999999973e-01 5.787037037037037094e-08 1.667870370370370340e-03 2.044172708333333421e+00 6.944444444444443983e-08 9.259259259259259085e-08 1.617013888888888808e-04 1.414814814814814711e-04 6.865740740740740127e-05 1.101064814814814918e-03 1.157407407407407386e-08 3.472222222222221992e-08 1.603819444444444390e-04 9.259259259259259085e-08 5.787037037037037094e-08 2.001678240740740675e-02 2.314814814814814771e-08 1.078227199074074105e-01 2.837615740740740810e-04 4.614351851851851687e-04 2.202470949074074036e-01 1.504629629629629684e-07 1.907534722222222140e-03 7.427280092592591920e-02 8.841435185185185085e-05 3.472222222222221992e-08 6.944444444444443983e-08 5.042593749999999680e-02 9.398148148148148203e-06 2.314814814814814771e-08 6.944444444444443983e-08
2.314814814814814771e-08 2.314814814814814771e-08 1.157407407407407386e-08 2.314814814814814771e-08 4.629629629629629543e-08 2.314814814814814771e-08 3.472222222222221992e-08 1.048958333333333329e-04 1.465844907407407461e-03 2.174189814814814941e-04 1.611489120370370454e-01 1.700853009259259419e-02 3.472222222222221992e-08 2.314814814814814771e-08 1.736111111111111194e-07 2.314814814814814771e-08 7.451504629629629754e-04 2.167986111111110982e-03 1.828240740740740737e-04 1.118634259259259267e-04 1.140717592592592694e-03 4.067708333333333115e-04 1.157407407407407386e-08 2.314814814814814771e-08 3.393611111111111134e-03 4.629629629629629543e-08 7.216435185185184889e-05 6.924189814814814660e-04 2.314814814814814771e-08 6.944444444444443983e-08 2.314814814814814771e-08 2.314814814814814771e-08 6.374305555555555801e-04 1.939571759259259157e-03 4.629629629629629543e-08 4.629629629629629543e-08 4.629629629629629543e-08 8.608338078703703378e-01 2.086348379629629490e-02 3.472222222222221992e-08 2.314814814814814771e-08 3.945833333333333202e-04 8.274537037037037277e-04 1.068051099537037141e+00 2.535995370370370421e-04 8.310185185185185047e-05 1.736111111111111194e-07 5.787037037037037094e-08 2.314814814814814771e-08 1.367017129629629624e-01 4.335995370370370264e-04 3.472222222222221992e-08 6.560902777777777480e-03 6.799837962962963257e-03 8.101851851851851534e-08 9.271990740740741017e-04 9.019872685185184591e-03 3.472222222222221992e-08 1.905439814814814778e-04 2.586064814814814910e-03 1.440972222222222177e-04 1.580718750000000006e-01 7.312905092592592200e-03 8.051766203703704383e-02 2.542800925925925784e-03 5.787037037037037094e-08 7.884108796296297045e-03 3.907525462962962992e-02 1.805790972222222346e-01 1.157407407407407386e-08 2.180787037037037015e-04 7.126504629629629986e-04 9.259259259259259085e-08 4.803553240740741047e-03 2.314814814814814771e-08 1.156223495370370391e-01 1.208246527777777704e-02 3.472222222222221992e-08 3.472222222222221992e-08 9.254969907407407936e-02 6.462361111111111778e-02 3.113528819444444373e-01 1.946564120370370410e-01 2.314814814814814771e-08 1.157407407407407386e-08 5.134222685185184654e-01 1.157407407407407386e-08 1.157407407407407386e-08 1.309363425925925842e-03 1.157407407407407386e-08 4.149479166666666767e-03 3.392533217592592631e-01 7.784041782407407073e-01 1.801284722222222133e-03 1.157407407407407419e-07 5.787037037037037094e-08 3.790740740740740789e-03 2.206383912037037098e-01 2.035972222222222437e-03 2.314814814814814771e-08 4.637847222222222024e-04 1.693287037037037091e-04 1.157407407407407386e-08 2.314814814814814771e-08
5.787037037037037094e-08 1.157407407407407386e-08 2.314814814814814771e-08 1.157407407407407386e-08 3.472222222222221992e-08 2.314814814814814771e-08 1.157407407407407386e-08 2.393753472222222289e-02 1.337913194444444523e-02 1.892940046296296197e+00 1.769456018518518513e-03 2.060023148148148065e-03 2.314814814814814771e-08 2.314814814814814771e-08 1.605868055555555477e-03 1.333217592592592711e-04 2.837239560185185194e+00 7.225240717592592787e+00 7.607033564814814908e-02 2.498730902777777652e-01 1.072048263888888825e-01 2.690579861111111123e-02 2.314814814814814771e-08 2.314814814814814771e-08 1.253880787037036926e-01 1.320486111111111036e-04 1.673032523148148265e-01 8.453841435185184550e-02 1.473518518518518537e-03 2.314814814814814771e-08 4.409722222222221968e-05 2.314814814814814771e-08 1.521933680555555557e-01 1.252592708333333249e-01 6.259722222222222077e-04 5.787037037037037094e-08 5.895023148148148366e-03 2.554872685185185198e-03 5.494224537037037046e-03 7.870370370370370818e-07 1.123958333333333390e-04 7.700873842592592666e-01 6.183690972222222193e-01 6.944444444444443983e-08 2.482280092592592784e-03 3.752849305555555626e-01 4.557291666666666739e-04 6.317129629629629083e-05 2.314814814814814771e-08 1.972488425925925711e-03 5.349055671296296666e-01 2.314814814814814771e-08 1.576644444444444404e-01 7.492592592592593010e-04 1.157407407407407386e-08 1.711699999999999888e-01 2.808376585648148183e+00 4.629629629629629543e-08 1.388888888888888797e-07 8.624351736111111055e-01 8.125488657407407000e-01 6.944444444444443983e-08 9.071328587962963486e-01 1.097708333333333348e-03 9.259259259259259085e-08 2.314814814814814771e-08 1.322456481481481538e-01 5.652777777777778269e-04 1.561189814814814732e-02 2.314814814814814771e-08 1.128453703703703737e-02 7.489363425925926222e-03 2.314814814814814771e-08 6.806457523148148336e-01 2.314814814814814771e-08 4.308321759259259136e-03 6.944444444444443983e-08 1.157407407407407386e-08 4.629629629629629543e-08 5.077905092592592193e-03 6.172685185185185133e-04 4.520590277777777888e-03 9.818287037037037260e-04 4.621527777777778003e-05 6.366087962962962499e-04 2.226215277777777914e-03 2.314814814814814771e-08 2.314814814814814771e-08 2.398702199074073949e-01 5.899305555555555368e-05 1.771437152777777690e+00 1.326805555555555464e-03 1.238332175925925885e-02 8.030598379629629857e-01 3.985763888888889058e-04 2.314814814814814771e-08 1.651087615740740866e-01 3.055115740740740621e-03 7.891034259259259720e-01 2.314814814814814771e-08 3.233217592592592653e-03 1.426712962962962961e-03 1.561805555555555646e-04 1.157407407407407386e-08
9.863425925925926147e-05 1.037071759259259283e-03 6.941967592592592461e-03 1.184606481481481497e-04 4.115509259259259403e-04 1.275810185185185163e-04 6.054050925925926049e-04 9.314814814814815103e-05 4.571759259259259380e-05 1.694710648148148096e-03 4.005339004629629329e+00 1.878267025462962980e+00 7.339120370370370145e-05 7.813657407407407021e-05 7.141636226851851843e-01 1.916170138888888957e-02 8.274074074074074534e-04 1.711493055555555511e-03 7.959490740740740285e-05 2.924652777777777754e-04 1.054409722222222207e-03 1.841099537037037140e-03 1.237488425925925952e-03 3.102314814814814800e-04 3.119618055555555599e-03 1.867718750000000039e-01 1.355335648148148046e-03 1.898437499999999951e-03 4.577096064814814569e-02 4.629629629629629543e-08 1.556729861111111057e-01 1.521273148148148116e-03 1.059722222222222315e-03 6.944444444444443983e-08 1.576800462962962834e-01 7.194444444444445094e-05 1.452835300925925943e-01 1.563018287037037102e-01 2.088473263888888931e-01 3.796643518518518423e-04 7.429305555555555662e-02 1.206886574074073981e-03 2.104166666666666539e-05 2.314814814814814771e-08 5.645138888888889209e-04 4.384212962962963020e-03 1.704004629629629619e-01 1.784615740740740641e-01 5.317141203703704133e-03 1.312384259259259233e-04 1.816365740740740788e-03 2.075578703703703722e-04 8.101851851851851534e-08 1.744699074074074078e-03 3.472222222222221992e-08 4.098981481481481226e-03 6.944444444444443983e-08 7.940972222222222421e-05 6.944444444444443983e-08 7.948321759259259142e-03 1.682858796296296229e-03 2.314814814814814771e-08 3.138726851851851747e-03 3.347231874999999857e+00 3.472222222222221992e-08 1.157407407407407386e-08 1.112986111111111034e-03 1.634521296296296278e-01 8.950779629629629364e-01 7.134837962962962618e-04 1.071488425925925907e-02 9.451208333333332989e-01 7.291666666666666381e-07 1.157407407407407419e-07 1.121145833333333369e-03 6.766884143518518968e-01 1.157407407407407386e-08 1.287326388888888852e-03 5.878472222222222432e-05 5.965059490740740600e-01 6.666339583333333874e-01 2.793194027777777588e+00 3.803859085648148231e+00 2.077407407407407588e-03 6.799846064814814295e-02 6.597222222222222115e-06 1.922685185185185098e-04 1.050000000000000044e-04 6.944444444444443983e-08 2.620729513888888640e-01 1.775925925925925805e-04 3.878067824074074021e+00 5.787037037037037094e-08 5.787037037037037094e-08 3.566118055555555361e-02 2.314814814814814771e-08 8.088888888888889385e-04 5.090389120370369946e-01 1.270821759259259300e-03 2.307060185185184995e-03 2.557187499999999999e-03 2.501388888888888824e-04 2.440791898148148287e-01 2.966840277777777878e-03
1.446076388888888932e-02 1.545716203703703662e-01 7.233969907407407710e-03 3.481094328703703833e-01 1.077060185185185204e-01 2.402906597222222163e-01 1.068620497685185189e+00 5.902731481481481891e-03 2.744374999999999853e-03 6.098379629629629864e-05 1.220949074074074059e-04 3.302430555555555740e-04 2.146243171296296215e-01 9.785414351851852433e-02 5.700821759259259644e-03 1.433622685185185130e-03 1.652604976851851926e-01 2.771350625000000178e+00 1.436295486111111019e-01 5.618179976851851443e-01 8.452551967592593085e-01 1.180224456018518442e+00 1.962209722222222341e-01 8.053332175925925762e-02 9.626631365740740964e-01 1.179872685185185278e-03 5.641584722222222625e-01 3.558638888888888963e-02 3.612303240740740579e-03 1.718402777777777843e-04 3.766192129629629751e-03 1.586106018518518568e-01 7.547763310185184871e-01 2.314814814814814771e-08 3.367476851851851968e-03 9.160806712962962783e-02 3.443692129629629447e-03 1.504629629629629684e-07 9.259259259259259085e-08 1.134450671296296287e+00 1.999583333333333247e-03 1.581898263888888989e-01 2.413657407407407494e-04 2.314814814814814771e-08 1.171287037037037002e-02 1.157407407407407419e-07 2.341655092592592659e-03 1.202222222222222147e-03 2.048402777777777895e-03 2.661574074074073907e-04 8.402928240740740323e-03 2.158280787037037129e-01 5.787037037037037094e-08 4.857319421296296014e+00 5.944444444444444526e-05 7.701849305555555913e-01 2.314814814814814771e-08 6.105694444444444841e-03 8.101851851851851534e-08 1.825890254629629617e+00 3.554993402777777978e-01 8.564814814814815084e-07 2.055678298611111288e+00 3.526134259259259239e-03 3.472222222222221992e-08 6.663252314814814559e-03 2.788428055555555396e+00 1.738921145833333348e+00 3.185069444444444471e-04 4.466666666666666637e-04 1.310982962962963017e+00 6.944444444444443983e-08 1.587962962962962841e-04 4.629629629629629543e-08 2.034097800925925847e-01 8.101851851851851534e-08 2.314814814814814771e-08 8.764495370370370408e-02 9.530237268518518268e-02 5.787037037037037094e-08 9.259259259259259085e-08 1.006064814814814886e-03 1.273148148148148174e-07 3.834560185185185207e-03 1.533150462962962896e-02 1.497800925925926025e-04 7.052662037037036973e-03 1.521663657407407444e-01 2.314814814814814771e-08 1.459684027777777802e-02 1.474845370370370390e-01 8.101851851851851534e-08 2.314814814814814771e-08 3.472222222222221992e-08 5.436469907407407223e-03 1.461967592592592615e-03 5.787037037037037094e-08 8.101851851851851534e-08 3.164189814814814990e-03 7.126385300925925925e-01 1.512257407407407439e-01 2.544733599537036817e+00 7.546724537037036683e-03 3.085719907407407508e-02
9.491550925925925850e-04 6.199421296296295757e-04 7.419687500000000067e-03 1.587824074074074181e-03 5.963680555555555401e-03 4.505300925925925619e-03 2.727974537037037000e-03 2.122592592592592586e-03 2.506990740740740620e-03 3.092592592592592854e-04 2.714444976851851710e+00 1.977055324074074028e-01 2.724641203703703513e-03 3.130671296296296327e-03 1.070836319444444351e+00 2.049923113425926147e+00 8.101851851851851534e-08 1.041666666666666664e-07 8.344259259259259598e-03 2.447962962962962983e-03 5.787037037037037094e-08 6.944444444444443983e-08 8.824421296296296137e-04 1.262291666666666770e-03 8.101851851851851534e-08 5.859497916666667194e-01 2.863541666666666904e-04 3.216863425925925966e-03 1.858081249999999907e+00 2.527796296296296319e-01 7.778173611111111052e-02 5.748067129629629880e-03 1.504629629629629684e-07 7.523148148148148156e-07 5.729732870370369824e-01 3.591875000000000016e-03 1.945491412037037016e+00 3.472222222222221992e-08 2.314814814814814771e-08 1.753472222222222116e-05 7.754245486111110974e-01 1.967592592592592705e-07 2.092158136574074234e+00 7.416666666666666243e-05 1.535416666666666538e-04 2.314814814814814771e-08 1.641380381944444355e+00 6.917728310185185414e+00 1.213425925925925956e-03 5.714037812499999980e+00 5.482962962962962920e-03 1.623101851851851919e-03 9.606481481481480954e-07 2.662037037037037235e-07 7.869689120370370050e-01 9.259259259259259085e-08 7.986111111111110647e-07 6.962037037037036545e-04 3.671307870370370350e-03 2.777777777777777593e-07 2.010335648148148247e-03 1.028854166666666632e-03 4.629629629629629543e-08 1.810220277777777831e+00 2.084143518518518539e-04 2.409709490740740909e-02 4.481597222222221885e-03 4.522453703703703770e-04 5.912847222222222116e-03 9.205497685185184964e-02 6.944444444444443983e-08 2.314814814814814771e-08 1.049049178240740732e+00 7.291666666666666381e-07 5.432638888888889194e-04 2.314814814814814771e-08 1.429745370370370501e-04 2.537256944444444412e-03 6.267905092592592278e-03 3.472222222222221992e-08 2.314814814814814771e-08 1.571520254629629743e-01 2.314814814814814771e-08 1.798773148148148085e-03 1.882362962962962905e-01 2.351469907407407588e-03 2.425127314814814854e-03 4.843495370370370402e-03 1.122685185185185126e-06 6.944444444444443983e-08 6.944444444444443983e-08 1.157407407407407386e-08 1.157407407407407386e-08 6.134259259259259624e-07 1.279727199074074118e-01 1.091545023148148136e-01 3.472222222222221992e-08 2.314814814814814771e-08 4.466319444444444633e-03 1.239097222222222162e-03 6.944444444444443983e-08 6.986574074074073867e-04 1.799236909722222277e+00 6.567245370370370424e-04
7.264480208333333744e-01 2.455668634259259298e-01 8.661172453703704088e-02 5.534528125000000021e-01 7.943199768518518500e-01 8.560180324074073699e-01 5.779149976851852166e+00 5.728592071759258886e+00 1.213197916666666591e-02 1.991131018518518481e+00 7.291666666666666381e-07 1.736111111111111194e-07 1.504629629629629684e-07 8.101851851851851534e-08 1.041666666666666664e-07 1.273148148148148174e-07 2.314814814814814771e-08 2.314814814814814771e-08 7.464834606481481893e-01 1.380179976851851897e-01 1.157407407407407386e-08 1.157407407407407386e-08 5.098231597222222522e-01 4.361000000000000293e-02 1.157407407407407386e-08 2.083333333333333327e-07 5.272966064814815113e+00 1.157407407407407419e-07 6.944444444444443983e-08 7.611423611111111341e-03 8.101851851851851534e-08 7.530264004629629859e-01 1.620370370370370307e-07 8.635416666666666729e-05 1.620370370370370307e-07 8.101851851851851534e-08 9.259259259259259085e-08 8.564814814814815084e-07 7.986111111111110647e-07 1.432291666666666674e-04 2.430555555555555460e-07 4.629629629629629543e-08 7.120856481481481481e-03 1.318340509259259274e-01 1.064454861111111157e-02 9.722222222222221841e-07 6.944444444444443983e-08 1.388888888888888797e-07 1.713162974537037142e+00 8.101851851851851534e-08 9.178718287037036516e-01 1.616490844907407354e+00 9.812037037037037515e-04 1.157407407407407419e-07 2.314814814814814838e-07 2.314814814814814771e-08 2.194328703703703762e-04 5.038356481481481332e-03 8.188865162037036738e-01 4.629629629629629543e-08 5.574601736111111094e-01 9.963992222222222139e+00 2.314814814814814771e-08 6.944444444444443983e-08 1.871431712962963109e-02 1.234513888888888944e-03 1.234018275462962944e+00 5.787037037037037094e-08 1.410046296296296395e-03 1.179988425925925909e-03 2.314814814814814771e-08 6.365740740740740340e-07 2.505902777777778011e-04 1.891550925925925973e-04 1.288688773148148059e-01 6.134259259259259624e-07 6.412107638888889238e-02 1.732528090277777766e+00 3.678612731481481379e+00 6.481481481481481227e-07 6.481481481481481227e-07 6.944444444444443983e-08 6.365740740740740340e-07 9.568050347222222252e-01 6.944444444444443983e-08 2.034003900462963088e+00 1.210370023148148233e+00 1.086213159722222210e+00 4.223958333333333254e-04 1.157407407407407386e-08 2.314814814814814771e-08 7.986111111111110647e-07 6.731712962962962780e-04 8.484490740740740578e-04 8.101851851851851534e-08 3.151296296296296137e-03 7.986111111111110647e-07 6.597222222222222115e-07 1.131187997685185076e+00 3.421175312499999954e+00 1.157407407407407386e-08 5.787037037037037094e-08 8.101851851851851534e-08 2.247909143518518615e-01
6.944444444444443983e-08 6.944444444444443983e-08 5.787037037037037094e-08 6.944444444444443983e-08 8.101851851851851534e-08 5.787037037037037094e-08 6.944444444444443983e-08 9.259259259259259085e-08 1.157407407407407419e-07 6.944444444444443983e-08 3.472222222222221992e-08 6.944444444444443983e-08 6.944444444444443983e-08 3.472222222222221992e-08 6.944444444444443983e-08 3.472222222222221992e-08 6.365740740740740340e-07 7.638888888888889043e-07 9.259259259259259085e-08 6.944444444444443983e-08 6.250000000000000511e-07 6.481481481481481227e-07 6.944444444444443983e-08 9.259259259259259085e-08 9.375000000000000238e-07 2.314814814814814771e-08 1.041666666666666664e-07 4.629629629629629543e-08 2.314814814814814771e-08 1.779159722222222254e-02 3.472222222222221992e-08 1.041666666666666664e-07 1.331018518518518512e-06 9.073330671296295780e-01 4.629629629629629543e-08 2.314814814814814771e-08 2.314814814814814771e-08 1.241840277777777691e-03 2.310879629629629688e-04 1.609843541666666766e+00 9.259259259259259085e-08 1.053240740740740805e-06 2.314814814814814838e-07 5.777175925925926055e-03 5.312002314814814538e-03 9.992013888888888820e-04 2.314814814814814771e-08 4.629629629629629543e-08 2.430555555555555460e-07 2.314814814814814771e-08 1.157407407407407419e-07 8.101851851851851534e-08 9.781608796296296926e-03 1.238425925925926014e-06 3.472222222222221992e-08 8.449074074074074197e-07 8.305027777777777842e-02 6.944444444444443983e-08 8.101851851851851534e-08 9.837962962962962729e-07 1.388888888888888797e-07 3.199768518518518348e-04 6.250000000000000511e-07 1.157407407407407386e-08 6.129340277777777825e-03 5.137569097222222325e+00 1.388888888888888797e-07 2.314814814814814771e-08 7.443402777777777951e-04 7.435045023148147969e-01 6.250000000000000511e-07 1.560648148148148246e-03 9.305555555555556171e-05 1.683421643518518418e-01 6.944444444444443983e-08 2.685740740740740710e-03 2.548703703703703635e-03 5.381944444444444406e-04 5.787037037037037094e-08 8.175694444444444415e-04 3.568749999999999874e-04 2.314814814814814771e-08 6.548379629629629689e-04 5.787037037037037094e-08 1.157407407407407386e-08 9.259259259259259085e-08 5.787037037037037094e-08 5.787037037037037094e-08 7.373828819444444571e-01 6.250000000000000511e-07 6.134259259259259624e-07 4.301504629629629623e-04 3.211075231481481662e-01 5.723950914351851438e+00 1.157407407407407386e-08 1.048573263888888940e-01 3.742245370370370604e-04 1.400162037037037000e-03 6.944444444444443983e-08 6.944444444444443983e-08 6.597222222222222115e-07 3.472222222222221992e-08 2.314814814814814771e-08 5.787037037037037094e-08
2.314814814814814771e-08 3.472222222222221992e-08 3.472222222222221992e-08 2.314814814814814771e-08 1.157407407407407386e-08 2.314814814814814771e-08 1.157407407407407386e-08 9.259259259259259085e-08 6.944444444444443983e-08 4.629629629629629543e-08 8.680555555555555972e-07 8.217592592592592422e-07 1.064814814814814894e-06 8.333333333333333309e-07 9.837962962962962729e-07 6.250000000000000511e-07 8.670023148148148055e-04 6.832986111111110858e-04 2.314814814814814771e-08 3.472222222222221992e-08 4.025995370370370058e-02 5.114699074074074243e-04 2.314814814814814771e-08 2.314814814814814771e-08 5.413078703703703802e-04 7.291666666666666381e-07 3.472222222222221992e-08 9.027777777777777575e-07 7.060185185185185665e-07 6.018518518518518736e-07 1.724537037037037106e-06 4.629629629629629543e-08 2.964814814814814982e-04 6.944444444444443983e-08 7.638888888888889043e-07 7.754629629629629931e-07 8.333333333333333309e-07 3.488394675925925864e-02 7.082661458333333604e-01 4.220601851851852118e-03 9.490740740740741125e-07 9.745370370370371035e-05 4.629629629629629543e-08 1.046828506944444515e+00 1.860312499999999987e-03 6.090295486111111378e-01 7.986111111111110647e-07 2.210648148148147986e-06 3.472222222222221992e-08 8.101851851851851534e-07 6.944444444444443983e-08 3.472222222222221992e-08 6.872685185185185342e-05 1.326273148148148038e-04 9.259259259259259350e-07 1.933923611111111086e-03 1.541412037037037100e-03 3.472222222222221992e-08 2.314814814814814771e-08 3.098148148148147942e-04 3.472222222222221992e-08 6.562452546296296263e-02 6.330324074074074586e-04 6.018518518518518736e-07 1.035199560185185108e+00 6.944444444444443983e-08 2.314814814814814771e-08 6.712962962962963002e-07 1.568634259259259363e-04 6.944444444444443983e-08 6.489583333333333640e-05 1.038257870370370428e-01 9.238425925925925863e-05 5.455208333333332960e-04 2.314814814814814771e-08 7.523883101851851218e-02 9.529872453703703838e-01 1.073295844907407481e+00 2.314814814814814771e-08 1.961926886574073992e+00 4.152899039351852117e+00 6.250000000000000511e-07 1.187641203703703741e-01 1.157407407407407386e-08 6.250000000000000511e-07 1.157407407407407386e-08 2.314814814814814771e-08 2.314814814814814771e-08 6.944444444444443983e-08 3.571643518518518375e-04 2.260648148148148185e-04 6.462415277777777689e-01 6.342743055555555461e-03 6.041319444444444645e-04 6.944444444444444777e-07 6.944444444444443983e-08 1.910468067129629688e+00 1.345648726851851884e-01 2.314814814814814771e-08 1.157407407407407386e-08 5.776967592592592441e-04 6.712962962962963002e-07 6.712962962962963002e-07 1.157407407407407386e-08
8.101851851851851534e-07 6.250000000000000511e-07 6.481481481481481227e-07 6.481481481481481227e-07 8.564814814814815084e-07 8.217592592592592422e-07 6.481481481481481227e-07 9.837962962962962729e-07 6.828703703703703890e-07 7.407407407407407268e-07 5.657939814814814429e-03 8.003472222222222585e-05 6.265856481481481407e-04 6.329513888888888429e-04 2.026736111111110991e-04 6.657291666666666826e-04 5.023727824074073922e+00 1.993498032407407528e-01 8.564814814814815084e-07 6.481481481481481227e-07 2.019447997685185126e+00 9.359317129629628890e-03 6.250000000000000511e-07 6.712962962962963002e-07 6.279375000000000234e-03 5.463773148148148590e-04 7.291666666666666381e-07 7.531249999999999425e-05 2.994212962962962735e-04 5.787037037037037094e-08 8.613194444444443936e-04 8.449074074074074197e-07 1.343664120370370307e-01 2.314814814814814771e-08 5.635532407407407678e-04 1.348923611111111070e-03 1.104513888888888955e-04 5.883043981481481284e-03 1.073379629629629683e-02 5.728957175925925710e-02 1.205914351851851895e-03 4.432881944444444153e-03 1.250000000000000102e-06 1.388888888888888797e-07 3.891203703703703469e-04 1.041666666666666664e-07 9.905092592592592020e-05 2.438657407407407289e-04 8.101851851851851534e-07 6.015879629629629702e-03 1.712962962962963017e-06 7.870370370370370818e-07 4.107846064814815040e-02 3.145349537037037124e-02 5.706018518518518552e-05 5.098332175925925774e-02 4.331871527777778064e-02 8.217592592592592422e-07 8.333333333333333309e-07 6.557849537037037380e-02 9.375000000000000238e-07 5.994212962962963150e-05 1.946808240740740770e+00 2.582696759259259407e-03 6.944444444444443983e-08 1.157407407407407386e-08 7.060185185185185665e-07 1.036620370370370473e-03 8.643703703703703792e-03 2.314814814814814771e-08 1.911308206018518474e+00 1.157407407407407419e-07 2.695630625000000169e+00 7.035126967592592040e-01 6.481481481481481227e-07 1.619791666666666624e-04 6.944444444444443983e-08 5.787037037037037094e-08 6.018518518518518736e-07 1.205521990740740686e-02 3.911423611111111177e-03 2.242824074074074164e-04 8.101851851851851534e-08 6.365740740740740340e-07 1.083263888888888818e-03 2.175925925925925720e-06 6.134259259259259624e-07 6.481481481481481227e-07 1.157407407407407386e-08 4.354071990740740472e-01 8.922656597222222707e-01 2.672474537037037093e-02 6.944444444444443983e-08 5.217708333333332879e-04 2.280208333333333306e-04 1.157407407407407386e-08 3.879513888888889051e-04 2.818402777777777746e-04 6.018518518518518736e-07 6.712962962962963002e-07 4.059246527777778113e-02 3.968865740740740796e-04 3.077777777777778020e-04 6.944444444444444777e-07
1.805902777777777801e-04 2.783564814814814777e-04 8.047800925925926128e-04 2.604166666666666631e-04 4.214467592592592679e-04 1.428819444444444473e-04 3.866898148148148061e-04 2.350347222222222258e-04 1.385856481481481488e-02 1.295462962962962887e-03 2.100590277777777612e-03 9.610879629629629590e-04 5.249745370370370035e-01 6.461772222222221806e-01 1.477384837962962827e-01 9.684822916666666059e-02 6.944444444444443983e-08 5.787037037037037094e-08 2.603356481481481559e-04 8.656249999999999665e-05 3.894004629629629639e-03 4.115046296296296117e-04 3.737326388888888989e-03 7.888773148148148446e-04 1.996759259259259266e-04 5.661597222222222031e-02 1.026504629629629571e-04 2.527227152777777874e+00 6.586596064814814744e-02 7.870370370370370818e-07 2.751139756944444237e+00 1.975787037037037182e-03 8.101851851851851534e-08 2.314814814814814771e-08 3.969443287037036777e-02 3.136351851851851974e-02 1.840851805555555609e+00 8.101851851851851534e-08 6.018518518518518736e-07 1.852754629629629543e-03 3.649831018518518572e-02 1.610300925925925832e-03 2.731249999999999845e-04 8.101851851851851534e-08 7.181481481481480963e-04 4.629629629629629543e-08 9.587575231481482163e-02 3.768172453703703961e-02 4.480671296296295965e-03 1.549443287037036987e-01 2.822754629629629485e-03 6.421296296296296474e-05 6.209490740740741116e-04 2.504398148148148282e-04 8.398282407407407779e-02 6.944444444444443983e-08 3.072670138888888847e-02 2.600694444444444429e-04 9.461608796296296087e-03 8.101851851851851534e-08 1.127337962962963016e-03 2.319444444444444505e-05 8.101851851851851534e-08 1.788250891203703619e+00 2.314814814814814771e-08 6.365740740740740340e-07 2.442824074074074147e-04 6.598085648148148408e-02 5.787037037037037094e-08 6.712962962962963002e-07 1.162511574074074055e-03 1.157407407407407386e-08 9.934837962962963457e-04 1.157407407407407419e-07 4.430555555555555310e-04 1.106844918981481518e+00 1.157407407407407386e-08 1.157407407407407386e-08 2.047164351851851662e-03 8.101851851851851534e-08 2.949628472222222061e-02 7.856047106481481856e-01 2.314814814814814771e-08 4.816435185185185099e-04 2.257309027777777699e-02 1.889004629629629530e-04 2.971180555555555684e-04 2.557812500000000190e-03 2.314814814814814771e-08 4.645335648148148436e-03 9.259259259259259085e-08 8.101851851851851534e-08 3.472222222222221992e-08 1.883032407407407485e-03 9.938415393518518215e-01 6.250000000000000511e-07 3.369138888888888878e-02 8.985772106481481059e-01 6.773958333333333437e-04 2.367129629629629564e-04 2.109143518518518604e-04 1.025817500000000049e+00 3.253594907407407477e-02 2.445601851851851691e-05
5.134452233796296561e+00 6.308232407407406983e-01 8.392764120370370673e-01 2.699227662037037012e-01 1.533302083333333392e-02 7.544670138888889266e-01 2.288427662037036958e-01 1.413951736111111190e-01 6.585437615740741268e-01 1.312904976851851924e-01 4.307349537037036616e-03 5.633391203703703824e-03 6.335648148148148302e-05 2.509490740740740627e-04 1.273148148148148174e-07 9.259259259259259085e-08 1.157407407407407386e-08 2.314814814814814771e-08 7.064430555555555047e-02 2.859757118055555658e+00 3.928649131944444317e+00 4.367550925925926114e-02 2.451876388888888925e-01 2.632504918981481534e+00 6.926865740740741073e-02 1.391081018518518578e-02 6.884500000000000342e-02 2.374965277777777925e-03 6.944444444444443983e-08 7.430092592592592304e-04 1.116763888888888841e-02 5.530460648148147890e-02 3.472222222222221992e-08 1.122395833333333318e-03 1.273148148148148174e-07 3.970844907407407309e-03 1.504629629629629684e-07 4.629629629629629543e-08 3.472222222222221992e-08 1.041666666666666664e-07 8.187210648148148320e-03 3.888930555555555890e-02 1.024262731481481448e-01 8.912037037037036688e-07 4.767476851851851953e-04 8.101851851851851534e-08 1.041666666666666664e-07 9.259259259259259085e-08 2.201535995370370313e-01 6.944444444444443983e-08 1.422875578703703681e-01 1.459143518518518645e-01 7.003626504629629768e-01 7.480834143518518831e-01 6.944444444444443983e-08 1.157407407407407386e-08 2.514699074074073929e-04 7.280349641203703648e+00 1.174010173611111041e+00 1.157407407407407386e-08 2.055606944444444417e-01 2.370138888888889022e-04 3.472222222222221992e-08 1.921179398148148074e-02 6.250000000000000511e-07 2.609374999999999932e-04 1.747592523148148169e+00 6.944444444444443983e-08 2.314814814814814771e-08 6.531597222222222492e-03 8.133852314814814521e-01 2.314814814814814771e-08 1.092552627314814728e+00 3.472222222222221992e-08 7.381771990740740863e-01 1.761226851851851929e-04 6.250000000000000511e-07 6.018518518518518736e-07 2.570414120370370648e-01 2.314814814814814771e-08 1.091675925925925973e-02 2.181144675925925785e-02 1.157407407407407386e-08 1.772017407407407319e+00 1.041666666666666664e-07 4.422577546296296153e-02 7.032009722222222203e-01 7.674713425925926424e-01 1.147505787037036984e-02 4.900413194444444565e-02 2.314814814814814771e-08 2.314814814814814771e-08 6.134259259259259624e-07 3.259381944444444262e-02 9.259259259259259085e-08 3.154629629629629732e-04 8.101851851851851534e-08 5.787037037037037094e-08 1.800826469907407468e+00 5.698972800925925508e-01 2.967712557870370471e+00 8.101851851851851534e-08 5.151967592592592536e-03 4.629629629629629543e-08
8.101851851851851534e-08 5.787037037037037094e-08 5.787037037037037094e-08 6.944444444444443983e-08 1.388888888888888797e-07 6.944444444444443983e-08 6.944444444444443983e-08 8.101851851851851534e-08 5.787037037037037094e-08 6.944444444444443983e-08 2.083333333333333327e-07 2.083333333333333327e-07 2.232960648148148153e-02 1.967734490740740694e-01 2.314814814814814771e-08 4.629629629629629543e-08 2.314814814814814771e-08 1.157407407407407386e-08 1.157407407407407419e-07 1.620370370370370307e-07 8.101851851851851534e-08 9.259259259259259085e-08 4.629629629629629543e-08 1.041666666666666664e-07 8.101851851851851534e-08 6.944444444444443983e-08 1.157407407407407419e-07 9.259259259259259085e-08 2.314814814814814771e-08 6.135814814814815055e-01 1.157407407407407419e-07 3.327708333333333126e-03 4.629629629629629543e-08 8.240673611111111463e-02 3.472222222222221992e-08 1.087962962962962860e-06 3.472222222222221992e-08 3.472222222222221992e-08 1.736111111111111194e-07 5.787037037037037094e-08 2.662037037037037235e-07 1.388888888888888797e-07 1.897581018518518497e-03 1.127546296296296277e-04 1.042937499999999941e-02 1.753125000000000126e-04 6.944444444444443983e-08 3.472222222222221992e-08 8.101851851851851534e-08 3.472222222222221992e-08 8.101851851851851534e-08 5.399421296296295827e-04 6.944444444444443983e-08 1.093958333333333284e-03 2.314814814814814771e-08 2.314814814814814771e-08 1.067222222222222227e-03 9.259259259259259085e-08 8.101851851851851534e-08 2.314814814814814771e-08 6.944444444444443983e-08 6.886957060185184831e-01 2.314814814814814771e-08 5.787037037037037094e-08 1.377233796296296322e-03 3.838319444444444201e-02 5.787037037037037094e-08 2.314814814814814771e-08 6.250000000000000511e-07 2.129912731481481414e-01 5.787037037037037094e-08 2.147337962962963089e-04 4.629629629629629543e-08 2.314814814814814771e-08 5.696990740740740314e-04 4.106900462962963239e-02 6.441550925925925439e-04 5.433217592592592352e-04 1.967592592592592705e-07 2.314814814814814771e-08 5.787037037037037094e-08 6.944444444444443983e-08 4.608101851851851942e-04 6.944444444444443983e-08 2.314814814814814771e-08 1.313449074074074085e-03 8.101851851851851534e-08 6.944444444444443983e-08 3.498562499999999936e-02 6.944444444444443983e-08 1.157407407407407386e-08 2.314814814814814771e-08 1.473495370370370454e-03 6.944444444444443983e-08 2.314814814814814771e-08 2.624629155092592647e+00 2.314814814814814771e-08 2.314814814814814771e-08 8.101851851851851534e-08 6.944444444444443983e-08 4.629629629629629543e-08 4.629629629629629543e-08 6.944444444444443983e-08 2.314814814814814771e-08
2.314814814814814771e-08 1.157407407407407386e-08 2.314814814814814771e-08 1.157407407407407386e-08 6.944444444444443983e-08 3.472222222222221992e-08 3.472222222222221992e-08 2.314814814814814771e-08 3.472222222222221992e-08 2.314814814814814771e-08 6.944444444444443983e-08 2.314814814814814771e-08 1.503275462962962985e-03 6.871296296296296570e-04 2.314814814814814771e-08 8.101851851851851534e-08 7.880092592592592400e-04 3.164351851851851543e-05 3.472222222222221992e-08 1.157407407407407386e-08 1.041666666666666664e-07 1.157407407407407386e-08 2.314814814814814771e-08 2.314814814814814771e-08 2.314814814814814771e-08 2.314814814814814771e-08 2.314814814814814771e-08 3.472222222222221992e-08 1.157407407407407386e-08 4.413159722222221963e-03 2.314814814814814771e-08 8.332349537037037415e-03 1.264479166666666573e-03 2.883553240740740781e-03 2.314814814814814771e-08 4.629629629629629543e-08 4.629629629629629543e-08 9.746527777777777893e-05 7.849537037037037247e-05 4.629629629629629543e-08 1.273148148148148174e-07 5.787037037037037094e-08 8.101851851851851534e-08 6.328831712962963429e-01 4.352743055555555879e-03 7.760034722222222681e-02 4.629629629629629543e-08 2.314814814814814771e-08 2.314814814814814771e-08 2.314814814814814771e-08 2.314814814814814771e-08 2.039466458333333510e+00 2.314814814814814771e-08 1.177131944444444363e-02 2.314814814814814771e-08 5.347222222222222394e-04 8.071856828703704023e-01 2.314814814814814771e-08 3.472222222222221992e-08 7.050925925925925547e-04 2.314814814814814771e-08 4.629629629629629543e-08 4.319675925925925701e-04 3.472222222222221992e-08 1.189332465277777695e+00 6.944444444444443983e-08 2.314814814814814771e-08 2.314814814814814771e-08 2.778321759259259460e-03 8.101851851851851534e-08 1.157407407407407386e-08 1.564811805555555435e-01 2.314814814814814771e-08 1.639189814814814893e-03 6.944444444444443983e-08 5.787037037037037094e-08 8.975205324074073676e-01 1.111428819444444382e-01 4.629629629629629543e-08 9.875000000000000151e-05 2.314814814814814771e-08 2.314814814814814771e-08 9.725624999999999895e-03 2.314814814814814771e-08 1.157407407407407386e-08 1.041666666666666664e-07 2.314814814814814771e-08 2.314814814814814771e-08 6.272777777777778160e-03 2.314814814814814771e-08 2.414490740740740920e-03 1.268111111111111175e-02 4.752722453703703831e-01 2.314814814814814771e-08 2.314814814814814771e-08 1.157407407407407419e-07 1.157407407407407386e-08 1.157407407407407386e-08 2.314814814814814771e-08 3.472222222222221992e-08 2.314814814814814771e-08 3.472222222222221992e-08 2.314814814814814771e-08 1.157407407407407386e-08
2.314814814814814771e-08 2.314814814814814771e-08 1.157407407407407386e-08 2.314814814814814771e-08 3.472222222222221992e-08 1.157407407407407386e-08 1.157407407407407386e-08 2.314814814814814771e-08 1.157407407407407386e-08 2.314814814814814771e-08 3.472222222222221992e-08 2.314814814814814771e-08 5.439814814814814299e-07 8.101851851851851534e-08 8.707175925925925825e-05 6.896296296296296636e-04 8.857985185185185406e-01 1.161834861111111117e+00 2.314814814814814771e-08 5.787037037037037094e-08 2.314814814814814771e-08 2.314814814814814771e-08 1.157407407407407386e-08 2.314814814814814771e-08 2.314814814814814771e-08 2.314814814814814771e-08 2.314814814814814771e-08 3.472222222222221992e-08 9.225347222222222672e-04 1.273148148148148174e-07 3.472222222222221992e-08 8.101851851851851534e-08 1.327756481481481565e-01 3.036750972222222344e+00 4.315162037037037056e-04 4.629629629629629543e-08 5.861111111111111426e-05 7.896042824074074318e-01 1.559112615740740615e-01 1.380208333333333385e-04 1.388888888888888797e-07 2.314814814814814771e-08 1.157407407407407386e-08 8.101851851851851534e-08 7.276458333333333563e-03 4.915532407407407524e-03 8.310300925925926275e-04 4.888159722222222558e-03 2.314814814814814771e-08 8.739583333333332765e-05 5.787037037037037094e-08 8.101851851851851534e-08 2.314814814814814771e-08 9.259259259259259085e-08 2.634374999999999998e-04 6.125890138888888892e+00 9.259259259259259085e-08 1.157407407407407386e-08 2.314814814814814771e-08 1.707277662037036958e-01 2.314814814814814771e-08 2.314814814814814771e-08 9.094909722222221937e-02 2.314814814814814771e-08 6.944444444444443983e-08 1.157407407407407386e-08 2.314814814814814771e-08 2.350578703703703630e-04 6.196210069444444413e-01 2.314814814814814771e-08 2.314814814814814771e-08 1.379780092592592603e-03 1.157407407407407386e-08 1.450660185185185247e-01 2.314814814814814771e-08 3.472222222222221992e-08 6.944444444444443983e-08 1.041666666666666664e-07 3.472222222222221992e-08 7.955675925925925762e-02 1.157407407407407386e-08 3.472222222222221992e-08 1.815972222222222347e-04 1.157407407407407386e-08 1.596643518518518616e-04 2.314814814814814771e-08 2.314814814814814771e-08 1.157407407407407386e-08 2.471530092592592528e-02 2.314814814814814771e-08 2.342222222222222101e-03 1.646161342592592502e-01 6.944444444444443983e-08 2.314814814814814771e-08 1.347164351851851778e-03 3.472222222222221992e-08 3.762962962962962854e-04 8.020833333333333591e-05 2.314814814814814771e-08 3.472222222222221992e-08 1.157407407407407386e-08 1.837673611111111105e-03 1.157407407407407386e-08 2.220879629629629506e-03
1.663981481481481561e-03 7.238657407407407410e-04 1.314236111111111020e-04 4.871296296296296203e-04 3.413194444444444392e-04 1.398148148148148091e-04 6.214120370370370718e-04 1.238553240740740803e-03 9.339120370370370241e-04 7.017361111111111748e-05 1.653125000000000135e-04 1.937962962962962946e-04 3.472222222222221992e-08 3.472222222222221992e-08 7.669062499999999838e-02 6.591938657407407642e-02 4.353194444444444255e-03 2.158680555555555450e-04 1.014780092592592513e-03 8.192592592592592678e-04 1.170277777777777679e-03 1.847280092592592637e-03 8.298611111111111043e-05 3.330324074074074306e-04 8.655219907407406613e-03 1.062847222222222269e-04 1.337615740740740670e-04 4.274305555555555849e-05 1.582977777777777872e-01 2.314814814814814771e-08 8.642361111111110589e-05 3.472222222222221992e-08 6.799814814814814957e-03 1.919560185185185226e-04 8.026597222222221772e-02 2.417708333333333395e-04 1.325208333333333403e-03 1.076388888888888881e-04 1.626770833333333367e-03 4.690591435185185315e-02 2.894444444444444387e-04 2.679629629629629571e-04 2.314814814814814771e-08 2.314814814814814771e-08 2.293020833333333543e-03 1.621435185185185176e-03 2.076321296296296248e-01 5.766934594907407785e+00 8.778935185185184921e-05 9.700909722222221532e-02 2.071296296296296178e-04 2.314814814814814771e-08 3.150810185185185202e-04 1.157407407407407386e-08 1.062942476851851809e-01 1.558680555555555503e-04 2.314814814814814771e-08 2.363738425925925816e-03 1.079953703703703631e-03 7.537546296296296529e-03 1.005439814814814857e-04 2.314814814814814771e-08 1.715034722222222177e-03 2.365625000000000106e-04 2.314814814814814771e-08 2.314814814814814771e-08 1.455324074074073996e-04 1.823637037037036945e-01 5.787037037037037094e-08 1.157407407407407386e-08 1.332466435185185143e-02 3.342778935185185263e-02 9.739120370370370205e-04 2.124872685185185371e-03 2.314814814814814771e-08 1.157407407407407386e-08 3.472222222222221992e-08 1.388888888888888797e-07 5.649305555555556068e-04 7.145833333333334006e-05 3.834259259259259478e-04 3.979282407407407399e-04 4.446754629629629668e-02 1.764236111111111116e-04 1.208235763888888953e-01 1.157407407407407386e-08 9.342592592592593255e-05 6.993981481481481013e-04 1.285173611111111065e-03 5.674768518518518877e-04 1.459675925925925898e-03 4.605682870370370226e-03 2.314814814814814771e-08 1.517291666666666572e-03 2.108937615740740790e-01 2.314814814814814771e-08 6.729537037037036651e-02 7.227490740740741271e-02 5.014236111111111237e-04 3.221064814814814705e-05 8.501157407407407469e-05 1.674855324074073920e-02 7.138888888888888791e-05 5.277525462962962682e-02
1.267228819444444488e-01 1.175032060185185190e-01 7.206281250000000360e-02 8.574323726851852401e-01 2.103310416666666627e-01 8.545958333333333878e-02 1.294771990740740675e-01 1.137574305555555526e-01 2.903445601851852020e-02 2.771218518518518414e-01 1.964254745370370425e-01 1.032987037037036981e-01 2.314814814814814771e-08 2.314814814814814771e-08 1.417314814814814826e-03 1.949421296296296319e-03 4.563483796296296385e-03 4.752314814814815117e-03 9.317765972222221693e-01 1.623224537037036910e-02 1.549848032407407372e-01 1.644290740740740608e-01 7.100687499999999708e-02 6.931476851851851861e-02 3.817013888888889234e-02 4.990225694444444526e-02 1.196469444444444447e-01 5.476216435185185527e-02 3.245138888888888986e-03 3.472222222222221992e-08 8.120624999999999372e-03 2.314814814814814771e-08 4.742891967592592906e+00 1.280758276620370317e+01 1.718171296296296200e-03 1.619792129629629707e-01 1.514675925925925825e-03 4.890914351851852020e-03 1.704976851851851781e-04 2.715173611111110913e-03 1.165185300925925954e-01 1.101239513888888855e+00 2.424305555555555469e-04 2.314814814814814771e-08 2.053385416666666727e-02 1.866550925925925908e-04 9.301041666666666442e-04 3.507754629629629439e-04 1.876263888888888842e-01 1.926180555555555545e-03 1.056196759259259293e-01 2.314814814814814771e-08 3.585023148148147945e-03 2.314814814814814771e-08 6.656793981481481416e-03 4.054557870370370520e-02 3.472222222222221992e-08 9.969467592592592270e-03 1.878562581018518474e+00 1.089214223379629587e+01 8.233937500000000631e-02 1.176504629629629694e-04 1.058136574074073971e-03 1.046846643518518416e+00 1.157407407407407386e-08 2.138078703703703615e-04 6.639621527777778143e-02 3.311516203703703670e-03 2.314814814814814771e-08 1.164930555555555554e-04 5.143032407407407275e-02 1.610370370370370298e-03 3.953159722222222491e-03 6.540229166666666760e-02 1.627083333333333355e-04 1.062037037037037062e-04 1.157407407407407386e-08 3.472222222222221992e-08 1.612087152777777754e-01 6.913146990740741404e-02 1.577717361111111161e-01 1.908152777777777642e-01 2.038136574074074156e-03 7.753687500000000510e-02 2.689814814814814803e-04 6.667245370370370686e-04 1.391754050925926023e-01 1.508887152777777796e-01 1.337773148148148177e-02 7.591188657407407780e-02 7.259467939814815196e+00 3.637069444444444161e-02 2.314814814814814771e-08 6.208604166666666785e-02 3.281608796296296357e-03 3.246990740740740935e-04 2.188310185185185063e-03 1.019756944444444443e-03 6.866611111111110832e-02 1.257958333333333324e-02 2.214950694444444423e-01 8.860532407407407463e-04 7.997820601851851618e-02 1.922754629629629727e-03
3.723206018518518488e-03 1.259849537037036971e-03 2.911446759259259456e-03 1.334270833333333359e-03 1.626886574074073999e-03 1.236701388888888963e-03 7.934374999999999805e-04 1.708113425925925858e-03 7.386805555555555746e-04 1.911157407407407423e-03 8.238541666666666366e-04 2.636134259259259073e-03 6.155092592592592213e-04 2.614699074074074191e-04 3.752440370370370371e+00 7.010097222222222424e-01 1.627083333333333355e-04 3.177511574074073919e-03 1.863321759259259228e-03 5.334016203703703662e-03 2.257337962962963161e-03 8.618634259259259694e-04 2.190891203703703577e-03 3.571435185185185303e-03 1.536805555555555581e-03 3.189236111111111004e-03 4.423912037037036962e-03 2.810266203703703711e-03 7.625568506944444103e+00 2.844791666666666584e-04 7.359722222222221709e-04 1.436203703703703644e-03 3.284259259259259120e-04 3.368749999999999891e-04 6.824382673611110839e+00 3.410127314814814618e-03 1.793256910879629729e+01 1.357939814814814860e-03 4.470023148148147881e-04 8.352696759259259363e-03 2.776967592592592595e-03 1.353379629629629724e-03 4.872158495370370268e+00 1.211921296296296363e-04 2.242175925925926107e-03 1.810072916666666601e-02 6.135329629629630022e-01 1.020204513888888914e-01 4.680729166666666372e-03 7.953322916666666353e-02 4.038460648148147793e-03 3.372685185185184971e-05 6.060335648148148027e-03 1.573958333333333351e-04 4.693090277777777625e-02 1.218429398148148171e-02 1.299768518518518514e-04 4.657500000000000182e-03 5.074675925925926055e-03 3.425462962962963053e-04 1.740057870370370326e-03 9.731249999999999623e-02 1.731145833333333234e-03 4.581689814814814479e-03 2.239085648148148033e-03 2.721164143518518319e+00 2.093020833333333452e-03 1.599173611111111282e-02 2.314814814814814771e-08 8.838468750000000318e-02 1.490428240740740732e-03 6.257444444444444365e-01 1.439768518518518611e-03 1.641446759259259161e-03 5.850808680555555696e+00 1.773989564814814912e+01 3.874537037037037121e-04 1.335995370370370256e-04 3.494988425925926127e-03 7.979745370370370334e-04 1.114166666666666734e-03 1.704745370370370355e-03 1.270646806712962906e+01 6.853472222222222604e-03 9.609656712962962644e+00 2.856954606481481473e+00 1.389108796296296272e-03 9.289351851851852023e-04 2.305671296296296386e-04 3.975462962962962761e-03 1.592708333333333400e-04 1.919131944444444444e-03 1.756018518518518627e-04 1.482858796296296355e-03 5.491806666666666281e+00 3.472222222222221992e-08 1.573320601851851963e-02 1.990286924768518517e+01 6.925810185185184804e-04 1.108101851851851869e-03 3.045173611111110911e-03 1.937644560185185272e+00 2.062627314814814879e-03 1.157748908564814805e+01
5.720551759259259406e+00 1.233060185185185127e-02 6.811886574074074371e-03 1.888401075231481485e+01 6.170787731481481853e-01 1.683094873842592420e+01 1.353717578703703772e+01 5.713833506944444807e+00 6.944241863425926198e+00 2.051906107638889054e+01 1.493910656249999924e+01 8.722846562499999123e+00 7.080979675925926031e+00 8.450476273148148643e-01 5.787037037037037094e-08 5.787037037037037094e-08 1.723217592592592509e-02 7.918586574074074624e-01 1.407339120370370428e-02 1.037013888888888968e-03 2.924328703703703725e-03 4.497613067129629272e+00 1.426174768518518460e-02 2.091539384259259293e+01 9.797666354166667091e+00 1.860959826388888905e+00 2.481226886574074086e+00 1.036507175925925894e-01 4.629629629629629543e-08 4.908561388888888821e+00 1.354994212962962880e-02 4.722044097222222625e+00 7.088506944444444846e-02 4.918272719907407442e+00 4.629629629629629543e-08 5.095949074074073923e-03 4.629629629629629543e-08 1.091779442129629629e+01 4.812108796296296620e-02 1.157407407407407419e-07 4.759194687499999965e+00 1.264106775462962950e+01 4.629629629629629543e-08 9.834777546296296080e-01 2.611168668981481478e+00 3.472222222222221992e-08 1.041666666666666664e-07 5.787037037037037094e-08 6.563309236111111389e+00 4.629629629629629543e-08 7.278928587962962826e-01 1.384048611111111070e-02 1.526712384259259203e-01 5.110203807870369985e+00 4.629629629629629543e-08 3.073495893518518685e+01 6.083035601851851659e+00 4.144131944444444382e-02 2.243109953703703585e-02 1.102905092592592609e-03 9.644780115740740456e+00 4.276828703703703695e-03 7.362613425925926269e-02 1.884543743055555609e+01 1.304863425925925982e-02 6.944444444444443983e-08 6.870391550925925905e+00 4.629629629629629543e-08 2.803587962962963021e-03 3.472222222222221992e-08 9.148435393518518310e+00 9.259259259259259085e-08 3.034649305555555537e-02 7.760243981481481645e-01 9.259259259259259085e-08 5.787037037037037094e-08 1.697140688657407281e+01 5.243656249999999880e-02 5.959186805555555244e-01 1.685284434027777678e+01 3.550025462962962813e-02 5.568355613425925554e+00 3.472222222222221992e-08 9.826152407407407807e+00 4.629629629629629543e-08 3.472222222222221992e-08 3.867626087962963144e+00 2.791643124999999781e+00 9.721790509259259361e-02 1.394709253472222166e+01 3.540666388888888960e+00 2.314814814814814771e-08 5.984530902777778216e+00 7.879622499999999974e+00 2.430555555555555460e-07 2.314814814814814771e-08 3.472222222222221992e-08 3.472222222222221992e-08 9.849594756944444640e+00 1.951963356481481560e+00 2.051072465277777823e+01 3.472222222222221992e-08 2.719258101851851697e-02 3.472222222222221992e-08
3.472222222222221992e-08 2.314814814814814771e-08 3.472222222222221992e-08 3.472222222222221992e-08 6.944444444444443983e-08 5.787037037037037094e-08 3.472222222222221992e-08 3.472222222222221992e-08 2.314814814814814771e-08 5.787037037037037094e-08 5.787037037037037094e-08 4.629629629629629543e-08 4.629629629629629543e-08 3.472222222222221992e-08 4.629629629629629543e-08 2.314814814814814771e-08 6.944444444444443983e-08 3.472222222222221992e-08 3.472222222222221992e-08 9.259259259259259085e-08 4.629629629629629543e-08 2.314814814814814771e-08 4.629629629629629543e-08 5.787037037037037094e-08 9.259259259259259085e-08 8.101851851851851534e-08 5.787037037037037094e-08 8.564814814814815084e-07 2.314814814814814771e-08 4.629629629629629543e-08 3.935185185185185409e-07 1.851851851851851817e-07 2.430555555555555460e-07 1.620370370370370307e-07 5.787037037037037094e-08 6.944444444444443983e-08 3.472222222222221992e-08 1.620370370370370307e-07 8.564814814814815084e-07 3.472222222222221992e-08 4.629629629629629543e-08 4.629629629629629543e-08 5.787037037037037094e-08 9.259259259259259085e-08 5.787037037037037094e-08 3.472222222222221992e-08 6.944444444444443983e-08 3.472222222222221992e-08 3.472222222222221992e-08 1.157407407407407419e-07 3.472222222222221992e-08 9.259259259259259085e-08 3.472222222222222389e-07 3.472222222222221992e-08 9.259259259259259085e-08 4.629629629629629543e-08 3.472222222222221992e-08 5.787037037037036961e-07 1.736111111111111194e-07 3.240740740740740614e-07 5.787037037037037094e-08 2.662037037037037235e-07 4.629629629629629543e-08 3.472222222222221992e-08 3.472222222222221992e-08 3.472222222222221992e-08 3.472222222222221992e-08 2.314814814814814771e-08 5.787037037037037094e-08 2.314814814814814771e-08 4.861111111111110921e-07 2.314814814814814771e-08 2.314814814814814771e-08 4.629629629629629543e-08 5.787037037037037094e-08 3.472222222222221992e-08 3.472222222222221992e-08 3.472222222222221992e-08 5.787037037037037094e-08 3.472222222222221992e-08 4.629629629629629543e-08 3.472222222222221992e-08 3.472222222222221992e-08 3.472222222222221992e-08 2.314814814814814771e-08 2.314814814814814771e-08 3.472222222222221992e-08 3.472222222222221992e-08 4.629629629629629543e-08 4.629629629629629543e-08 2.314814814814814771e-08 3.472222222222221992e-08 4.629629629629629543e-08 2.314814814814814771e-08 2.314814814814814771e-08 9.259259259259259085e-08 3.472222222222221992e-08 2.314814814814814771e-08 5.787037037037037094e-08 1.157407407407407419e-07 3.472222222222221992e-08 2.314814814814814771e-08 5.787037037037037094e-08 2.314814814814814771e-08
3.472222222222221992e-08 2.314814814814814771e-08 1.157407407407407386e-08 2.314814814814814771e-08 4.629629629629629543e-08 6.944444444444443983e-08 2.314814814814814771e-08 2.314814814814814771e-08 3.472222222222221992e-08 4.629629629629629543e-08 3.472222222222221992e-08 3.472222222222221992e-08 6.944444444444443983e-08 4.629629629629629543e-08 1.157407407407407419e-07 1.504629629629629684e-07 2.314814814814814771e-08 2.314814814814814771e-08 5.787037037037037094e-08 8.101851851851851534e-08 6.944444444444443983e-08 3.472222222222221992e-08 3.472222222222221992e-08 4.629629629629629543e-08 5.787037037037037094e-08 5.787037037037037094e-08 4.629629629629629543e-08 3.472222222222221992e-08 1.388888888888888797e-07 2.314814814814814771e-08 1.122685185185185126e-06 4.629629629629629543e-08 2.546296296296296348e-07 4.629629629629629543e-08 1.851851851851851817e-07 3.472222222222221992e-08 6.828703703703703890e-07 5.787037037037037094e-08 1.620370370370370307e-07 1.388888888888888797e-07 4.629629629629629543e-08 2.314814814814814771e-08 1.388888888888888797e-07 4.629629629629629543e-08 5.787037037037037094e-08 1.388888888888888797e-07 2.083333333333333327e-07 1.157407407407407419e-07 3.472222222222221992e-08 1.388888888888888797e-07 3.472222222222221992e-08 6.944444444444443983e-08 1.620370370370370307e-07 2.314814814814814771e-08 1.388888888888888797e-07 3.472222222222221992e-08 4.629629629629629543e-08 2.199074074074073950e-07 1.967592592592592705e-07 1.504629629629629684e-07 2.314814814814814771e-08 1.041666666666666664e-07 3.472222222222221992e-08 2.314814814814814771e-08 2.314814814814814771e-08 9.259259259259259085e-08 2.314814814814814771e-08 1.041666666666666664e-07 3.472222222222221992e-08 1.041666666666666664e-07 1.041666666666666664e-07 1.041666666666666664e-07 2.314814814814814771e-08 2.314814814814814771e-08 1.504629629629629684e-07 1.041666666666666664e-07 2.314814814814814771e-08 2.314814814814814771e-08 6.944444444444443983e-08 4.629629629629629543e-08 4.629629629629629543e-08 2.314814814814814771e-08 9.259259259259259085e-08 2.314814814814814771e-08 1.041666666666666664e-07 1.041666666666666664e-07 2.314814814814814771e-08 2.314814814814814771e-08 3.472222222222221992e-08 5.787037037037037094e-08 2.314814814814814771e-08 9.259259259259259085e-08 2.314814814814814771e-08 3.472222222222221992e-08 1.041666666666666664e-07 6.944444444444443983e-08 9.259259259259259085e-08 9.259259259259259085e-08 3.472222222222221992e-08 9.259259259259259085e-08 2.314814814814814771e-08 1.041666666666666664e-07 3.472222222222221992e-08 1.041666666666666664e-07
