0.904846693703813,-0.0895622409002504,-1.23010714975719,0.691606379949033,8.74726557337948e-05
4.35066160005239,-1.76080956241811,-0.0426506984096661,-0.00407770205667641,1.06446868704046e-05
2.01680461966374,-0.312623779675089,-0.610060985685464,0.214336574584872,5.8047885469347e-06
2.01635156369627,-0.261343543423465,-0.0302486509856032,0.00530161145023455,8.66309134816075e-06
1.17309196757491,-0.0544552336550147,-1.14951796332079,0.422310631604135,7.82966732854455e-06
1.50522242384537,-0.040158293517285,-0.363625734449483,0.141455585396473,1.06419648935316e-05
1.71310781452076,-1.87035226406655,-0.0760334016296814,0.00369941458976881,-2.92880632629985e-05
0.183220828998641,0.0547580219861358,-0.222242475967866,0.0713215737169568,-7.96482181534688e-06
0.545661281162043,0.00575333193953596,-0.224051682398204,0.0958459849528162,-4.47915766201687e-06
1.89858190572379,-1.31317239030862,-0.0343552897825843,0.00168121922935617,-1.35576196340942e-05
0.320186930561542,0.0260614486009359,-0.156263626025248,0.047620843555816,-5.58076119660617e-06
1.3878599437396,-0.583499988259686,-0.0385082106996839,0.00166016365597397,-1.00597723455819e-05
2.53955562112304,-0.104955160347474,1.48368180794848,-0.490456415484956,4.9984061143418e-05
0.69169048834101,-0.00532494277239833,0.14655537244508,-0.0273272573503771,4.6364879142363e-07
9.99671852823373,-1.99301184655389,0.0101079074064503,-0.0238063000082953,3.6298606049367e-05
1.13579608353586,0.07287774030055,0.0765965968099746,-0.004114356916299,-8.95417555207282e-07
1.48398770565268,-0.0513689619075413,0.387915774955402,-0.170594076234718,-2.42723438533096e-06
0.995915372968214,-0.0180274650703709,0.0368818467605292,-0.0106687828257989,4.15660181310499e-06
1.40325331781416,-0.0595960981216427,0.039180194532584,-0.00632688401313374,1.91222231835737e-05
1.05215571276074,0.307925902315164,0.528259145591315,-0.0173589986262218,-0.000135010433767121
1.11954736199076,0.103709014926905,-0.131023368262975,-0.00876668167267849,0.000483481676224
1.03755655966037,0.0267521699703698,0.621989158937725,-0.0390069091709684,2.15074511534516e-05
2.46807862645254,-1.6703916423595,-0.00419201206807284,-0.0174586268752948,0.000857030639044581
0.395973629171957,0.0232360760403698,0.0921252459836478,-0.00347321520267472,-7.60349687453343e-06
0.851693630333144,-0.00162040593827199,0.208674501415756,-0.0309895924899514,5.29279865429741e-06
0.159025561587925,0.0491746716804715,0.00587340872864912,0.0382996118644724,-1.29604601656199e-05
2.81725352191184,-0.931088934810331,-0.396461036280603,0.0498047789854112,-0.000119985384169766
1.69937071128884,-2.32220423380893,-0.563680192897825,0.0341882751618432,-0.000140918050031577
0.835177776745756,-0.0170643357289988,0.00704557920812902,-0.00391371523463033,-4.93342454820169e-07
-0.12658416231055,0.0516985199000935,-0.0938743231488265,0.0611783767352409,-1.19249642093323e-05
1.09835152943301,0.0553224427364326,0.010626763775371,-0.000754321224752722,5.25804015282764e-07
-0.497703459049524,0.409202447538465,0.00780869654051875,-0.00166941970108406,-2.89685329962771e-05
1.62324460552409,-0.93284578769495,-0.445495755135185,0.0350839216916161,-0.000216406630190587
-3.89800745441033,1.50342480925443,1.04324672490494,-0.0450124985182317,-6.92661599717143e-05
0.0550458233762197,2.26203057157075,0.299604195817021,-0.0197982933688475,1.70530841409447e-05
-0.197047424047159,2.14439392550878,0.198141329717361,-0.0149624400139157,-7.82363819755365e-05
11.6513310920346,-3.22340358947017,-1.15846298896034,0.0677527726166687,0.000389982273589722
4.83316515272477,-0.566783278627807,0.53856597652027,-0.230845901138772,0.000153160901254123
0.806450187157199,-0.00422355162284047,0.112707850138645,-0.023863788008337,4.16473747868787e-06
1.37472686794067,0.00165609408896935,0.113119261684068,-0.0107620270744584,8.40256857163348e-06
1.49756162618524,-0.772599577544244,0.0102762923471802,0.0018335934848689,-8.08987163370238e-05
1.22146958529683,-0.0323045401931034,0.0296134774800975,-0.00716624187695672,2.62547132793433e-05
0.06144283181672,0.0738379546081238,-0.247523597695714,0.117767982930856,-4.20313199423008e-05
-0.140722497178968,0.0747513896068367,-0.22762241013631,0.0917611362933511,-2.01532532250823e-05
0.399501783747077,0.00265157276114524,-0.321566624978213,0.165394057570031,1.73169296821383e-07
1.42935846687453,-0.347649476054325,0.00992640409392322,-0.000897283482969787,1.36966418945503e-05
1.34716597115796,-0.0147374727965772,0.187966659440092,-0.0515038308674269,1.33942927882166e-05
6.56779983338203,-4.69222068917394,-0.0618585138747013,0.00105589663747189,-6.23436085916892e-05
1.59635890415254,-0.0783935122936353,0.00263648577687678,-0.000330544599939538,-6.03696465953486e-05
0.473716033070065,0.0128319116572214,-0.218296624063247,0.0736469747369766,-6.76415416628727e-06
1.53841321920527,-0.0362572702207989,0.0141324476689015,-0.0141674058393054,5.74453466162823e-06
2.89506304721531,-0.206456294981732,-0.0207119696425375,-0.00606981393575945,1.79969604314857e-05
1.03067485726976,-0.00820374784424849,-0.000939861124511299,0.000144389529423573,-1.97463597973215e-06
2.28994610600859,-0.155773207848792,0.140553355058609,-0.0439944185219123,4.53825495183866e-05
1.29212103781877,-0.515540044729956,-0.207699458673815,0.00284745302380271,0.000150873868843096
-1.01717926072267,3.94442043241525,0.679430503791641,-0.0146253197495428,-0.00111488874333003
3.87184211732002,-0.43096004180634,0.22906208311249,-0.0923726159760086,0.000214827529332854
1.6770066197743,-0.160645892883919,0.110194767380345,-0.0189472049519827,3.67376182672343e-05
4.08858353335336e-07,6.07107967879256e-07,2.03089485011643e-07,1.08531991467213e-05,0.000543406047
0.487289525288413,0.0439049259006758,0.0353361041473392,0.000348608687385671,-2.49938890023095e-06
0.682921501358101,0.00336197784977084,0.124281081053612,-0.0210170362394693,2.57497996839852e-06
1.43750559246765,0.242542033404568,-0.0228572413185782,-0.000666854547717113,-8.79435281159008e-06
-2.58648481623338,3.24920386149888,0.633068783940539,-0.00401780273189311,-0.000166395422046586
0.254099266648504,0.0312665786853796,-0.201634120863449,0.0553285685522746,-5.98659666768445e-06
0.12996840773509,0.232077936646657,-0.120147421490002,0.0104787763805499,-6.13085375636112e-06
1.754916292024,-2.47232377830758,-0.00615028873642085,0.00260827991035959,-1.38309914324424e-05
-0.244677856472763,0.0313361505864272,-0.393721987097319,0.296857454040618,-1.41648464485322e-05
0.828987599180348,-0.0205713187005746,0.110618009951105,-0.0262438145591388,-6.61792345083998e-07
-0.0839386270414021,0.473260445045782,-0.120489066504599,0.0208276500267812,-1.33789481429511e-05
-0.0860395484539993,0.227682831001612,0.00766345275141523,0.0123811474826124,-9.34609708005472e-06
3.47735184724433,-1.4749393936791,0.133644273355163,-0.0216533768931784,4.19000424618633e-05
1.16541646896032,-0.0398178510771025,-0.22699266111761,0.0866757496111831,6.43519987148448e-06
0.752138082274082,-0.00864337085490305,-0.0488429104905175,0.0151024687269351,1.22821527254729e-06
0.525720516316034,0.249668586802811,0.0326376916019269,-0.00145953413236126,-2.43952104443178e-06
1.43044724965634,0.219772396904396,-0.00247645101610177,6.7333677696802e-05,-4.04876701427303e-05
6.5172961228273,-2.58297904228235,0.203998177974688,-0.020736377113573,4.63775933162948e-05
0.730842192796887,0.100348311078283,0.0655623797790287,-0.00541681778815651,3.39287943855737e-06
4.8485236048257,-0.432597226456818,-2.06993679719288,0.663987401079995,-0.000225092616031293
1.14823639748411,-0.178114769899578,-0.00508502597085422,0.000472039121992706,-1.75206907461914e-05
1.02338518480459,-0.0232092437091052,0.0944416320727834,-0.0186834985773975,2.26378579486007e-06
-0.45469768197836,0.309466049172266,-0.229644103577308,0.055123574255893,-1.20398287288403e-05
0.70365190333012,-0.0304247919428574,0.260212755672065,-0.0752715455156456,-6.46496428496455e-07
1.1168108313201,-0.0716424743486658,0.40751711015219,-0.136457744548816,4.40618769684515e-06
0.987540832594519,-0.0278343071053823,-0.133137054213933,0.0350174533678056,-2.16441679972922e-06
-1.22918133314439,1.60337862027929,0.0622757244322589,0.000189719710748189,-2.90810602713255e-05
0.827179203839546,0.121662191497078,-0.0413940410612864,0.005185440664781,-6.3797810794958e-06
-7.16320597189118,8.32781791512016,0.0183579812292434,-0.000212657073883357,-8.40688243737071e-05
0.587907596658741,0.151933491090279,-0.0265663708798809,0.0040840323397842,-1.79555342532136e-06
-0.520831836930762,3.52678331304983,0.162830654430977,-0.00729765972700295,-7.62857929122027e-05
1.41329705870115,-0.626586187690993,-0.0135272952307407,0.000354393232620616,1.28369821953281e-05
2.15065672864888,-0.256688340607686,-0.0284182354736822,0.000687579779890281,2.82852974316459e-06
2.3284129445537,-3.08569892067225,-0.376414216719193,0.0122284208486353,0.00015476324012989
1.21040671781153,-0.0259773946100775,1.21100979584827,-0.407868859319452,1.10584278099474e-05
0.429721507916061,0.116284824859781,0.0219266535483002,-0.0135222670125755,-2.08098074289329e-05
0.935351165046808,0.0409726644808657,0.137383626162194,-0.01602171726298,5.71434086003113e-07
-0.10220171480625,0.0784091725225329,-0.122300520597109,0.108851468457471,-5.13170769204334e-05
0.803644046088167,-0.018807853472741,0.42164918745646,-0.146773491811785,1.99891058401196e-05
1.30259281797618,-0.193544573685416,-0.00635659756603512,-0.00149680636271449,5.47589584944203e-05
6.40321504581355,-0.647242449447161,-2.60954928489831,0.789696326651031,0.000791346973919162
-0.641318755948229,0.261706647789928,-0.356746685641267,0.0296917880950744,-7.03516748294882e-05
1.24611089358313,-0.0221270228826167,0.142509668171635,-0.0280275262992472,1.78457729444274e-05
2.03877819013881,-1.26333093559315,0.0115102358453136,-0.000193288441181013,-3.5185633068428e-05
0.722486886561009,-0.00736009564720084,0.742438222371881,-0.371931704426116,-2.10277361420935e-05
1.9286651118749,-0.832718668533308,0.00860449738803949,-0.00062121460318181,4.1928037515901e-05
1.39458554586077,-0.0294595581758567,0.0040563588151775,-0.00128431845116801,-4.33190409098188e-08
3.15632296786986,-0.364504687040153,0.222374161039612,-0.0670279444408006,5.93050159432436e-05
-0.481878124325219,0.185225834757082,-0.268432797583702,0.0827082697845219,-2.01308122239744e-05
1.13245651440824,-0.0459525075564187,-0.0345294465534082,0.00967143313829831,1.18161335926306e-06
0.153143857955363,0.00435178952654641,-0.74763996400451,0.54563049913662,1.23710429694249e-05
1.52121901166929,-0.740782607517564,-0.0176287565323028,-0.000781565511946523,8.71327857535854e-05
1.40560823596617,-0.046920907665242,0.188291899170154,-0.0473049002377298,2.59259571120242e-05
0.0266805522496329,-0.0202647333114563,-0.156635870655436,0.0138440518913125,2.08763052455665e-06
1.69790705507376,-0.0719385636047204,0.283130989574896,-0.117969886875779,7.07172684533281e-05
11.501151975886,-15.7079180204518,0.0299520728514358,0.00295003087770515,-1.22033987371515e-05
1.08912711683402,-0.0180862838311821,-0.213622738644309,-0.000859398990708341,0.000166209482292931
0.721425652730299,0.0151675484770652,0.14761796004807,-0.0157033307321322,-1.92841688643822e-06
1.32106430865544,-0.367776367211477,-0.0715927239231796,-0.0020031451985327,0.000138136469072047
0.334639968973801,0.00871751035525736,-0.232257323627792,0.106656694083646,1.81939557088785e-06
0.552227595970824,0.012550257278187,0.051684082824258,-0.00313092502722527,-2.32981375627119e-06
0.517950657837655,0.000726050280377382,-0.371196107802288,0.166201472122865,4.15673172295462e-06
1.95524385142507,-0.133645851121596,0.362966551834057,-0.115110146081288,3.59322826757293e-05
1.26724193767277,-0.451721344002824,0.00257019274530725,-0.00251299491299037,8.13745510102961e-05
0.874403156293102,0.00521460482627129,0.136864845163011,-0.020861532401599,4.08919079258232e-06
0.804363673940953,-0.0067091722368212,-0.168029591232227,0.0659574361088884,1.47092080876242e-06
1.82264309335431,-0.588470632275723,-0.216349194855087,-0.00246568443730166,0.000440297677144658
1.98024350388994,-0.814573533778895,-0.0312111453761683,-0.00173377273891664,0.000170497724676675
1.31159613178367,-0.0298768464322869,0.0452933047466034,-0.0126244239638665,3.82509974550934e-05
2.07838628729296,-0.0897921234759103,0.7051335213552,-0.228179090683783,6.18433553193298e-05
-2.97073234321355,0.522697174089473,-0.512604148466536,0.170484861179911,-0.000160862741547743
1.37235795125837,-0.43471389214466,-0.0282823992685417,-8.45659872773038e-05,4.15387280791657e-05
0.690818944024327,-0.000563887204331096,0.257996216257845,-0.0470460368976106,4.63366832818547e-06
2.49057394311933,-0.213925204951283,-3.5594343836101,1.1235031127088,-0.000368609816429891
1.70670009272462,-0.0692534990999871,0.485218109059398,-0.149886413954436,7.85515255868968e-06
0.0770615937654178,1.43988348961252,0.02402557286331,-0.00082680082035615,-4.15140832183743e-05
1.39882119237223,-0.274654973456445,0.0258939326572852,-0.00129295265651681,3.56375949335953e-06
2.90714447617323,-0.169155215387302,-0.468645508568153,0.144444814426658,-2.21796217834552e-05
-0.115976260473835,0.0264093053921125,-0.334340470765143,0.316068257134895,-5.13470750566778e-05
1.05028489109584,0.276430038117945,0.0486148750239835,-0.00276923823570641,-3.92653150801237e-06
0.269311187644992,0.0927281536973193,-0.151807616503032,0.029716276957955,-9.38233200628503e-06
1.85059004835307,-1.62981957840281,-0.111862428944942,0.00489848256119922,-1.83785451068175e-05
0.824894495773851,0.0238958694278693,-0.253293478574595,0.0684677862988263,-5.89895123106483e-06
1.4857968718165,-1.53892966274672,-0.107597864247781,0.00501094101482629,-1.0513668078302e-05
-0.251334595123052,0.192904423572016,-0.16094605476578,0.033483585024191,-1.16889965761356e-05
1.02553050503363,-0.0542546825676687,0.462573700190683,-0.222828784235222,-1.92949414120159e-05
0.644906530183566,0.161933423478579,0.0983647116910954,-0.00965335628972342,1.1232157986382e-06
-0.780641845670345,0.160886776151108,-0.38478607839329,0.23095300215435,-2.06685031850591e-05
6.95727704739236,-2.8629924019853,0.0891677964079,-0.0268682434664637,7.01935434927316e-05
1.07300330752797,0.220048045059673,0.0252881129691992,-0.00164340767985984,1.06355524832017e-06
1.14774763641133,-0.0195160873351537,-0.00962748859304114,0.00214306815716326,-1.23567202348236e-07
2.48049993552668,-0.219211300250633,0.101789782665469,-0.0297543762498912,1.88909863256027e-05
1.11357525671595,-0.0400257181243618,0.0308287855538552,-0.00146349970772654,-2.6705033361015e-06
1.3318783825211,-0.0887305987713961,-0.0110517490663855,0.000380369311330855,1.01035588125999e-06
1.94092993898055,-0.208903902831835,0.0553288671377603,-0.022472719515878,7.16594391543225e-06
1.72735204231104,-0.203175335809884,-0.104165832363237,0.0285257778439171,7.75238127390234e-06
1.41120288029809,-0.139908969438426,0.196326753444138,-0.101412548027614,-3.8848054846324e-06
10.4747593417214,-1.78076501659914,-0.2887382215027,-0.426508482226039,0.000207415333335166
1.03180845262345,0.0297355868826431,0.0933720317178438,-0.011994998201153,7.41325079779841e-06
1.44757678342898,-0.104973127898863,-0.00583844284813479,0.00452807893126314,-8.86122297469851e-07
-2.93513907068734,0.254080447621735,-0.809390049266416,0.286530722908663,-5.28104215458854e-05
-33.0000424142575,189.402491008492,1.8919047975489,-0.644459230629641,0.0061572350470281
1.55341135344461,-0.026851081973915,-4.48600675443018,1.64086946475613,3.68934725313769e-05
1.0035855234908e-07,1.38614763613457e-06,5.55066525242746e-08,2.68938524954776e-06,0.0001354668872
1.96620117562884,-0.124596038989361,0.24969705378006,-0.0592712562042741,2.86548026676489e-05
-0.370947435134267,0.0436743941646999,-0.32572727178836,0.154426019604786,-1.0687883912673e-05
1.22305479317055,-0.237394131853642,0.00188408158604002,-0.000354813976901627,1.5185232779741e-05
1.97478536061092,-0.717530591945991,-0.0210979652291401,0.000152478618195077,7.51318698658825e-05
0.746978562519071,0.0243694422624705,0.08435512490955,-0.00563215794597396,-5.02889376852957e-06
1.28607370603183,-0.0299320856347613,-0.790123724996406,0.296149453848824,2.24140703636131e-05
1.22696346282162,-0.263107166375306,-0.0873954592491357,-0.00394298826002247,0.000161861512072221
0.502739875649508,-0.00151302300235078,-0.405194178165048,0.192586139178018,7.32232697873625e-06
0.0278710609350762,0.0408360187015165,-0.114394157180281,0.0909900754413219,-7.19779151685472e-05
0.976472619329701,0.0189883409658074,-0.975896944913676,-0.0121075103757992,0.000203635606187856
2.33373603832016,0.194898580226779,-0.00334963064844149,-0.00138498327060907,0.000131004209961587
1.30197262852391,-0.00539318138778169,0.200521282825275,0.00363255937315149,-0.000286900831013124
0.609399931442361,-0.00909303669130892,-1.35540482273902,0.739480942299378,8.13868660381961e-05
0.613363466420536,0.213939438595207,0.195549620800845,-0.0227777765580145,-4.57765393613405e-05
0.634795842833423,0.191028684470571,0.0418137306848123,-0.0350549566817046,-6.12916292406623e-05
0.749545378752443,-0.0165327897480575,0.249063834834867,-0.0600134862300341,4.83087358909497e-06
-0.166117092599732,0.240133181335513,-0.124682262481527,0.058795797220051,-5.73250122967011e-05
-0.351154081841193,0.225980913359928,-0.180048366849123,0.0438231925490995,-3.27591700988586e-05
0.957743379236777,-0.00891140573316838,0.0754181101050182,-0.0207917113848339,2.64032124516236e-06
0.639228373700475,0.574882226031742,0.0389595626640882,-0.00215082728449083,-1.89923682379094e-05
2.03688139120538,-1.22565145838189,0.00557159793465029,-0.000244747646152514,1.73095507374747e-05
0.224856745732022,0.0211630000871011,-0.227613284935673,0.0858044589023486,-6.7107125940931e-06
0.81329113369158,0.00339477932105824,0.0957374567997669,-0.0137389747967143,1.30926576944894e-06
0.702785146633583,-0.000677977733740309,0.195703811351968,-0.040529698065165,3.73593641053785e-06
-5.5311610277094,4.08432541952667,-0.4292140714428,0.0502581794959607,-8.32887624788515e-05
2.23150561638093,-0.114276237279626,-0.839482356275334,0.283153047255081,-2.35413378877078e-06
1.15690429682272,-0.0861365045418813,-0.00408921203656919,7.86507804875746e-05,-7.94294712577372e-07
1.4654896386836,-0.0698429154493412,0.492709065765592,-0.155239081168347,1.61814072633889e-05
2.4418205961467,-0.242261029567978,0.734026883538337,-0.212847210946527,6.44647938371673e-05
0.382149628749572,0.227331223425058,0.119530683997084,-0.00854604106128568,-7.63424620950844e-07
-0.400583634552178,0.585842264031613,-0.129974783866046,0.0215200138131702,-2.00222738167215e-05
0.367436683330258,0.0383132128486716,-0.181322277019003,0.0498008442902668,-3.23678751330086e-06
-0.0527700268880655,0.113135042507587,-0.141331538935007,0.0259118889366712,-1.03348810400944e-05
1.86271934967464,-1.45784548684071,0.00473057473003978,-4.96100986290362e-05,-3.8987030779826e-05
0.513832196698289,0.257796521388455,0.0598051757106473,-0.00289888064895937,1.29930159950694e-05
1.49865438166612,-0.0539094452650883,0.205132447663054,-0.0455134169379854,2.18522989330151e-05
1.48700358721393,-0.055987601387882,-0.654903133726247,0.287814736908617,4.9395592025423e-05
1.21316886735317,-0.361557107335553,0.0100645662598549,-0.000266956982594617,-6.79359844217614e-06
-0.00280340753744954,0.0369188886549062,-0.248848071376199,0.103293551909568,-7.80793476999641e-06
0.435969908504017,0.628122280571467,0.0833464521503,-0.00643881420101823,2.02091025642008e-06
0.869524473928405,-0.052279738522011,0.139130402130989,-0.280549510520563,0.000138484207021615
0.789001733708189,0.0280892377996043,-0.00771340056781828,0.00563456989787347,-3.28108235418026e-06
-0.340398507183665,0.096825067221005,-0.286377413174307,0.120692408122522,-1.06499169282104e-05
2.48140511626382,-2.97686671721209,-0.054924277377131,0.00370906906315498,-2.66141762824274e-05
1.97359068992716,-1.79518762845214,-0.00646829661122048,0.000899091710533996,-1.66930296818344e-05
0.821261461620598,0.0639575944125896,0.0613136448724665,-0.00822286007880279,1.43260472597862e-05
0.571255720573601,0.046283075525503,0.10758256770093,-0.00995078691497651,7.76292145466923e-07
0.364111978015793,0.281349709758451,0.066927140519992,-0.00317577796880449,-1.61779142403007e-06
1.38965510956243,-0.0504593083473484,0.176514570756813,-0.0368839913760782,1.36974716754387e-05
0.320420882045902,0.113076635361481,0.096442193485924,-0.00442941354043042,1.84486209243083e-06
1.91977958683664,-0.903413026724863,-0.00368534870568756,0.000119181985986438,-5.15170202719148e-05
0.804362414093045,0.0516439439841035,0.0774119883702077,-0.00782625984127516,7.16905325883642e-06
0.869495656842293,-0.0239227790674723,-0.826467652556617,0.327831219914055,1.2351919783602e-05
0.815822000709606,0.0999014235869337,0.0241242166116416,-0.00239203538588296,-4.9838244959876e-07
-0.0401793195044102,0.0312069995986482,-0.389779436237469,0.223962750539064,-5.35991604265632e-06
1.15278149411646,-0.0892600958024056,0.0367680827804646,-0.00198148435226296,-4.12181225885284e-06
16.3882631609529,-2.59137957138192,2.081400746037,-0.674987552647355,0.000490594986804691
3.50325553501032,-0.745660575415501,0.338344084432193,-0.0297520227015229,3.2428514078608e-05
1.15978134289694,-0.0226215858631603,0.0493277679408461,-0.00275580351103959,-2.63651667329469e-06
-1.78987629528536,1.05538892702778,-0.263835246460533,0.0284553032508098,-1.73655762888455e-05
-0.116888760439964,0.465269142805234,0.0328573132592667,-0.000267290876635592,5.94650198736548e-08
1.44740487571252,-0.0463094370769438,0.129920058743107,-0.0133057559393194,2.74596192520392e-05
1.09829457998275,0.0790391289937637,-0.0407788941732111,0.00247591394112027,-1.77846838137697e-05
1.08076451451259,-0.00585983317552109,0.0671487434854667,-0.00985261257993955,4.63599648095465e-06
2.59161266105301,-2.41558861713855,-0.0373695223638864,0.00205038222160959,-2.12744577061071e-05
3.78665371839213,-0.486425781828975,0.110401305882727,-0.0197828971248689,3.05383996226201e-05
1.63215220567011,-0.753239340831445,-0.014800229949967,0.000688914162494705,-1.04528683001282e-05
6.53471097188673,-8.69264180633,-0.109457849603036,0.00797584504100994,-5.42815669148904e-05
-0.2135344647239,0.156865817023862,-0.1378756463301,0.0213166598692037,-1.01865997296095e-05
1.7442278931567,-1.29479712934555,-0.00360360206240985,0.000859680808174381,-3.48536118612085e-05
1.61443519297089,-0.0495925863757819,0.362241024459582,-0.100989019015836,1.84987779662361e-05
1.45480691949867,-0.0399453659650709,0.0585876818888605,-0.0214901721196601,7.58503521945368e-07
1.45992529361218,-0.549900532032127,0.0194198144157658,-0.000855685982023196,-5.38633742371147e-06
0.681192862494947,-0.027396981916489,-0.32697842481292,0.102247047346582,7.80784336954678e-05
0.67250431801455,0.143493301976279,0.0729310959779033,-0.00748935103033303,3.42440757824553e-06
1.91761314214622,-0.175663671546143,0.794712022625764,-0.250007591468992,3.23077419226793e-05
0.953124886518741,-0.0400030975824752,-0.340541525856549,0.158382136026939,7.25581655598374e-06
0.276596812879084,-0.0065233373798282,-1.11882877838764,0.846053495211759,3.70920372792924e-05
1.35702893092266,-1.7191580201346,-0.00907942918633115,0.00111709760215792,-1.7734065413851e-05
-0.254184245473284,0.116162634537243,-0.268465139264323,0.0792343545375694,-6.11080111419741e-06
0.660246328541535,0.118395132799643,0.131176531868546,-0.0103076179294639,5.61630527819412e-06
1.1079928346506,-0.0221081874401465,0.167898873717515,-0.0330288785577448,1.11071373832376e-05
1.71834821677932,-2.51316145769266,-0.00131006679503082,0.00135995984197841,-2.10175916264131e-05
0.185954087147986,0.579416496773787,0.0879319155245619,-0.00450313352511632,-9.84229005394766e-07
0.472166013741478,0.137798564495286,-0.123404615981375,0.0126230901627532,2.57861453869016e-05
-0.0500339019938021,0.0283981083697095,-0.40438305754933,0.264040602452355,-6.41964391087731e-06
0.931568632545559,-0.00811028398231808,0.183458794094751,-0.0369329755012546,6.74690097461893e-06
-0.0541442614833386,0.011829010488538,-0.285405491888539,0.143605625884433,-8.04783651357335e-06
2.30409627823837,-3.8606555714619,-0.0129680942854443,0.000869624360738086,-8.32592298689168e-05
1.36918043764044,-0.210363023318148,0.072472196827957,-0.00323787399044563,-1.07240526763926e-05
-0.456648049775128,0.696896449816946,-0.105484284008418,0.00670821907645837,6.85699142803458e-06
1.14155344452978,-0.0273815512069443,0.496974274097127,-0.157784481315587,4.75458126957674e-06
0.892223150302852,-0.00903375267579175,0.189792811316406,-0.0382514327132116,7.98362981752815e-06
0.326299571145923,3.0184715025018,0.141827453843532,-0.0100314944400405,4.15717510477436e-05
-0.1957801349193,0.0703252360746899,-0.408125968672841,0.18404004687796,-3.07157774306023e-06
0.305891683607563,0.374905907188443,0.103571195139735,-0.00683217932286125,3.20988336805621e-06
-0.36187933134583,0.0909851853559129,-0.397020376340855,0.201889926922681,-4.65850935307508e-06
1.22195028130975,-0.31706299226725,-0.0661164509840025,0.00405508240257193,-2.27599502630217e-05
0.526333034854153,0.0321004918326575,-0.13326231617552,0.0355105281475096,-5.8120494104279e-06
3.48113397529243,-0.209101510108805,-0.793945669407232,0.268816453383855,-3.39108774414023e-06
1.37721189965161,-0.535693416711399,0.0282405502526895,-0.00124612414062262,-2.42308459300364e-06
0.369996285466034,0.131699362122527,0.0137131876189294,0.00747222756695194,-7.72002034634759e-06
-0.0247820334498622,0.122332532277595,-0.225739441878384,0.0794870763440853,-5.91242200626929e-06
0.031952279053643,0.0669882125235354,-0.222050534522165,0.129689718744985,-1.1358664611948e-05
0.0171729542200591,0.227312911705712,-0.17952049284876,0.0422923279576099,-6.4855502844714e-06
0.955208766941148,0.132882765990597,0.0958865433181722,-0.0076956680596797,5.03701887061791e-06
2.42628582827279,-0.214507475758999,0.302597313725786,-0.0823837796312387,3.92182456545041e-05
1.55398151982683,-1.3502662235982,-0.105730459759066,0.00603647711329466,-2.7886304363251e-05
0.884111221004169,-0.0105804758058693,0.126770200375929,-0.0618089909121265,9.79493393616849e-06
2.46625873678982,-1.48336629624287,-0.0175209163733502,0.000193927990908001,-3.90477059252729e-05
-11.2159590726508,17.6299497519997,0.363413970608647,-0.0262406157600727,0.000279931156643957
0.829239048044007,0.466229930891457,-0.0124126607393973,0.000531921183162695,-9.86853908451958e-06
0.73081678997129,0.0052865494000297,-0.133575610178594,0.0399612899878265,-5.49901402193178e-06
1.71605143197534,-0.48869548472444,-0.0260546103486539,0.000943451317856258,-9.97068003623785e-06
14.8638357281312,-16.5106503340052,-0.0652735534438118,0.0078431639186088,-0.000158582492451393
1.45009702754142,-0.376084403540707,0.0190674744454328,-0.00078217258215164,-2.54246692947662e-05
1.65385299233366,-0.0592082924317692,0.252104016352042,-0.0503212507794076,2.83331732335877e-05
-0.328701230986481,3.7802677883302,0.0267557972340345,-0.00406628674730882,3.73123598583486e-05
0.949701914657496,-0.0193455391158751,1.26352169242461,-0.461923259048545,-1.26890160728496e-05
0.00011132210877471,0.0593828138218661,-0.29362534791058,0.104568602722837,-5.66633508314081e-06
0.346536651569712,0.376583639237205,0.0928371884851995,-0.00573033623350813,4.55957578483315e-06
3.94162089083801,-6.2452203036563,-0.0860449225359465,0.0066874768712431,-5.43116900655783e-05
0.339973192889718,-0.00778677857430491,-0.938499175626385,0.572152694218527,8.51824199420624e-05
2.77496152437178,-3.13015026867449,-0.103323526907873,0.006101843589109,-4.72060896381288e-05
1.05913150844202,-0.0220589991838157,-1.00009871221791,0.521632180187381,8.56116045371449e-05
0.752567062908715,-0.00921673620732637,-1.9648759662126,0.709422473381536,4.31479497024612e-07
-0.732110466646907,2.36770554631244,0.0437717432714812,-0.0025695593953915,2.33231427694755e-05
-0.172891391786427,0.615152099266508,-0.036444677032728,0.00226894526187668,-6.73055448791199e-06
2.97280363725399,-1.89516316581598,-0.199016961652212,0.000565542409042345,0.000138253728878078
0.0317754855972646,1.16026047759571,0.0245555604894935,-0.00127758879332421,1.08022971768514e-05
1.42123624592547,-0.0530175883095514,0.0048366905254544,-0.000312310757638186,-1.33939783748024e-05
2.89235141100685,-1.94082260045299,-0.0624760544555861,0.000564454268716047,-0.000120663756278338
2.0953834522679,-0.455775185885227,0.0804712518030974,-0.00462887276400602,-2.09890303228059e-05
1.30893532681078,-0.196364503133502,-0.126409870412265,-0.00280473477968803,0.000109040256015389
-0.659427062686978,0.363715924030641,-0.18832395606251,0.0170838661274706,-7.20551326188821e-06
1.20362278157183,-0.0273899508615307,-0.835793979147902,0.308183368116987,9.43708993605757e-06
1.33240842624462,-0.381114972264312,0.0148042022557265,-0.000249958705067212,-1.82493781174225e-05
0.780817236105801,0.0569200798942084,-0.019785353947844,0.00693004764197984,-4.87791269899088e-06
-0.481462779243358,0.121075926159044,-0.31278507499037,0.0685720702208245,-3.47457018402081e-06
1.70628379604388,0.732416560374833,0.0168330804768461,-0.00128839212757344,-2.88938418965506e-06
4.74072750765266,-0.331359890828548,0.561485383565087,-0.165488069935636,9.59519177379509e-05
0.0404800386957105,0.101738526340568,-0.176485846455417,0.0437622639706083,-8.01502885509432e-06
0.433640978385978,0.102401767204841,0.134593084524487,-0.00851623652584696,1.45752143756117e-06
-0.351438497427858,0.0495848391503809,-0.417133210183015,0.224825520817464,-7.83612337105089e-06
2.86295038055996,-6.92969311333312,-0.169523273351307,0.00956359123345135,-7.0938498787731e-05
0.450655834736826,0.0184173964904657,-0.12298860833089,0.0399336880638314,-4.61953753624097e-06
0.451476510321405,0.571839258449533,0.0564612720464299,-0.00360443499992122,3.64422580975649e-06
1.30865633750759,-0.657348719730075,0.0219612769438325,-0.00172121849617806,-3.78773966209196e-06
1.53029158571893,-0.0569376329906136,0.313468510904493,-0.0950661171649035,1.52941076023438e-05
3.20741276243684,-1.73132423326018,0.122586851910769,-0.0101276626230329,2.29244880928846e-05
1.89816996726768,-0.154570745218336,0.0619886000777144,-0.0362647411876519,-3.03658833170446e-06
0.382123001017808,0.00843168540772924,-0.397465268651238,0.189722089672001,2.59541283894063e-06
-0.552767321707813,0.845018109126136,-0.165074181211652,0.0211103444389098,-7.35458625945389e-06
1.59606658455083,-3.12122768722711,-0.129900745357413,0.0078142127723104,-4.54473091423672e-05
0.250185708841086,0.127113166337947,-0.124993904309188,0.0231060606400154,-6.23828326910309e-06
0.220276151971112,-0.0120102192764845,-1.06186957260873,0.833127209457388,6.90156677843588e-05
0.896524773039673,0.00482343265625487,0.137990340572134,-0.0206071407634244,5.61899850346114e-06
0.653634401617618,0.0584580274597366,0.0832009716114233,-0.00950603405707909,2.32661646189299e-06
2.30822882886571,-0.255211129976056,0.232205070240255,-0.050685934293902,3.59999576353827e-05
-9.06621036401384,10.3790311133289,-0.200576968266562,0.00321354955701298,0.000141052683643722
4.05227834313229,-4.9749875926368,0.0123082049359307,0.000260924869475933,-2.92584548561953e-05
0.130955646093947,2.34542736860686,-0.0130915256879444,1.54034889016517e-05,-2.0070484782242e-06
0.778069335059221,-0.0177647636755116,-0.673775229577854,0.280569998304659,1.13347667185097e-05
-0.508693872792176,0.58860364624129,-0.0151618612933148,0.00920007831792329,-7.50564003893145e-06
1.26114741384805,-0.0864035392357471,-2.81583262450844,0.916229415734558,-8.08207722259552e-05
1.35644676140386,-0.136669332636433,0.111317622286032,-0.0218392489218085,8.94305113070279e-06
-11.1261285839442,7.7120740333526,-0.795074675168219,0.118679264052545,-5.0125675686002e-05
10.4038571652813,-12.0892840579966,-0.0760671572230821,0.0118862728904598,-3.35975792501542e-05
0.404945869558536,-0.0158436070270421,-0.812806956591266,0.450952252581947,2.79212676377842e-05
0.430294771968042,0.00659080979023544,-0.167696197202555,0.0785300408191936,-2.73521954893214e-06
-0.539171327110106,1.14414215312008,-0.235502386224201,0.0373159947455871,-7.05790999204419e-06
0.196639790261254,0.376296262807711,0.00373210107443057,0.000774353366948603,-2.33208268695017e-06
1.12380970840401,0.00598695593396361,0.0371125529821368,-0.00213325154443577,1.70249768838163e-06
1.24174585334702,-0.05864382078079,0.151172275815216,-0.0252073133728619,1.34856930822309e-05
3.19662989277917,-0.467074869608845,0.112163651954009,-0.0462795722402477,5.57689449089279e-06
-1.45660878736693,0.618026820876006,-0.34380110881557,0.0851069431981846,-1.2098831101542e-05
2.06499709808159,-0.33316508912082,0.221530286234548,-0.0476369615283813,2.68009505595448e-05
1.11516847103348,-0.0409633698395566,-1.06136380176095,0.386512242312967,5.70103926115769e-06
1.42412426111475,-0.603089432580947,0.0263512378780397,-0.00100398943449878,-1.66872596265704e-05
-0.436950124032159,0.92198951571649,0.0859723838824489,-0.0011074109847813,-3.40168773128027e-06
0.733897515192701,0.00243861800609226,-0.172075502386947,0.0544770922222027,-7.5314019474739e-07
-0.297446021928803,0.252026912240122,-0.171266579245264,0.0216040260798631,-7.29695687311627e-06
0.262049747993287,0.170464762832791,-0.0816377360022243,0.00975752970441522,-8.14427917191229e-06
1.94601464711279,-2.04064612988719,-0.0203549883319743,0.00104838602083687,-5.89935913964055e-05
0.697624179012451,0.0679911526948002,-0.0138650819758414,0.00312519244258962,-7.33225120427327e-06
1.83230884553541,-1.13488902679349,0.00828623547684968,-0.00038025113035895,-3.03185964810028e-05
1.11798684855484,-0.00915370918232668,0.614429250515652,-0.180865043274066,1.19770453276326e-05
3.14736234835423,-3.50194407957003,0.0379602926728028,-0.00114416236193103,-1.20176690792074e-05
0.263520102110165,0.159296991253154,0.0904856038036753,-0.0040462570457963,1.61900341012555e-06
1.16199605969139,-0.0317615987718355,0.214847814662116,-0.0607313754944074,7.0631538561852e-06
1.82356605068021,-0.113631226905999,0.268588126624927,-0.0743018389242076,2.46518370787237e-05
-0.573802622395919,5.97593443051239,0.098390977657437,-0.0125580580453628,7.54547644035656e-05
-0.843144884592029,0.214805738380421,-0.366007157017442,0.0994295717464304,-5.13935452025025e-06
-0.376856653246123,0.0785680048645593,-0.363641778534681,0.174166023851693,-8.53838114585818e-06
13.5956268299896,-19.8122312692829,-0.20970977930438,0.0434204086923241,-0.00025079804328688
-0.170005903624048,0.0255115647577589,-0.543654362548686,0.646291051251008,-1.55700728296689e-05
1.06579086244644,-0.0374278369578925,0.279599017314094,-0.0628739968462703,8.24514944317204e-06
1.04114684340286,-0.00110197643415516,0.138400872863813,-0.0180050270114155,9.85908541142604e-06
1.40469575089591,-1.2004520794272,-0.0014327183838988,0.000641928659854033,-2.40473393512117e-05
1.32612918275926,-0.0494733847873681,-1.90035895940859,0.635577125006687,-2.53962665460297e-05
0.767949873061127,0.0142724320642666,0.106564741206244,-0.0135420017388117,2.02821445221739e-06
0.954454970703567,-0.00456373875478518,-0.0704410712404673,0.0209612653435242,-4.74341007481448e-06
3.05298544398925,-2.36305012158891,0.0110692185250091,-0.000453869279372894,-4.61369060848786e-05
2.36671908368712,-0.0858723440265672,-0.343039371336223,0.12379775357561,1.43470985393111e-05
0.993069261548707,-0.0205363822205192,0.534081326343292,-0.254219602274671,-2.24782362293062e-05
1.5343918438453,-0.411850556905938,0.00660080402967323,-0.000473255454223436,-2.86422548836562e-06
2.11619806200754,-0.0623957280484063,-0.75704545654827,0.259877142754358,1.1982888183738e-05
-0.709939944538647,0.204676156501425,-0.240430852893039,0.0544662589649391,-1.30924596386252e-05
5.65646549266679,-1.12560329365467,0.263418775719236,-0.0777131817259671,6.29439211853238e-05
1.69780612221183,-0.835045078048309,-0.00880935311466214,0.00106398162729276,-2.48895062230415e-05
1.15225434998204,-0.0212101879009415,0.171169638483346,-0.0394745586501363,9.49343050381701e-06
1.46467227971069,-0.993723506652544,-0.025577206042286,0.00171196325711806,-1.64408518590686e-05
1.2263751951481,-0.0212279326894249,0.00927603892433871,-0.00541832080324361,2.14690826920024e-08
1.9183319275725,-1.76046153242054,-0.0247320434782056,0.00126639212076731,-2.17795100286289e-05
-0.323454899420863,0.0723712164225124,-0.266592842186907,0.0692798363465562,-6.44533524520257e-06
3.88127119727157,-0.301897272546655,-0.707672252069453,0.237558407559103,-1.66521007284433e-06
1.58006804693528,-0.0567394110134118,-0.678568771899411,0.240696387704812,9.78841785824344e-06
1.53313612028589,-0.606569440032121,0.0200130811766096,-0.00083210509597483,-6.81053713644481e-06
-1.53336510469176,3.51203453200553,0.0118605832801009,-0.00139575978249968,4.51001830309157e-05
1.46967101133291,-0.684658874029907,-0.0345353225016793,0.00190533036857893,-3.48359056333607e-06
0.74961488633481,0.0672698395624584,0.104979929378411,-0.0100443208703686,5.75660181818457e-06
0.858645377613402,0.0299275916691349,0.137996244360223,-0.0203056578246113,8.63411609820088e-06
0.028869441231169,0.246044460044652,-0.155839817917307,0.0385891685235727,-9.13421896890976e-06
-0.395445914087203,0.640239022982266,-0.215366099409975,0.0364955138252058,-6.6347106300803e-06
0.886551263025715,0.196815584582919,0.103750001928892,-0.0124540709055742,1.43231248329898e-05
-0.130345324541586,0.252528688903916,-0.217199887011157,0.0607589997591732,-7.74443569842877e-06
1.31078049727015,-0.105587660032205,0.411969212760789,-0.121114629690525,1.50570988782381e-05
-0.118532543868336,0.563302127822474,-0.0845877345381823,0.0120835058251259,-7.31847638074514e-06
1.28614902546629,-0.0639329700172488,-0.710051911550321,0.268454213614756,1.12654478663907e-05
1.45887817517075,-0.737172087244882,0.0357731557831174,-0.00161656402061392,-3.08085695706818e-06
1.13375704383913,-0.0314129724261169,-1.29276899463973,0.468622934168376,1.44093343411633e-05
5.42289913765849,-1.24605643827563,0.482323856086166,-0.13858421113222,0.000100616399914482
-0.891227991444288,0.335709459589734,-0.332987481938436,0.0739417094006625,-8.18985271887392e-06
32.5602777210297,-31.1650692476046,0.943928738411914,-0.0656573742976078,6.70101545183607e-05
-1.90410396909897,2.05340008128831,-0.181451577531508,0.0149861987064686,-1.32268395565229e-05
0.742462044513383,-0.00284245689557516,0.207997340346851,-0.0405468366360185,2.72830597151485e-06
1.4678680655481,-0.0568322939891397,0.0788124795684332,-0.00726345925222483,8.90681990338034e-06
2.94273606622149,-5.60090134493659,-0.0120313597546734,0.00190703407780402,-4.86824450146647e-05
1.01733437038879,-0.00844209333200971,0.197971945893264,-0.0390817404550696,8.2506962773025e-06
-0.0658919658155122,0.394714505176018,-0.0580331916465816,0.00769596406716238,-9.52661231674361e-06
-0.20012813011853,0.209829323406961,-0.192093337190971,0.0218465813219522,-3.17333973393138e-06
-3.54134259665788,11.403845048888,0.132702362539758,-0.00915972716863572,0.000102909800572797
-0.0640010775571008,0.0148318836182935,-0.369443378711212,0.192429693501953,-5.90529889111645e-06
0.5568347157316,1.97853417443029,0.04248704322438,-0.0028550617390226,2.67497479142325e-05
-0.156116892520598,0.0300141388224971,-0.253708012447529,0.102695406365022,-1.16928031187767e-05
1.96370081233623,-2.68617076003837,-0.0107535350889132,0.000933659876833212,-5.04967285954439e-05
0.893012918319773,0.0109543251534012,0.0814771568501669,-0.00821268032697656,3.51904035520991e-06
1.17547043706015,-0.01475029644048,0.456836015970361,-0.129015982976099,1.11593683313183e-05
1.35581888216876,0.715729538970556,0.0331897422240167,-0.00231055646695643,1.55802612048308e-05
1.55726042416678,-0.0408255868840659,0.943039816713849,-0.32173783167936,7.77176952423402e-06
-0.24891610059709,0.118268964576874,-0.208677485367178,0.0541635091553219,-1.10990130815326e-05
1.55630167518888,-0.63804028279102,0.0183757505490486,-0.00083361829769986,-8.52945681377745e-06
1.98320213170356,-0.0729904640177128,-0.833101106489165,0.298643668396494,1.2777470832433e-05
0.464386674966955,0.0130415096222882,0.091439627468011,-0.00445980439789829,-2.36406570011823e-06
18.0200966445574,-19.6936457039382,0.30442462556266,-0.00987421111303954,-5.06895949785225e-05
-3.78229579514848,2.79346222919032,-0.391373824639308,0.0326248860893503,-1.45509053899931e-05
1.8499172135018,-0.201206687125512,0.150262556631917,-0.0278862849874559,2.21851030424544e-05
-0.298616532502642,0.0408082550899422,-0.329373152774017,0.173700229302714,-1.18552416289544e-05
1.61638475427375,-0.330679034784788,0.0261648020313942,-0.00124321873513299,-2.90994803530158e-06
0.331756275228989,0.24651995199739,0.0431121497029162,-0.0010335132631818,-1.92107890414646e-06
3.18319286161529,-0.502568991515714,0.380525244057911,-0.0961537971793074,5.66965844519264e-05
2.20045677075586,-0.312953762965724,0.28894805303235,-0.0944117817169189,1.76834924184971e-05
1.16603694791737,-0.0850997487747735,0.262731215437611,-0.0702522901287458,5.93961542487854e-06
-0.058591416157373,0.0200355587501774,-0.903686131433234,0.973491649684138,5.01678873336834e-05
0.673424563079998,-0.00771669394968334,0.208909671785957,-0.0424497016911014,1.20266679300866e-06
1.27751269801161,-1.24623325686285,-0.00472183364138186,0.00170969621659424,-2.62353544594978e-05
0.775550901608057,-0.0171798946320733,-2.84340065591287,0.994764450257966,-2.47564710769311e-05
2.04707624625855,-1.02002697607686,0.110103996371035,-0.00699925739733327,5.69957670072044e-06
0.430670371153418,0.00319471248225609,-0.369152346855634,0.177279110962789,2.72089552023059e-06
0.471920331387973,0.0917524685405798,0.0814143557769692,-0.00818357983662974,4.14783573388281e-06
0.673094569391605,-0.0325771655657226,-0.642321086794125,0.291748791008998,1.77728491459304e-05
1.12328211173958,-0.0509433553111909,0.0111685171266062,-0.000750617498539432,-3.90852842710478e-06
1.2457116575376,-0.0258655252911636,-0.0180385074289461,0.000688541858931806,-2.04840053153589e-06
0.898971226392016,-0.0148872939299263,0.176248243737928,-0.0427330288867834,7.27335424955856e-06
4.41860026496521,-3.62114704626418,0.179070541566047,-0.0116074148723577,-2.97345384679475e-06
1.2978924098555,-0.0656329685861025,0.707653915624259,-0.221628586699855,1.40975735788995e-05
1.31936852419812,-0.0600814734939386,0.345779153338599,-0.109421807566392,9.55422944231782e-06
1.14755182078847,-0.395199393685059,0.0196065722220824,-0.00118567767921963,1.42267470525369e-06
2.81670812883171,-0.276127650194175,0.31782934411762,-0.0853719167047627,4.51507169237827e-05
2.87873471627615,-0.354081433720724,0.390425019717596,-0.110751122502465,5.03757122998237e-05
0.175163392039003,0.115603708347329,-0.0736958121804976,0.0227124962731938,-7.63878051666056e-06
1.3570603057763,-1.01046211500345,-0.00866545922768557,0.000986409330903241,-2.37478378233746e-05
0.511576321873004,0.108007196768637,0.0495442241857643,-0.00350223880048756,1.67355016274018e-07
2.57809898300146,-0.242000374404337,0.332856227672142,-0.0903011333240452,4.36662379221577e-05
2.58992707594794,-0.114586444122673,1.92241250946507,-0.651393724261686,4.51532357299909e-05
1.64704227398165,-1.06399983558301,0.000817651257933305,0.000294953148295289,-1.04433773239102e-05
3.42941334609042,-3.60868933164723,-0.00735118381482426,0.00101737207120913,-3.54561793984979e-05
0.922855319160455,0.0879150164251156,0.145979248509201,-0.00870350373100253,5.32496438578204e-06
-0.165469800417358,0.05222433930504,-0.332123597542787,0.171705549361632,-8.29786023373126e-06
0.705247870654877,-0.0166609634400822,-0.375596855038546,0.1783811872624,5.82316865297214e-06
2.70372657329738,-0.208503823032911,-1.65903622538133,0.564758123350892,-3.17178627186046e-05
1.18921736216052,-0.303677007858474,0.0116567901162242,-0.00040815103876112,-3.86109951315148e-06
-0.788292711891957,0.201122535688373,-0.279858007631236,0.0464228206986648,-8.19618449074056e-06
1.49435355957149,-0.127498919421046,-0.014587054757343,0.000469051810416212,-1.19015934076321e-05
33.0788593321437,-21.2392682031108,0.300341997672013,-0.0463780251656345,-0.000133560468204006
2.43325177465403,-0.160325096000483,0.471926472661985,-0.160618805421562,1.49225179736721e-05
0.974940266900081,-0.038191230016112,0.314711827295959,-0.103895314244828,4.19283090358848e-06
3.29391484083345,-0.66024421473675,0.810947226608817,-0.25165307132062,5.43916768392614e-05
6.31296540937178,-2.05079972258603,-1.06740323808153,-0.255691832006199,0.000333833844206978
0.727456640515771,0.199356111092714,-0.0543701994920947,0.0104558707908568,-4.40177459853534e-06
2.29319007924109,-0.439763324971419,-1.27107952429912,0.425469869773688,-4.56145340230428e-06
1.38400145888203,-0.230780523768377,0.176967116381016,-0.0392612330429907,9.70682409382425e-06
-0.650779951951889,0.373809531642482,-0.367266664708622,0.140451555160264,-1.04725902062773e-05
1.99014109245049,-0.339957094121614,-2.10703337527175,0.69106631070912,-6.02513658629323e-05
1.1357259711615,-0.0834664607195623,1.45462844034055,-0.438898242719723,1.48343910651583e-05
0.487328090327921,0.147304177334079,0.0904159691453269,-0.00786434158432408,3.10712157432098e-06
2.26415975336608,-0.191651751130837,0.280575479085893,-0.0729206304966208,3.32027269177855e-05
1.76772813843798,-1.72702964450924,0.0127410474284581,0.000125906192635749,-2.08120943219943e-05
-0.0351453993336197,0.019285520425671,-0.39625871830482,0.221154655708337,-5.10345682692594e-06
1.21945484365484,-0.316113406184437,0.0276553516283863,-0.00124161428745041,-6.81517116695424e-06
0.799679937086203,0.0122001760630461,0.255125687593017,-0.0298830426067505,9.87791313634845e-06
1.51363851553132,-0.19856355112635,0.16888625934098,-0.0156675723785698,1.51473888709778e-05
1.3011077164403,-0.0961292618920952,0.0744140286636934,0.0867843513252138,-8.60012464912745e-05
-0.382995386964992,0.558764355178321,-0.14051262308641,0.0185480380138799,-3.43237252431158e-06
-2.09271715212328,2.06382181735442,-0.361874947696542,0.0238443576689677,1.5415634427551e-05
1.3814743968762,-0.0824228021209245,0.20355190975628,-0.0371939655915584,1.61921381873716e-05
1.61557240847158,-0.168055371207381,0.137289708069395,-0.0178381853288975,1.62581841866728e-05
-0.854986980959857,10.7147870698649,0.0874869528794489,-0.0121173203772516,0.000126402136630511
-0.367243603965573,0.0955383586482063,-0.260836768074832,0.0623295657159105,-8.28448234450321e-06
1.27524385661138,-0.316011664346715,0.00640460738248831,-7.7458138514185e-05,-1.5404849506212e-05
0.541020171379577,0.139760137475202,0.0701500266982615,-0.00482453640952282,4.70121633358259e-07
0.921048226809612,0.67555828369007,0.0572044236801725,-0.00620108444836794,2.6801021658e-05
-0.542264231032094,0.36815768612886,-0.266252233585203,0.0510950307363247,-8.69791606404881e-06
0.355350498589903,0.298734721606824,0.00634128111639385,0.00330585678221589,-4.83940484021223e-06
1.78212814041401,-0.50215288752157,0.12853168099249,-0.0179420204897189,1.57655019895749e-05
0.771290805440707,0.0349472152151228,0.041102278010551,-0.00696991293443293,5.67575358592237e-07
2.91254980929113,-2.02905223268538,0.304150435275617,-0.0196925197548799,1.13424981676136e-05
2.2605231659352,-0.640072575625758,0.255429606554628,-0.0670594911567231,2.24736576732886e-05
0.785383329358228,-0.0509882561431012,-0.245627441963566,0.110519825619683,1.67314398964647e-06
1.00864090917458,-0.110649174949362,-2.41584715806688,0.874542640704698,3.52892156338053e-06
5.47586366710049,-1.68558647814382,2.23509525752759,-0.737478497302396,0.000129562402993679
1.38461240520255,-0.100082088295991,-0.0735618379370354,0.0244100950473497,2.56621239089783e-06
-1.62065466741987,1.29638077005974,-0.149366370201391,0.0241257484928135,-1.24171308245553e-05
1.1999035341205,-1.01744463587717,-0.0559737966846315,0.00306159254316088,-2.12352778136587e-05
0.335038172600953,0.00571917493150144,-0.390302795308339,0.201113254737691,1.52857089946014e-06
1.59595016560791,-0.116418723495155,0.190392805256964,-0.0864671020683147,-5.68268264720123e-06
0.20353082054657,0.0939150785293241,-0.298159690349052,0.113602068363387,-3.47582271049172e-06
0.954080831038603,0.026327846702172,0.122114648146752,-0.0165292389374255,1.23343438834049e-05
0.858737343334354,0.0211418069360649,0.107674192223445,-0.0165279900308868,7.12474147361966e-06
1.29331403733392,0.420462858477408,0.0256902728448613,-0.00188233707023836,9.38846698191684e-06
2.43129762745006,-0.107590581618999,0.451421242771258,-0.138574582722159,3.38547850104899e-05
0.698718606260656,1.5916904281824,0.00336677054730167,-0.00118478706818786,3.86749273487762e-06
-0.147798071267772,0.0766440794886076,-0.23553728271638,0.0690810353044429,-7.53409099297765e-06
2.47599443031549,-0.230192497943875,0.407235999610503,-0.127589899288748,3.1162462037414e-05
-3.19379743831279,1.24687407774279,-0.519206331725575,0.0982198532841991,-6.86314059465066e-06
2.73212983641526,-0.237480709079272,-1.19571952532639,0.348387948164179,-0.000112796528482901
1.80526886817311,-0.065866594943053,0.099013546391582,-0.0451951941173653,1.63130009648753e-06
1.3956704944851,-0.0204754380411895,0.0991506755249515,-0.0292572644991071,6.05221005720398e-06
2.82279287965543,-2.41455471415378,-0.0239325264251698,0.00105188340074098,-6.81353605336597e-05
-2.45636740547219,2.03428006132376,-0.136034868191344,0.00526162517354703,5.06478467449464e-05
-5.74066318303031,10.2631485194986,0.0494997611739861,-0.00428633417905652,0.000168502246620695
2.22088417814666,-0.0522471190487341,0.481756034313747,-0.174327108786289,8.71733396726317e-06
11.5701334269864,-7.99818562778629,-0.00688280214548953,-0.00593149767763952,-3.78541834138855e-05
0.930931560166104,-0.0129913246467803,-0.278622085769785,0.11571015546393,8.91938899417515e-06
2.10852372039855,-1.69356308649097,-0.000919587109518567,0.00011283570069989,-7.20376292500089e-06
1.872323325099,-0.0945008198385331,0.143852983672332,-0.0287550947346178,2.58019444796626e-05
0.93445986332411,0.389070768243033,0.0382581564642013,-0.00231960480317748,3.39195960974201e-06
0.839755701835283,0.00592536946700299,-0.0913805816051698,0.0238585156569396,-3.17382168684948e-06
-0.03180077068536,0.064921558992601,-0.257722170217178,0.0790243372689198,-5.32430286578588e-06
1.91135122116113,-2.37675003020195,-0.0717270254952837,0.00353077372568947,-2.91565922965696e-05
0.779494164256055,0.0460593284970459,0.0440614658937717,-0.0039581342535932,9.89949011176023e-07
2.22249300841525,-0.110416208154247,0.0976195280088961,-0.02859099627795,1.54457188013451e-05
2.05143805325612,-1.88436230232304,-0.0262534606177129,0.00147377366141168,-2.32304998341397e-05
0.146673769346959,0.00506197963185553,-0.535985067481201,0.316265148058695,4.30392661534622e-06
-0.93074187030739,4.07581081261404,0.115045811241441,-0.00551558888446612,3.15550803159953e-05
-2.63503092453244,6.3600157093433,-0.0617291540957726,-0.00982498903572043,0.00020644004747751
-0.281718459410278,0.0553595258286656,-0.304367543548776,0.123109158615465,-1.09995854776763e-05
0.469282650116353,0.0263499910524196,-0.0575369908488168,0.0147385716473065,-4.7032948954178e-06
1.80389654690686,-1.80989166198648,0.00171646136456937,0.000224369896517158,-1.53110637448996e-05
0.417805857019595,0.143094659867683,0.0689310631444091,-0.0039112056380088,3.87641956568253e-07
3.80222202371444,-0.313075394424025,0.722757849632205,-0.252644753936052,3.39109603411034e-05
1.11856917221127,-0.032596430698228,1.01455119053502,-0.381709311778902,-1.24780621216669e-05
1.41664343300029,-0.0455080947530532,0.277517896312493,-0.0699677375183352,1.71193959428133e-05
1.85620084995586,-1.79660106241794,0.00623607031977726,1.51433259453657e-06,-1.32969885099685e-05
-0.114353335814929,0.165648313723921,-0.135038324334361,0.0159265359373503,-7.24476193120009e-06
-0.0637008554707422,0.0525864211647736,-0.19992467349873,0.0513897247676525,-9.00637247253139e-06
-3.40448997323711,4.22199419737433,-0.226274259994077,0.00755991783237726,8.87987995381224e-05
1.62175480884771,-1.03377292170773,0.00328262907840827,-0.000159951186711547,-4.47417053966202e-05
1.45113193691872,-0.0171237634450894,-2.41478372998064,0.793490754922199,-6.74669360004912e-05
0.354631414086679,1.28542009670627,0.0226363129355506,-0.00145671109663363,1.05271703252111e-05
0.649224876896066,0.0152508352998775,0.0480652789760444,-0.00540726025164349,-2.9626442255496e-07
0.935472568089534,0.00793577237325404,0.0779379130024005,-0.012018802357024,5.55981123974693e-06
-2.65058163270715,2.60419799414598,-0.14002995628744,0.0105994591226985,-9.07747632694078e-06
1.41878260920983,-0.027949563562725,0.354868524672297,-0.133911942049145,-7.21291166895431e-07
1.2137150162174,0.173631174744766,0.0233602397313553,-0.0014853359698893,1.39125057000888e-06
-0.114314204028147,0.125042956839953,-0.16700948012502,0.0213880454904758,-3.5687954857275e-06
3.18254559410249,-1.81257269440314,0.00425779933236998,-0.000269946827836837,-4.60702342615956e-05
2.26676989597114,-0.127875506787912,0.249599684399552,-0.0641133943294954,3.07896253209952e-05
3.05911381155008,-0.156359752406032,1.65871099958149,-0.549414679183,6.63289293545217e-05
-0.0839255672140704,0.0641337309102406,-0.319136909924407,0.126718256028775,-6.52743568720405e-06
1.63741061929274,-0.0510740276910504,0.583242173266993,-0.182720329565529,2.06030654198366e-05
0.982850491421799,-0.00806312312409304,0.345329184292504,-0.090015125766052,6.22242123469284e-06
5.40441670958251,-6.13313188861558,0.00603947308160825,-0.000261915622645337,-0.00010756311104146
3.36628712221575,-2.5483517096223,-0.00180906894631055,0.000317388520709747,-2.37443188896661e-05
-0.0925053545222575,0.0178894639261005,-0.295222825891485,0.130508266851236,-8.04840198517841e-06
-7.75794688715192,8.95715528495426,-0.144770901958969,0.00512984848255471,5.44806483253665e-05
-4.76257465578849,10.8031416865152,0.0558778821668448,-0.00493704423960638,0.000113744566897227
1.99971302092839,-0.0908237475599842,0.165026566551025,-0.0292063938647323,2.47064412378865e-05
1.42338887532776,-0.633255697927799,0.0241498816611074,-0.000762117470239696,-5.898373245544e-06
-0.192567067082894,0.150753683311525,-0.185056158020603,0.0332392689976936,-6.1191011950634e-06
1.80097933530116,-0.0666407186878278,0.037952849851758,-0.0269952647515647,-1.10510078653754e-05
3.31747857186191,-2.91541806938014,0.072335810062429,-0.00323451055788677,-1.85937160548618e-05
0.853596205968904,-0.0159648801669525,0.631164516955017,-0.239862389667934,-1.33877082945747e-05
0.701077808045784,0.0520675578721668,0.0681701479834527,-0.00567353369323265,3.12084899572418e-06
6.90285880404357,-5.0704757559729,0.0728391854709176,-0.011683035007379,1.49640398865781e-05
0.862759740131398,2.79520183273113,0.00599079363023022,-0.00104762564894584,-1.23317651638091e-05
-0.720773689591194,0.909085686879079,-0.0179013468772252,0.0018179022722879,2.17823563186499e-06
0.710883043186645,-0.0117523537881936,-0.798044681996714,0.335720036282498,1.00633568608842e-05
2.75652113495682,-0.120539566688729,0.495160769491738,-0.14379009745335,5.22526630337889e-05
8.28751433182914,-5.45582215799122,0.417115675998945,-0.0239936820609691,3.05563909466759e-05
-2.5382716771134,5.91389428064141,0.133559093393259,-0.00675420717123035,9.11148513033382e-05
4.84835296093698,-5.26150309464957,-0.0312508331177348,0.00194846839586675,-3.86086519411232e-05
0.165366620774656,0.939410397837635,-0.00733854791037092,0.00030363392910251,-3.33148503901523e-06
0.676460677389492,0.0408629006816879,-0.0569219176384952,0.0139514509307296,-7.40682059878427e-06
0.444308395275975,0.00835172263746875,0.0591909208104669,0.0121996364453284,-3.9499541651257e-06
1.41744127514143,-0.825168221324445,0.00203974537302826,0.000344157422341642,-2.65145506566778e-05
2.90622715128573,-0.138808049614612,2.07154441815603,-0.693805522962254,7.55075168810154e-05
-0.244186478419208,0.15487972526188,-0.225926265691797,0.0512175791748472,-8.15846201404962e-06
0.734563898167712,0.0139074418481473,0.220240527646461,-0.0317699358732888,1.18989825450946e-05
3.05773002163958,-2.54288878014415,0.0319812151079574,-0.00218159876303203,-1.69642246053186e-05
4.50582717249705,-5.4254768051113,-0.00149291223274792,0.000953426702809329,-2.06588431107061e-05
1.15368432212655,-0.0143623518793234,0.0908883614141331,-0.0136973610893238,8.56659070388948e-06
0.809071036831953,-0.0050796589189859,0.20694932804077,-0.0401655764158969,2.52503826936753e-06
4.0773232617578,-0.151761396343955,0.617220337857423,-0.183331670599068,9.61672406580935e-05
1.82096885276508,0.123197905411821,-0.00374416145055385,0.000306582089022789,-0.000147990126806894
2.06523703737919,-1.12123246368507,-0.00455195828652767,0.000244489949452633,-2.33099281629324e-05
1.30287162344445,-0.0235954278894093,0.247996078945859,-0.0638514431107151,9.18944902954225e-06
4.54819913168618,-0.436954482098048,0.972240206423221,-0.307754503115542,0.000100887435295664
-0.145481036502527,0.0204725724927747,-0.717973528985139,0.694400606028036,-1.55755278565397e-06
1.38185064796887,-0.761281932942562,0.0316741012631342,-0.000868684995230116,-1.61832597869876e-05
1.06437673628836,0.0307042316686048,0.0687697871845544,-0.0067265498845453,3.71671615650226e-06
0.146728849053689,0.291699022235761,-0.11333894716776,0.00445397692990809,3.75608628205785e-05
1.42425026136892,-0.0496622630503646,0.201769827036719,-0.0455930904420855,1.14779879818915e-05
1.66806442367139,-0.923393872200553,0.0590395672044568,-0.00256726369971605,-1.9436839798023e-06
2.34183713160581,-2.06817090633239,-0.0120707184489536,0.000133229340006632,-9.57901569028795e-06
0.204711645398059,0.0308361087928543,-0.232929046075061,0.0679271550209681,-4.86908162949716e-06
2.58555308871397,-2.73626309276357,-0.254675394665012,0.00127702410630246,0.000179160957201405
0.809773139360247,-0.00960356074492254,0.279155911436007,-0.10867994257819,-2.9759224101909e-06
2.08574849834537,-3.04762613949697,-0.0201579599426472,0.00167338551326892,-2.86265085258275e-05
0.246268817663901,-0.00749888855475107,-1.04985092487373,0.580900214211505,0.000178580382134903
0.32642978015318,0.330345310760234,0.0495429293901453,-0.00148610087585091,-7.69705838328824e-07
0.603435771010145,-0.0195537751171112,-0.654264416527438,0.326647988692456,1.94882699153533e-05
1.42090197951798,-0.149978500225435,0.142982880579142,-0.015805414171672,1.69050568897198e-05
-15.2365331630834,18.0883645270046,-0.847602040783092,0.0375559380993409,8.10358595444616e-05
1.20285825716829,-0.020505484687685,0.129321515376525,-0.0145051215526829,1.08821856101245e-05
1.51542679274287,-0.0899558894667401,0.137551568349799,-0.016121606111888,1.70311947320328e-05
1.65196188673319,-1.10816002603401,0.0250495231642584,-0.000833961732352764,-1.22697727088731e-05
0.0271129847169995,0.0129910456556941,-0.501808399464605,0.348544573020763,-8.45805840444337e-07
-0.420550700236987,1.0193319821657,-0.0817979993382971,0.00856554725031684,-5.37381013522782e-06
0.960871153956383,-0.0451457380660866,-0.237549487952827,0.0935894148526747,3.17491398096351e-06
0.417807208722743,0.162609243743213,-0.0742864376078949,0.0167700472563188,-5.98243687190508e-06
1.14650983078885,-0.0352727820418483,0.927758116378299,-0.298231235540012,8.9699548309724e-06
1.30427210994453,-1.39600633412158,-0.0331694513225928,0.0030218125994459,-3.10366266263074e-05
-0.217341052933728,0.0617310573803575,-0.372815488974937,0.271403666804354,-1.0667609701211e-05
-0.326643680323768,0.0700281048577343,-0.346579023191687,0.354463538246273,-2.17181537364498e-05
-1.8399450281126,1.24158009176368,-0.353734622045299,0.0476734236367994,8.69642293460992e-07
1.07807603013412,-0.0448825504175726,0.429684979132787,-0.116429131225246,8.00853326970654e-06
2.72910559299626,-0.156290440451509,-0.220663614351699,0.0807607164991952,1.36615213696135e-05
0.937946805043458,0.724351218779356,0.0288886195977581,-0.00228671236943812,7.02890102322863e-06
1.60780171790684,-0.0623701420688855,0.195163973135948,-0.0359289814883323,2.21418786193223e-05
1.40841877586313,-0.522508387613326,-0.011724118131852,0.000445418445787303,-1.43695299641023e-05
1.38193262792609,-0.28431112019895,0.0202542377162101,-0.000992516219947629,-7.28925591915033e-06
-41.1404456218694,61.6968275032821,0.24629467621469,-0.0313804138391032,0.000674245048580978
0.717809145329518,0.00965180403487226,-0.134468867709052,0.0359045893533036,-4.61947808474403e-06
-0.523655584558003,0.157574758141718,-0.319952522882823,0.0586039725039076,-2.3133081745261e-06
1.64671091308893,0.109837715406019,-0.000648978640114778,-0.000144988701947098,-1.08758325407056e-05
0.674639012904358,-0.00557648569154256,0.139206932894253,-0.0348318893980466,-2.19756891025766e-06
2.05521872078155,-0.131426630268781,-1.56767256204946,0.53467165530006,-7.84080760393012e-06
0.923121838127062,-0.0330964991266698,0.256761269997697,-0.0827785082854806,-1.97394137087166e-06
0.860200238449668,0.0214998626784488,0.127600325672476,-0.0207195273550008,8.31006711995673e-06
-0.298979172043926,0.177787150107369,-0.214941191704332,0.0759215675238849,-1.17068189063536e-05
-0.501627178724099,0.256155090439673,-0.237214859638287,0.0497421678029461,-7.63410184347099e-06
1.89147793644831,-0.0826954457259745,0.245013839538915,-0.0979165572561764,-2.37514424696007e-06
0.310548908199692,-0.00337866511816728,-1.10938247741705,0.832154398289486,3.55944435117756e-05
0.0317760387907844,1.42891585851892,0.0305198260087256,-0.00175543508600809,1.31176854849292e-05
-4.00986729963289,6.10800053295978,-0.048866777333486,0.00056704477708466,0.000115043592492223
4.41086610914823,-5.03643334761073,-0.0185748690638297,7.35826852200371e-05,-7.75885206401403e-05
1.9787088662763,-0.0493714288117838,0.0501751500995552,-0.0188508919699488,1.18049455635419e-05
1.72788885891553,-0.700877149893327,0.0119698668807487,-0.000403335926997274,-1.71215165076678e-05
-0.32330435853694,2.50575227007371,-0.00347802291056519,-0.000112818443299956,5.31738763043463e-06
1.16982620787147,-0.0246230030476207,-2.26068739013884,0.769618477588061,-1.79789454113253e-05
2.04842102932915,-0.145088414127696,0.232957597132263,-0.0740302387362609,1.61171931640668e-05
1.01559186181925,-0.0227821094702996,0.200771884174968,-0.035354548597983,7.95427302576591e-06
1.17746875779547,-0.0363894778899112,0.488084838090458,-0.146838498205004,7.22816431845512e-06
-0.608739887011217,0.169324344495545,-0.31168245322502,0.0806771825444495,-7.3474098267239e-06
4.56316549497109,-4.11843718533252,0.0111783449993915,0.00052922989880165,-4.23804526614341e-05
2.0628711201671,-1.42933991782962,-0.0171444186886639,0.00105511430730901,-2.19017203755834e-05
0.808294373071459,0.0771825570467731,0.0999964724534024,-0.00858676989625736,7.08302683541368e-06
0.523358138522496,-0.00565830557318854,-0.904031886455124,0.586482011449679,6.44283351005015e-05
1.41231608903202,-0.0893656459975187,-0.847757909641045,0.301527814209578,4.64846725252706e-06
1.16052285030653,-0.0612337139818479,0.368245107627972,-0.17442353962798,-1.76845489142497e-05
0.703332479720763,0.0131199358977746,0.0776853367293351,-0.0118337702257143,1.34932223647551e-06
1.23045050277584,-0.479547584218099,0.0200690590555815,-0.000870251275125157,-6.51881899606805e-06
3.27774518108006,-4.62632306340204,-0.0229829153206842,0.00294188305058115,-6.22107643100108e-05
0.284480093278926,-0.000971871723735755,-0.648658152849038,0.392589481285568,1.21080344676208e-05
1.10983923318158,-0.0105079462226836,0.0281027123267445,-0.00323732141473044,2.26831659429456e-07
0.912448795158167,-0.033045191077338,0.46390011598431,-0.145588263246918,3.00512778569026e-06
-13.8165266358796,19.5737093674256,-0.916959446563341,0.0222096460119744,6.02867210741436e-05
0.794234657396456,-0.000348069178661206,0.133022950951812,-0.0180435223326251,-7.53189189226654e-08
0.859289263708826,-0.0412160396505131,-1.19089624501519,0.451520151402684,3.85973393877172e-06
0.811158278584565,0.103854185738319,0.0847919782628079,-0.00862851468351533,5.96692825981786e-06
-0.0816500368452769,0.0132366303270771,-0.424456008493494,0.367642499999213,-1.15795626551626e-05
1.54664181591436,-0.0317011930643749,0.508679522430184,-0.144765007866093,1.92838892526853e-05
2.35948909042726,-2.15714846221064,-0.0192604272482136,0.00022099683393487,-0.000124324577772534
1.09311782544051,0.0204022719174486,0.00858792306324276,-0.000496155789979377,-8.2171652124728e-06
0.391867543975289,0.0494736647268825,0.112516867953663,-0.00329264866008247,7.26768082705651e-07
-2.64357795089957,7.1384124131839,0.0308578011099425,-0.00319730273768263,5.86027888217683e-05
0.335205097827586,0.0186981580169468,-0.17453951810599,0.0487792335621559,-7.11902039157619e-06
2.15035342399504,-1.58108661472803,-0.0145522530657995,0.000650041841865742,-5.19574446814174e-05
0.714652187507321,0.0377350014269594,0.053547403908047,-0.00633118468146107,1.09876174348506e-06
-0.193413923430101,0.0816056512960578,-0.246076637444129,0.0610574937308571,-6.80508277293984e-06
0.328523969510852,0.0319931935394501,0.120001522244419,-0.0072671133465189,2.13358008210241e-06
2.26007074522746,-0.107871485698326,-0.267690898050449,0.0936149843685518,1.268583814486e-05
-0.105326392737539,0.00323365195521896,-0.716339770246436,0.942656037752246,-1.78937143706883e-06
1.65880438212798,-1.47907038138896,-0.0193948859825219,0.000956116600643469,-4.98480945001303e-05
1.92944631808604,-0.0388341957237331,0.670879646150302,-0.258932995027636,-4.57956590328359e-06
0.200144775795888,0.0224304281672884,-0.215075300874966,0.0748344441904992,-6.54300532421436e-06
2.14396864507803,-2.82653719327876,-0.00927139086619531,0.000210544225477232,-0.000142699981958163
0.579996430137911,0.00204061945201011,0.15307202351966,-0.0254350925266037,2.3880710432387e-06
0.745523650642801,0.0261057665081982,0.121467674627114,-0.01452960216552,4.62061192937292e-06
0.5247654474885,-0.00319453992572093,0.0725824944192044,-0.00271204830316373,-2.69497194642361e-06
0.309704055743746,-0.00293282754192413,-2.97870638547569,1.02573523419622,-1.98019734321446e-05
1.08449493462125,0.275733864755771,0.0139306241151706,-0.00107382687238209,1.9834679911238e-06
8.81346800297505,-1.84520206630005,1.61848078476059,-0.492698493148716,0.000296790572305694
2.3883221973631,-0.281793886686502,0.457573612074139,-0.123628411443327,3.44759530188892e-05
1.3400261693716,-0.11229272071244,0.759327251977277,-0.230273699205816,1.37864774937463e-05
0.693259072952622,-0.0302756942382762,-0.416799418651357,0.208910702657004,6.13704475138254e-06
-0.296102683768865,0.378626755599082,-0.214482930637523,0.0481625510869541,-3.5620502032817e-06
-0.461170383250148,0.365437977097632,-0.282486868957863,0.0867945044738374,-6.17039832766894e-06
-0.147734798336251,0.507120038482968,-0.108058621762258,0.0123506441350098,-3.88155288165196e-06
0.0796864170328947,0.0769970477898931,-0.185527116074695,0.0527822314397672,-6.80435427254983e-06
2.0576661640025,-6.38780345976423,-0.130450802218498,0.00791310126571257,-8.55440697661311e-05
0.359015162191328,0.014274349960005,-0.180375972443067,0.0778690668982093,-5.08043015878989e-06
0.413920112257668,0.0682418168044532,-0.228924985292085,0.0792001505348522,-5.53695546051254e-06
-0.083763562258782,0.0195572052529856,-0.845048270801283,0.967410747054057,4.50592744892819e-05
-0.257370565854619,0.209675625510502,-0.252202099241681,0.0971014056595434,-5.6771912712105e-06
2.26599917296282,-0.551329718887605,0.232273351555141,-0.0658167422563633,1.85458280410849e-05
-2.95564429216207,2.11395645522252,-0.286015382069799,0.0595034414734357,-2.00065165083537e-05
0.682885007858811,-0.0237716490837101,0.0601352188539782,-0.00498287027910257,-2.18293100160435e-06
6.36618562889252,-0.958363288233996,1.02485795984389,-0.330051965479604,0.000128827692284613
1.14770100532937,-0.265711182670353,-0.0189723933706778,0.00107927896710817,-1.55679698836304e-05
6.84539744549195,-2.39555166350442,0.303036540596779,-0.081892107730803,4.92895799427252e-05
2.00967573114581,-0.179079186382511,1.31546486824424,-0.423072199783362,3.08445419319236e-05
19.4735848475935,-16.3871602212162,0.637278177565273,-0.173847719427759,0.000116954429447732
0.572338722525298,-0.0641790057065326,-0.896935052575393,0.386744259295107,-1.63386294666123e-06
0.3373941897343,-0.0345998851035168,-1.16445327077462,0.905185799003384,4.49394651769639e-05
3.01904154618148,-2.56547942011564,-0.219948158482585,0.0264484822501299,3.72392037679487e-07
0.114629094512814,-0.00388585692586524,-0.957320932368483,0.861112952178094,1.69172361085185e-05
2.44306971453245,-0.497032720514961,-0.316266252008945,0.110394194593862,1.26866489056552e-05
-2.26754060806003,1.42918616629596,-0.235535818306857,0.0516728684449841,-2.13629852149178e-05
1.14843352776834,0.467302689249932,0.0271771288265844,-0.00409943227658207,5.80924046325855e-06
1.26870983742725,-0.0859769424402002,0.341065645295405,-0.114917591875339,3.91446182355914e-06
2.65763772516266,-1.45559266254868,0.04367054934706,-0.00597029895397205,1.20214900464812e-06
1.85356542850443,-0.247841859260309,-2.48453280884184,0.757351613129338,-0.000163461296591771
1.37539380584681,-0.105660267227337,0.3848683677188,-0.118228685403147,9.32983394733452e-06
1.77377411420302,-0.471965042365152,0.0800568244288949,-0.00886018609981725,9.0425782105705e-06
1.56915880081781,-0.0922112104768855,0.383068313664133,-0.178142632468247,-1.95296403416562e-05
-15.8900769066205,5.63152941285792,-0.839230587094915,0.117479565968676,-0.000110414291851261
3.35647878418651,-0.168463755647354,-0.427591337736512,0.150413056963595,2.06921986642673e-05
8.95976873028543,-6.69342140782415,0.0493564516615972,-0.00361019186378742,-2.81383949707336e-05
7.48574738832617,-6.18726382959164,0.028364222502148,-0.00167104718964905,-3.83222046674077e-05
1.34574324806734,1.00858480624904,0.00999021475027701,-0.000909351100028329,-1.8685680082767e-05
0.975353834018586,0.00808251186156793,0.0957184060540514,-0.00909716483967411,4.38763106530545e-06
0.144811198863551,0.00182411692761971,-0.638024459322309,0.446579920983302,8.43302548016107e-06
0.391941513662198,0.0506683294254629,-0.132443594224723,0.028249182569334,-3.45212243223916e-06
0.0059291435462589,1.17087422027295,0.0451076444527729,-0.00259599907817057,9.33604548988347e-06
0.310777746202767,0.00342649488943729,-0.411810335360554,0.212274181555545,1.59994626110614e-06
1.70717305106191,-0.734555703180626,-0.0142716638763404,0.00056606527676434,-6.09431653196815e-05
2.94135944970103,-0.0640237866940596,0.536961150760028,-0.162959349471349,5.58528489619065e-05
0.610509439268061,-0.00102299667955886,-0.0236457527300967,0.0208760933363683,-1.95862884030861e-06
2.02612205071209,-1.87081328048634,-0.00855978495015802,0.000236645892564558,-9.7617494367702e-05
-0.241173300260044,0.118856689625996,-0.225535949510608,0.0308598637887876,-4.91828087178829e-06
0.656040138259831,0.0110491333511569,0.134673844832533,-0.0171584249052864,2.38674427604573e-06
1.47722040460188,-0.0399262048378026,0.127434947463227,-0.0277472139226389,1.18241885418666e-05
3.09728928777367,-3.92594289805609,-0.0229173337782634,0.00167364894997154,-2.76881571760845e-05
1.40583187320414,-0.0216550221365744,1.18610070849767,-0.425996764045933,3.86287630002627e-07
-0.0853454767723086,0.46712846941083,-0.139171849459225,0.00915030679657043,2.61115975667833e-05
5.89039591387051,-8.7505820474796,-0.088810577946025,0.00429020613608937,-0.000157838329776641
1.15760685029154,-0.0106918557457504,0.322499360773523,-0.154671529190766,-1.08148042172717e-05
2.45986030196263,-3.42020301379419,-0.0376723089188112,0.00180570449124324,-0.000105566333694295
0.785443644215902,0.00137236931068984,0.0146868610644102,0.00386618472920185,-3.2136563940834e-06
-0.298166305431856,0.545700956027712,-0.232134572870359,0.0258206390168632,-3.10839622491168e-06
0.833341891523125,0.0324385831008696,0.086631986993876,-0.00882595655465059,1.97156073386747e-06
0.547937304873425,0.231550986932381,0.0608473216880639,-0.00499423536316429,1.0942032551146e-06
0.637636652663246,0.0950600575016446,0.038950526084213,-0.00479498858411207,5.15275859071223e-06
0.394772633778152,0.209029246867533,0.11499261899908,-0.00824459936458524,6.19840889849823e-07
0.586595419450233,0.118144077835858,0.0162434900230944,0.000863716699518202,-1.80793092941713e-06
0.664698820220701,-0.0231327071951116,0.346119423166646,-0.100245872953006,7.32260416817784e-07
0.76571030316093,-0.024765253330785,-0.368100220603785,0.151156898708928,7.42120252141493e-06
-0.511738583210835,1.89155276882226,0.0873927170419224,-0.0056398106252612,1.2507717643914e-05
-0.237525597832779,0.0960772331973922,-0.261809972668524,0.0736956510419681,-7.54976746138955e-06
1.54140818252681,-0.721548577079674,0.0140156954376352,-0.000647977261187593,-1.23500310675143e-06
0.313271808420521,0.0892372595859012,-0.0424179187816301,0.0100326938257576,-5.97450131168882e-06
-17.7067617866505,11.1638188522889,-1.40511893667537,0.148119636827678,-7.92508637997798e-05
2.46070477579394,-0.308035385377449,0.67026957016967,-0.196605452345732,4.45236411903644e-05
2.07761985577296,-0.331698295916359,0.625319465615548,-0.183771344654958,2.56446251594025e-05
1.5035431013227,-0.218360089599431,-0.404006819869518,0.17920229191007,1.50964345547382e-05
7.96816282390613,-3.78830077591852,-0.595023677854287,0.203743100973315,2.29018261454375e-05
1.15359639472959,-0.144030716477521,-0.00868538446441258,0.00191272412558342,-1.67889228900176e-06
0.847249335439731,0.0018577472818607,0.159772826329071,-0.0315499614727562,9.23146709584554e-06
0.7342505816264,0.126214630809035,0.053387844509134,-0.00907095085346036,1.92242029084561e-06
-3.01078610588673,3.42107011630482,-0.231055952384113,0.0352092713769633,-1.45254358450506e-05
0.557147741584667,0.0169183054171608,0.00141721948410153,0.0117332801657263,-2.40959929957905e-06
1.11812006179543,-0.118784770789219,0.120231268134299,-0.0225842262378011,6.76967184579854e-06
0.678518350522776,0.172099848914181,0.205560683361228,-0.0269315856344544,1.08953687193792e-05
-0.934199229356698,0.454995451162597,-0.457578726853802,0.26851185168608,-1.08778889920601e-05
0.463400172219029,0.0920038804974904,0.0262676962979125,-0.000278473354257953,-1.4346746114637e-06
2.56974150205655,-0.705794436052189,0.0982149774011038,-0.030069793542836,1.35589229869367e-05
0.526955819182552,0.0822527929787115,-0.0330308374844056,0.0113071132697728,-4.52394755754811e-06
0.0282544589690843,0.381192911708177,-0.064924500481398,0.0083931441556701,-6.42761778990236e-06
1.20031120419721,-0.666390946599302,-0.0227706450879462,0.00170955205447339,-1.89404866827513e-05
0.417921815807221,-0.00395626971384604,-0.686718604111532,0.390050824644979,1.8699979036242e-05
-0.351662359867434,0.222747001423431,-0.232743733561823,0.0563383421451209,-8.52347597727272e-06
-2.14792298113659,2.03866924650521,-0.0320709303061072,0.0050061797379357,-5.58823714368365e-06
1.88893841794652,-1.07323994458791,0.0694420172410773,-0.00314078965003558,-7.25985395456962e-06
3.5636535735666,-0.347426628191721,-0.290417036753093,0.101703025503234,2.76289706165432e-05
2.40223707822146,-0.158897808941369,-0.938306837047629,0.315688633444092,-9.39685430212403e-06
1.2422433887102,-0.320709071643656,-0.0462062963226688,0.00310780831824344,-2.7128685422639e-05
0.0780193035114812,0.030678934336821,-0.229670304633779,0.0915803245438426,-3.99391462132695e-06
0.649972337251437,3.1018291437199,0.0808549408243281,-0.00631904457654527,5.0267133947175e-05
-0.165446939430744,0.0689204391453565,-0.282502250959935,0.0812011459886637,-4.7006239460215e-06
1.30133904609312,-0.0518557512519669,0.100342063728118,-0.0122053245322733,1.23232628157396e-05
2.52726902445148,-0.83903849519373,0.0597727588004155,-0.00705961774394867,8.24591820580783e-06
-0.269231199228636,0.0569168645965338,-0.305217130115701,0.0949653493137808,-7.99871968575884e-07
2.03511572448317,-1.89691952450341,0.0104671874830485,-0.000109512954555128,-1.72487684771317e-05
1.95058873451196,-1.57861532426339,0.00271661066894926,8.81881384126259e-05,-3.55397922249959e-05
1.31001800462813,-0.0312559955378651,0.118201696655982,-0.0277159036416085,1.103438186958e-05
0.616378622062995,0.0132343334048311,0.0786054902948634,-0.00792742400809068,-4.2144084928182e-07
1.05897323347814,0.582128481009728,0.0233372107315126,-0.00155017591133132,2.95453990279001e-06
-1.82674806224173,6.38241894086917,0.00733383569577136,-0.00336804197345566,4.76089330942498e-05
1.72520164929807,-0.0430351772290321,0.49465017292079,-0.152185661771848,1.98880121793625e-05
-1.47004630756049,0.796478349275832,-0.24481288198327,0.0185988439022852,-1.22706509605236e-05
1.6015145239278,-0.794213513223569,0.0628915547290979,-0.00299861078000593,-9.90548172566939e-06
-1.63320712072523,6.26349093366689,0.0630375258909267,-0.00603204678440388,5.98430239551478e-05
-0.0764857774319717,0.0341915859747658,-0.24528274659849,0.0888492929290347,-7.93224779957084e-06
0.0444933938492746,0.0594285945243306,-0.186958059460968,0.0520013191439671,-9.65846164224848e-06
1.96112512634876,-1.05965940943372,0.00538938436603172,-0.000260777083675575,-3.11266232259234e-05
7.21217075669199,-0.425558028140783,0.576142194041617,-0.15581213085245,0.000183188186902215
1.55047638994146,-0.376877540056693,0.00549280736428553,-0.000300166204034666,-3.49392481030461e-05
1.02304237539693,0.114970270858096,0.0279792701967577,-0.00169584929690967,2.32128827281013e-05
0.370678458569501,-0.00339460401796193,-0.699481527587296,0.381370256549158,1.3519404136975e-05
3.0365091612028,-2.83215595640796,0.0835007031006777,-0.00425059949477864,-1.19050339989437e-05
0.812326973445532,-0.00804973769049065,0.505549004782199,-0.123218115255432,1.26095950922259e-05
-5.06575135383841,12.129329536296,0.370929641433741,-0.0197333729601826,0.000140408963584485
-0.480863277629486,0.351535177102644,-0.278795559126028,0.0317452023589487,6.07587644284535e-06
4.04375232952582,-5.81501542238876,-0.0813590414380402,0.00467489615408037,-6.52270838712193e-05
1.41869952195547,-0.0264805760863992,0.327010094679499,-0.0977896976956406,1.32399874463742e-05
0.35826787592836,0.0262550347403852,-0.16491505733588,0.0419030480093569,-4.52014401712825e-06
3.88836814156937,-4.9062594266262,-0.0168467793512615,0.000284701984797456,-2.7987985769135e-05
3.67918786425621,-3.56281304162559,0.0519132378621971,-0.00205085624320371,-1.21888555599088e-05
0.186996710179382,0.887551736191558,0.0388183488414523,-0.00201878212994538,8.47144932193402e-06
2.13077962807747,-2.32757035083213,-0.0994488376614316,0.00208627259244175,2.18589247734695e-07
0.428257093163604,0.0583346439553492,0.0416858125779668,-0.00441749994701733,8.31692620031447e-06
0.475480146451653,0.058181401121194,0.103204401855916,-0.00800764299762594,1.77513733256481e-06
0.65024581243668,0.415593308359397,-0.0276074255037054,0.0017912840941222,-1.72284465949446e-06
1.52743647987776,-0.041479831213415,0.3144144478944,-0.088525561700514,1.88828261925635e-05
2.5104937388134,-2.25461904961826,-0.0380519729034481,0.00247768673037554,-3.6154371908039e-05
6.84386837892259,-6.77341212906788,-0.000683876846278566,-0.00117082701770941,-3.11730984404567e-05
-5.06475205576286,7.41016499733714,0.205961041112714,-0.0109952407890822,8.85604316971503e-05
1.23155706264318,-0.0121782345057424,0.123270933214178,-0.0303104673262875,8.23845799227772e-06
1.5286162512712,-1.32327257015414,-0.0185050129550718,0.000942895749234196,-5.13452033454595e-05
1.3129869642156,-0.0325338986813069,0.114476690196291,-0.0179602611035799,1.37718936720363e-05
2.32063314658258,-0.0935574284844656,0.71179635823303,-0.260620370829634,3.71976476609051e-06
0.758614466144992,0.0350879301551557,0.0495513421505386,-0.00650026338144238,2.06167315347458e-06
0.175383731867802,0.00415004584179351,-0.620662507957177,0.393473789789657,1.08873045384009e-05
0.630581862749874,0.00900359634225097,0.252251995229925,-0.0344283736213162,7.76405712396236e-06
0.578469272009637,4.15983231788722,0.025467380285246,-0.003010673570437,3.49539538190212e-05
0.533842292412192,-0.0056069897520434,-0.817354558709536,0.453311110336813,2.58965131617247e-05
2.00582689059113,-1.20408872415048,0.0160704707041387,-0.000721353055638108,-8.82765599890613e-06
0.94826894401045,0.00449877217627137,0.145400786297008,-0.0208065969501051,9.2763950700066e-06
1.97639753662269,-1.62661288800643,-0.0640380485777544,0.00465981649141486,-5.34584915464948e-05
0.302459955926561,0.0116075298700184,-0.356601843099783,0.158152747324278,-3.62844266164805e-07
1.18040035148428,-0.162376828767988,0.0292942465934237,-0.00107983416958314,-6.14350099968344e-06
1.75190195352809,-0.0948841387916052,1.12913619975579,-0.356975099017936,3.15785678130944e-05
-0.0063272994312549,0.0356828831524406,-0.425168492281441,0.242004286420588,-2.52508893653888e-06
-3.00246389097441,3.62134688335706,-0.203656175523379,0.0158808560474231,1.88603141942419e-06
0.787153009979201,0.0212681097116848,0.162206223457371,-0.0251093049820353,5.81348166333438e-06
0.303657226774858,-0.00576594888656065,-0.921386405919197,0.648085211387216,3.19195802993796e-05
0.713129676279576,-0.0383024471179346,-1.1727098484552,0.46986906355355,1.02408062334936e-05
1.19894836434316,-0.725863020969196,-0.0202366579367418,0.00127243140195753,-1.68857370419028e-05
-0.106535810219964,0.0342093845098117,-0.376667468395803,0.218817865847084,-6.16592179351872e-06
1.36050243468971,-0.0983260643542449,-0.0317936622816757,0.0115372978089683,-3.85657046624871e-06
2.06336927240083,-0.256854776045629,0.400398522997643,-0.112284612604538,2.6552907693542e-05
2.85301687652551,-0.338897781368376,0.458180583442482,-0.132460342242001,4.49454235606507e-05
-0.970981369587667,0.271546117415944,-0.349653056302735,0.0765138613089257,-9.77666072792514e-06
1.58037012082338,-0.177307861383066,0.0337493421157478,-0.00171990874014868,6.18267355638884e-07
6.39402623915844,-0.430993087405379,-1.00501212388589,0.338155612983968,-2.41500319158405e-05
-1.04453384516136,0.599270794013416,0.0426771695677507,0.00400936825059536,-8.09130612448807e-06
1.40087018608338,-0.768749806182648,-0.0867615761171121,0.00504229611118748,-2.68442401511847e-05
0.642957290497315,-0.00466950054317204,0.340076097577246,-0.0853450821046761,4.05586606127391e-06
1.65102727370765,-1.14526736472375,-0.0564139122145078,0.00380943314394237,-4.31213952067424e-05
0.790747426044498,-0.00795406207790477,0.290233514683679,-0.0722736254358688,3.5026557434747e-07
1.5311547168862,-0.81002661437168,-0.0198466146856047,0.00131723389083114,-1.92305147381155e-05
0.870771952477995,0.0153964133942256,0.0698779305671933,-0.0119926692569908,3.87983570413409e-06
1.75387246708449,-0.109476369120835,-0.756892011107344,0.266457202711934,6.66592064104127e-06
14.2768340428449,-5.43022984062039,-0.680900077766255,0.229512220229948,5.88739787852725e-06
1.39139813854835,-0.177546213206223,-0.0333668543101227,-0.00107932158615599,2.86972263173343e-06
2.75784936011256,-0.489082637740221,0.239153578656334,-0.0837674937328888,2.76677520598989e-05
1.43279109933248,-0.105306053356493,0.281926955656082,-0.0941725924362999,6.26216804182925e-06
0.118368751213105,0.224057294750648,-0.0639347237225516,0.016959766119808,-1.06906791367102e-05
0.725232651822756,0.00332956869976926,0.160831350861845,-0.029063065190924,3.47718918120926e-06
2.54157825381842,-2.76952644824001,0.0278328122854719,-0.0004598771308107,-1.59702989925271e-05
-3.14878204578107,5.30181323836799,-0.116470620813188,0.00202700359618237,8.15653936162317e-05
0.0191937357781532,0.0695106309601036,-0.232290477275805,0.066971225547373,-8.57023209884134e-06
-1.50266503405702,2.82043203777319,0.0639198787298624,-0.00459188341607314,2.04719248215209e-05
1.75788350713113,-0.141301651053359,0.0660627745279319,-0.0218817003019256,7.28016635648929e-06
0.323262303156552,0.0253075458587367,-0.268295336791557,0.101452724964517,-2.59355637498331e-06
-7.23393932084569,4.02414737033352,-0.505969277180944,0.0368236075774325,-1.66797394793129e-05
-6.62425433472848,20.1299321563085,0.223939283026013,-0.023524336086295,0.000227829225996662
0.641735988014012,0.00695978709872796,0.0819508498646371,-0.010942441218181,3.15585501169589e-07
1.2143278942752,-0.284241088702591,0.0188127181338645,-0.000929213958066191,9.72038242565868e-06
0.852521047545155,0.498589140470865,-0.0755281251432413,-0.00346634267354211,7.61058856817406e-05
-0.240812394522918,0.119179937201833,-0.221431304883344,0.0425250553482247,-8.01582691676543e-06
1.38758612513166,-0.299518059517933,0.0155083760249382,-0.000925711658756744,4.77502842063841e-07
-0.2109115382126,0.108742422262186,-0.196049287218684,0.0457409258842532,-1.10019624508723e-05
5.95829225762911,-0.770597629049546,-1.53078696874156,0.493409234870739,-0.000168972366095318
3.0120077822716,-0.526262349874637,0.369284708805412,-0.0499035071442203,3.20881800212335e-05
0.51399408035171,0.0386591272770342,0.0774944074091344,-0.00356325854636264,-1.68607705761501e-06
1.69227918636848,-1.20264526227246,0.0371566719327633,-0.00109369880104047,-1.83165732290243e-05
0.793424993170743,0.629071907965333,0.0220680871112887,-0.000713522802732226,-3.94839995805346e-06
-0.223949340252963,0.0273471643323029,-0.312305098545695,0.153430871698425,-9.62971346156823e-06
1.897196830152,-1.47173695491404,0.0171325411693814,-0.000515890558824727,-2.87951158594073e-06
0.110433668396417,0.142070937211163,-0.128763768686066,0.00896768813667088,2.21816147959693e-05
2.04417172687509,-0.0610090246151778,-1.43087982369835,0.476868895257351,-3.18748106756823e-05
0.841958283233611,0.774042983664819,0.0254609222278819,-0.00197676691624196,1.71212106672017e-06
0.337391778130213,0.148770212336017,0.108716092515041,-0.00464367532188726,1.27325492086075e-06
-0.722607330024412,0.37700160498461,-0.247414614975328,0.0221525752231788,-5.26365268680186e-06
2.13402863576182,-1.07638781292088,0.0266056665744751,-0.00117778741435547,-8.03974926015009e-06
8.44544576600621,-5.62866575848545,0.229197963408014,-0.0167917726754131,-7.1614242680179e-05
0.858342192049424,0.305983496586858,0.0196947530287958,-0.00115283185749956,2.12106974363506e-07
0.810864736100423,0.000306139102037969,0.166335260963767,-0.0307365180974152,6.03411490895963e-06
1.98273995612905,-1.32611352799269,0.00953732247029584,-0.00044255959359882,-3.1145060395419e-05
0.40893879680461,0.0279792552426312,-0.104337244831455,0.0211461598421496,-6.91657339915687e-06
8.85600624166155,-8.53063474057185,0.0555934991799395,-0.00329367480303768,-9.03712004438503e-05
-0.758521339236274,0.312846441339885,-0.22859283032558,0.0195425374963219,2.81786673051733e-05
2.76295914459322,-0.0751160898899931,0.386617927077138,-0.109657757381781,4.91346783436169e-05
1.7615594493843,-0.938358795577682,-0.00748279368079671,0.000277120870393464,-8.94935714660923e-05
-0.649447396777958,0.553609512086714,-0.12076607680162,0.00926039858474976,-7.78601490198192e-06
0.689516368663995,0.0631631112631257,0.0632999765722263,-0.00309827367429268,-1.43718911372491e-06
-0.0116545340406362,0.200133057792745,-0.220226630595527,0.0410488716716833,-6.87362976491487e-06
1.65056449170426,-0.175814826193854,0.160369870649726,-0.0148960680063971,1.94215459987335e-05
0.699410488687587,0.00993727860049308,-0.115272153711401,0.031271448091227,-3.96109083124449e-06
1.73210571583292,-0.102747894501378,0.128739653795262,-0.0258420869308241,1.46447108494453e-05
3.07209183208407,-1.89474096045438,-0.00681203068064264,0.0005433306778567,-4.58247829285397e-05
1.49135243401084,-0.104121209821903,0.0222160386239937,-0.00108072860999473,-2.47950534770711e-07
1.65199884404763,-0.528062622245319,0.0251803602177404,-0.00111600246976653,-1.76914788104492e-06
8.04794186163652,-2.09413228324573,0.230005170969006,-0.0330661852691311,6.24019501283447e-05
8.84430287879835,-0.980304714121989,0.812900524437496,-0.236373464536092,0.000216284828061551
1.21507870450371,-0.165523952476107,0.052016750307679,-0.00258159673915755,4.14290175133144e-06
0.443830763476062,-0.00186967434469787,-0.482052008534259,0.251976672704206,6.99174703229338e-06
1.59703716891665,-1.48051069164381,-0.0345501627530982,0.00209577223917092,-2.24325417925074e-05
0.608663505720678,0.0867232278235708,0.0311854177864956,0.00141093201752087,-4.19862396645125e-06
0.246932790172119,0.130837661001887,-0.119228856573283,0.0225751197813741,-7.39445911425859e-06
1.01452130069358,0.0433958869402496,0.117688714147795,-0.0106110258443646,9.90656839614945e-06
2.75180269709143,-3.96468494754083,0.00410000345885274,0.00230899823665631,-5.7179138425502e-05
0.100074630769687,0.161794290278265,-0.14166068596296,0.0248377918263503,-7.62813198074289e-06
0.634796045522849,0.033233125472066,0.209041184598922,-0.0159567670024051,2.66169774038808e-06
-0.0757125807273317,0.812476018691373,0.0305900439708837,-0.000821199016901206,1.0512054992848e-06
3.57361659965311,-6.2483335563658,0.0314375298156702,0.000461516320681899,-3.07531770921685e-05
1.90630749845632,-0.0639035708557271,0.376959120074342,-0.10988725284082,2.60083711006049e-05
0.455282268252042,0.140166394603857,0.0179516767789685,0.00200199638399319,-5.99502843193022e-06
-0.783536794287293,1.22805922068667,-0.0231270550372307,0.00175834109569425,1.23795075937493e-06
-1.54625239996198,2.89265549961224,-0.113422121395315,0.00518756370080356,2.93641976524262e-05
-1.28765181756977,6.0249110410109,0.0972238538916504,-0.00618397872854947,7.54935004255642e-05
0.702502674497272,0.00165565899912571,0.111289932409432,-0.0218590222552277,4.52677437001618e-06
-17.1485589281411,31.4027294043659,0.0919778993947338,-0.0126953537506632,0.000483188523781658
0.837295505474635,0.251586185330084,0.0498235722685254,-0.0026228997030415,-2.50399248808175e-07
0.40021756669623,0.0472682738158818,-0.317308203849745,0.0982788918009879,-2.73870286575645e-06
2.57283767119849,-2.63136630989584,-0.165226302287725,0.00873883746283658,-4.4830445344085e-05
0.460416309423136,0.0177716002290938,0.0780547235976214,-0.00864008666713448,-1.46655303367042e-07
2.05888114597678,-1.78916286877952,-0.0851958084231104,0.00538239401418603,-3.43435795594563e-05
2.54293516663114,-0.113734523300619,-0.31186864094338,0.109507609572138,2.1849504018081e-05
1.22825485137883,-0.322949307550341,0.00690717765584577,-0.000490619543608577,-9.28046875350714e-08
-5.3676325372883,4.17732074250356,-0.320600380830373,0.0286487240196978,-1.76781038638122e-06
0.531276509967293,0.0270030191491779,0.0113132708820166,0.00496824844657051,-2.4533479020613e-06
2.50655045038876,-0.278587551536493,1.09465442646669,-0.35225154591623,4.30800539122395e-05
1.43085672161357,-0.115536574192645,0.184713881586073,-0.0825880169786106,-1.01777405418764e-05
0.754353111618113,0.00774418806647564,0.0337772945642945,-0.00648081044918252,-1.51260255745646e-08
3.07002692012541,-1.21338803998782,0.0376245325315977,-0.00565079313678379,-1.27303631500196e-06
0.0121913073296575,0.478179660229998,-0.0869001851476435,0.00818561851496378,-6.81257581358183e-06
1.63256834503209,-0.956132254638227,-0.00908290598196436,0.000544389021113282,-1.78541331381327e-05
1.34871402966162,-0.606523774956308,-0.0420320536497424,0.00189391133759737,-1.53420702502678e-05
4.4705210194411,-0.313646117664771,0.565810967082916,-0.189707214728602,6.07750816552381e-05
0.476302168459018,0.0185745008572847,-0.214298308244256,0.0723250147006022,-4.72614339903261e-06
1.19776909310584,-0.561932384825585,-0.0179010891737218,0.00117933683997622,-1.29568669006966e-05
1.53770714941787,-0.0898915473283358,-0.619628591490232,0.224685900626102,6.30312466716051e-06
-0.430672829296444,0.194100358912654,-0.315340346124361,0.103598700664518,-5.08047878211614e-06
0.849531745149914,0.102720565087477,0.0771374577933045,-0.0101160647555116,6.23220213472676e-06
-0.302918020765733,0.111652988041305,-0.347489605651084,0.232831218937157,-1.44622254202794e-05
0.513550075528926,-0.00325973154280525,-0.375021449222488,0.18157275020428,5.18735909467519e-06
1.29694669464678,-0.067563518112997,0.119324312959468,-0.0158173311971794,1.26212471275041e-05
1.34269110702676,-0.533603796381185,0.00205045706992572,-4.83096525479532e-06,-1.4984545198395e-05
0.629009227757485,0.041811915624721,-0.26164928711934,0.0665102603504465,-2.12381841269339e-06
3.11921823310748,-2.79567339042646,-0.0162418050169054,0.000892588952706368,-4.85697849197427e-05
1.70515220492075,-0.0350824271252248,0.411439289611969,-0.1481665759338,5.81707048483329e-06
0.251342586409635,0.100710414719821,0.0703224621203992,-0.00125986297901662,-1.72469083900559e-06
1.42795288129119,-0.0933799535605254,-0.419585821050305,0.165906302613435,8.48178753651441e-06
7.54604209951582,-2.2026758067807,0.566931036831594,-0.21993567426688,-1.32347979501179e-05
2.12779848577934,-0.242911940047777,-1.15589240218904,0.402889804381145,4.30265275411635e-06
2.33422614833904,-0.221350999426887,1.29549126884097,-0.417724265645085,4.05839354683832e-05
1.26500069895918,-0.0702670862105544,-0.0363092734367698,0.00701149805084878,6.38606585887047e-07
1.12934150047195,0.105043666925767,0.0342524781607594,-0.00213831242063109,-3.42745838370015e-06
3.59408300547114,-0.218742252091599,-0.699534995964051,0.238220158322497,-1.01590817343822e-06
1.20288922779644,-0.091897252537909,0.0666237471712526,-0.0033791029248305,-6.11565650695797e-06
0.783923227603967,1.14283440465273,0.0199688652246626,-0.00172241649853533,5.97609001257742e-06
2.35718163568669,-0.11309422281906,1.06126520710288,-0.342000579744276,4.18797571547034e-05
0.503463542367726,0.74113122193171,0.0545100978251102,-0.00527857272763429,9.46017278298895e-06
1.87512130128128,-0.264047400346546,0.207172389438127,-0.0479216662682126,2.48442554196988e-05
1.6447378045712,-0.137510158065027,-0.797961692438439,0.282585596201373,4.43745415630644e-06
0.52180155751957,0.109191758791873,0.218797850251319,-0.0208137556283186,6.189755850964e-06
0.200354130213678,0.218093048752829,0.0515755928353645,0.00185474011100118,-3.57613721172427e-06
0.512100830808191,-0.00942050027697802,-0.624876819257121,0.336397269721848,1.47398515352175e-05
2.24958151395112,-0.131209136016236,0.374048888157082,-0.108849796373786,3.81300183761633e-05
3.52536063621696,-3.53265901617987,0.0343559366899159,-0.00132905175264997,-2.01008702053009e-05
1.61405854595848,-0.022509708744612,1.67761212613929,-0.602065800497455,-8.32646002791418e-07
2.10872630685438,-1.41719101171415,0.026880478779043,-0.0012550803002679,-2.99492001115847e-06
0.0320685592341922,0.483802853572538,0.0287978913036946,-0.000520335917676865,-1.87291299933088e-06
3.05291824241886,-0.474428411723278,0.0735316513569183,-0.0232700156192342,1.92208414492876e-05
-0.703736557704618,0.198669174320966,-0.372336271242499,0.117001566769065,-4.88464487486106e-06
0.776565604247507,0.017883633149831,0.136901475175452,-0.0189817592994514,4.58589551899482e-06
0.522279929887817,0.564981271334245,0.0643185148562264,-0.00452955505359533,5.15060593206582e-06
0.629133500405501,0.0187252575027582,0.0692333532144333,-0.00680027948354959,-1.81696284545075e-07
4.27741644034516,-5.90277600714511,0.0200670052484312,0.000310130191515336,-1.98645800484996e-05
0.644662719555349,0.13162216339542,-0.0310438792889353,0.00168099538148024,1.17044241524756e-05
5.54026883037486,-5.56654762833455,0.0295730133561015,-0.000623896825478637,-1.8271345110432e-06
1.73061987231238,-0.938983679374799,0.00628238549044978,-0.000102090271537032,-7.79482826193166e-05
2.18303920103256,-0.0303557896477737,1.42980640193696,-0.463261589885721,5.05851904651796e-05
-0.0606877372454197,1.60272124497027,-0.0198552807791401,0.0005013661953106,7.32138198640452e-07
0.827312805651626,-0.00689996181628728,-0.160826722733068,0.0542461394742788,-7.76189309161456e-07
0.814977184233968,-0.0113573743877278,-0.218080597830383,0.0790739902851973,-2.85440728878783e-07
0.590109768660343,-0.014123433308323,-0.686311109362071,0.373838460800175,1.93280287488303e-05
0.812854948936275,0.00666659708357537,-0.124402972070556,0.0315861829806939,-4.63408542673166e-06
0.831985675820563,-0.00379245707159401,0.224544905602147,-0.0462246404345588,6.18130626044827e-06
3.38965408185552,-4.69501694146796,-0.0169501628809446,0.000760238316476253,-8.40302720854261e-05
0.179118343599822,0.00352486935905219,-0.46444201678689,0.264495224241603,1.20693100395611e-06
3.29053407455645,-4.11270548162766,-0.0614721065438026,0.00148635333374458,-0.000106202355306999
0.224601918629053,-0.00089962953150844,-1.02918413288289,0.782424257113381,2.90362308638135e-05
1.50869997207406,0.356684067465448,-0.00135038060423103,-0.000120160038148283,-3.92768235400395e-05
1.59622299446648,-0.0189059153224749,-0.0149159408217955,-0.00375052018920017,2.70486957787323e-06
1.26953690057069,-0.0310192534730007,0.106128029456273,-0.0167843760037389,9.85725762681668e-06
4.80956708290283,-0.386802492332221,-0.729746510167038,0.246631516773009,-1.76726162173633e-06
0.0549828483401454,0.0819540106740857,-0.179110940533626,0.0385415731426483,-8.64630512281043e-06
1.49074277248827,-0.787672216934531,-0.0222555162391232,0.00123231358465401,-1.63021873932097e-05
-10.9959454703696,10.3136239260104,-0.322147775556999,0.017671113854622,3.38482938569968e-05
1.27251868547317,-0.0469102739479074,-2.01898574579168,0.69208797225128,-2.21651790015993e-05
0.433511799290628,-0.00447050350075969,-0.377854482345911,0.187581338771504,3.40961527053719e-06
0.73267303750331,0.0828501651949148,0.07737085373857,-0.0100658207069098,2.58164702093723e-06
0.454278854772403,0.392409180513185,0.085278455162142,-0.0086257272129354,4.00700804041383e-06
-0.69770534813321,0.521977657954439,-0.328531695062842,0.0793137162114722,-3.60548679892202e-06
0.880603935721566,-0.0495352627100996,0.614909244582979,-0.211834774126343,-4.55630447014441e-07
-0.216262681190912,0.046352552983015,-0.421940651998598,0.388644437044007,-1.39043891861689e-05
-0.241876520713617,0.375959168315286,-0.116130131909657,0.018367361771895,-1.10833457757712e-05
1.03483861354599,0.537740843699908,0.0187814519194885,-0.00210116785742273,7.08930515335164e-06
3.68435216268559,-0.454239399149194,0.350029133800469,-0.128868047023175,1.51226386138528e-05
1.83747511993087,-0.278480503581655,0.212236966834952,-0.0342446326079648,2.275015766802e-05
-2.3112232535593,1.92861167586879,-0.264189055096275,0.0356331803065568,-7.54380658783594e-06
0.369086449087445,0.0295225308772772,-0.203673393458593,0.0818838948598863,-3.1485880640468e-06
-1.56776004933915,1.77442042962547,-0.197006016861851,0.0141240537821563,6.0078421171392e-06
1.06925067171082,-0.0279165718636895,0.295719337796097,-0.0722653548845874,6.70844342418629e-06
2.13581810652438,-3.08020482743834,-0.0199556130680681,0.00212900843826254,-3.42800864303399e-05
0.0305715194527316,0.252728094576867,-0.141978825445536,0.0154053003629889,-7.89889117940407e-06
0.576506165024787,0.015287063196773,0.0989280508456216,-0.00899358607842318,-9.8143012194847e-08
1.30184874817978,-0.502605737179146,-0.00943845725429866,-0.000101184269503773,-2.62597343267073e-06
23.816691412134,-56.7386852793668,-0.429092909145238,0.059414432611791,-0.000933621404816124
-0.00469582676210391,0.0742093863884368,-0.248877975600574,0.066023671308719,-9.97739576198644e-06
1.10151014677028,0.00673280860084181,0.0661631156953529,-0.00854386199619849,1.19334994153157e-05
1.44760127818012,-1.25200323462775,-0.0387667576959159,0.00236918392501832,-2.5755542226562e-05
-0.0588818024946142,0.0331657553328651,-0.275530174687023,0.174120248316961,-9.74563948227779e-06
-4.21308448828981,5.49469718906981,-0.185641484496,0.00614912915244006,1.6140003776484e-05
1.57540762207537,-0.110792589600848,-0.782331555969279,0.220389242363652,-4.52754717300963e-05
0.605045999855893,0.105929559206753,0.21465186187173,-0.01948925908518,6.88685916394337e-06
0.124042735442394,-0.00567304420339677,-0.859951170837681,0.0579144901218571,0.000136701608740584
0.245581963863298,0.404361289809641,0.0406795974642263,-0.00192226711027362,1.24076407655465e-06
4.74965101163171,-3.22814918651079,0.134813227478008,-0.0103307145546292,-3.01001134396415e-07
0.759205829179951,-0.00649662607155616,0.516430208213523,-0.154476452781078,2.18118824386006e-06
2.21753953660847,-1.80775623340409,0.00459304488239543,-0.000311316374078618,-7.34737716929247e-05
-0.0301934494312716,1.02529842155205,0.0123150633693057,-0.000602889485922268,5.02851987533018e-07
0.56380578383027,-0.000858295723315908,-0.0862692618863777,0.0541645926448458,-3.7026316931283e-06
0.600667104439197,-0.0212152923697998,-1.2696323927111,0.782434244517964,7.50087231415353e-05
1.22613267463876,-0.0732327749149081,0.23128941614908,-0.0515914974239697,1.31433728696573e-05
0.659300209254663,0.0711597573615807,-0.195023046868397,0.0523988354768433,-5.31486233592911e-06
0.0156235041503899,0.0856416788678173,-0.40077178359252,0.202141373171551,-2.80736172706484e-06
15.7161678250508,-9.71896948427104,-0.438145656915103,0.020213271034331,-2.05614233674376e-05
-1.61508306223557,0.5391620974113,-0.173967515908183,0.0435995218985018,-2.33118297611699e-05
-1.5547371481392,13.4435360721455,0.0461628929370267,-0.0156876647840045,0.000131908013770526
3.0835157673742,-0.627750654659434,0.178465369646865,-0.0451691282243202,3.79810026174613e-05
1.49297819986371,-0.203157368841041,0.0739481675184271,-0.0074870486650705,5.91927593622101e-06
0.398596011925144,-0.0362163641662436,-1.00128578836906,0.671434940810482,7.35818126425286e-05
-0.506759874488542,0.568778971701285,-0.164745881996395,0.0383198852939955,-4.66425428339545e-06
-0.276749295287937,0.332835038434192,-0.156356327480333,0.0607242291978447,-1.13216775581203e-05
-2.66136600907527,4.58551373979376,-0.108863056227554,-0.00121512680433842,2.19139236599139e-05
1.06524554784335,-0.0447987141492997,0.100295510263744,-0.0157480959483984,8.25262489463995e-06
0.111838941157728,0.0311322153319518,-0.415990436788984,0.293881133407174,-4.2303295664224e-06
0.493665481374379,0.311086434474852,0.0962990540683369,-0.0111782876068586,3.79395345942644e-06
-0.341977879613169,0.865553983838823,-0.20605187413601,0.0388020657138095,-5.07526792169287e-06
1.2145435659012,-0.119412546498057,-0.0329173906754067,0.00641504436324561,-3.73858693236098e-07
0.461737040382649,0.0577411258253866,0.148929128934638,-0.0194165080623587,7.00448505004113e-07
-0.729046496037737,0.583422697082578,-0.319402023880476,0.0830165763480833,-3.6190701269398e-06
0.695424872010263,0.0327818027357677,0.0240129718963485,0.00113189551606112,-2.20973158141539e-06
0.980504953259761,-0.024376448573132,0.819158927811774,-0.256182114555996,6.84834682078517e-06
0.926205696196693,0.00135153866438928,0.0955827777153365,-0.0151131860308579,6.20784802411052e-06
2.47941138225496,-1.24964370971082,0.0167225972237818,-0.000673378772021241,-2.05769597696556e-05
44.8906540203762,-38.7924148805817,1.01273319554256,-0.0634677420378987,7.73285900046494e-05
1.41116500873807,-0.0295857249270491,0.173943006220456,-0.0346448142953692,1.67492914561374e-05
1.55253550789181,-0.777351710016772,0.00184211561872396,-0.000840900430433129,2.15305675332708e-06
-0.14059010949737,0.0404832410491026,-0.282702599206058,0.0683796606574235,1.50616341618398e-06
-2.19587781714942,8.58253457178627,0.03256084452974,-0.00350483503111927,6.18453935655709e-05
-0.297599996122751,0.171554760727046,-0.156025791762586,0.0168881159704497,-9.87770285897854e-06
-8.5084436735533,12.9706897094365,0.0779574638353454,-0.00518294481980502,1.33645547885981e-05
2.86994579322855,-1.59503324993448,0.0406520339003423,-0.00239936343260494,2.99018447450919e-05
3.95554084915637,-1.67498677134612,0.116207302358842,-0.00857702259720213,-6.05178614681398e-06
2.36527997327211,-1.62775468551007,-0.0238628528104551,0.00069090574593351,-0.000119541721992817
1.22762348328016,-0.0781239532142349,0.0160213741585243,-0.00109347617234919,-6.27997824941548e-06
1.63105511461313,-0.563042533001206,0.0134947628923249,-0.000866478164975388,-2.22447901307024e-05
2.61862679930905,-0.127270861851351,0.388280518236639,-0.112948006865978,4.1140009276043e-05
0.50336823951147,0.351142750155536,-0.0222631354488353,0.00315883327992848,-5.41015064890711e-06
0.623090935623405,0.0304355175816237,-0.134106426870478,0.0387998441072374,-4.95753233756519e-06
1.42403454094505,-0.106407908880264,0.029845857938717,-0.0215480053923812,-2.0557438099481e-06
2.12734643197031,-0.289266085035442,0.422141886587228,-0.125912488366411,2.32201153272364e-05
1.80798128571016,-0.186204166041559,0.22825292508345,-0.0876609495625941,1.08638678673795e-06
2.92224552693699,-0.697571797336299,0.154343788670868,-0.0484490349232716,1.85926354547562e-05
6.24562879981738,-1.9458765639968,0.249708413216958,-0.074775283105145,4.81873366701861e-05
1.75257067716098,-0.098671740053246,-0.265996524019132,0.0959194994879556,1.48946467106198e-05
1.13941491937455,-0.0536196615180619,0.0261540941559781,-0.0014419584786465,-6.35589663230095e-06
1.29411871284464,-0.0391148987645137,0.134100747087524,-0.020102357266195,1.70250581883682e-05
1.44304302385362,-0.0560219331646129,-0.0141652059402305,-0.00312172274122572,2.5454525431206e-05
-4.05670622110476,16.8424258904489,0.0813636111381878,-0.018767722416963,0.000115403297658301
0.594873240549481,0.0677528758868609,-0.0395240779564128,0.0147338341084388,-7.29183210562271e-06
4.00845034600062,-0.439453414600173,-0.163183800828836,-0.000198279869369786,-6.04490436175551e-05
-0.684958372017883,1.06051029221841,0.0227238142052653,-0.000794548292711032,1.03133756029934e-06
-0.203540501739436,0.0300710249181999,-0.351339251717127,0.233981068113441,-1.02207283302659e-05
1.12703876998358,0.0154991837989334,0.0254823077584897,-0.00164964221937104,-9.93345354189937e-06
0.997821039591033,0.42901937893277,-0.0109943239319261,0.000319060229255961,-1.06194911872941e-05
1.02682928462042,-0.0151300082105737,1.11647022361473,-0.362403952242152,3.16746512216695e-06
1.15588832804274,-0.23863774209556,-3.05276690037506e-05,-0.00010858889057029,-5.65825631856141e-06
0.00920200096798738,0.0995093393544716,0.046824219161451,0.00980531049358088,-5.15120685532351e-06
10.2982318770143,-1.97894970525992,2.4394971320488,-0.773852321844364,0.000364461865355896
12.3493690752751,-3.44479837479274,1.37007424971181,-0.392807229643562,0.000285452981159993
2.29222002340708,-0.17613324129717,0.502044391113128,-0.140310049240586,3.54146420689929e-05
2.67554483149234,-0.374760401632486,0.194820383629776,-0.0294302772089457,3.47497875877018e-05
1.41663760436521,-0.541393310184368,0.0236942960126668,-0.00111499069969566,3.66622073030556e-06
2.07819087150678,-0.122675502321229,0.0486116590751625,-0.0218475756778627,6.70728092746385e-06
2.46936551541818,-0.289012154343974,0.165041917017039,-0.0238923300512101,2.45704316605318e-05
0.364759380563579,0.0392571331439447,-0.0949251344601035,0.0207615325414582,-8.53486851264229e-06
1.9538842551616,-0.625830765335522,-0.000513215658306959,0.000340711062171775,-6.79818459072388e-05
24.8655735667464,-22.5990183297219,0.150863386399872,0.00200071539115452,-0.000685381751515244
0.890787240032298,-0.0105771767252024,-0.823428914391039,0.383447076340687,4.16157108421634e-05
-0.0654988250704255,0.0485510934589732,-0.111592291344686,0.0377733094000504,-1.43290773325032e-05
2.23226310783654,-2.13336886292934,-0.0492325748197698,0.00255248742449666,-9.08122593304118e-05
0.333220646736732,-0.000631746724805593,-0.81119484046947,0.549033591992545,2.76301068805691e-05
1.59464992170108,-0.0479870442003102,-0.0977723126837384,0.0351063654897863,4.53613930623629e-06
0.0724369045344031,0.0166916682427292,-0.368576872334981,0.199509014777202,-5.18260511684311e-06
1.69713265357969,-1.36418428032015,-0.0109175110193815,0.000833025102429997,-1.69461940356754e-05
0.339444312897376,0.0508114437291728,0.00786873255431238,0.00489481683665851,-4.51309073126011e-06
4.87553221890691,-4.764245908579,-0.0242274229744051,-0.000790369915066069,1.00476242559509e-05
1.7893116194991,-0.985016107378587,0.000239600876147805,-0.000154755645094538,-6.24182851935862e-05
0.938468737607579,0.0113350099784246,0.107631646690214,-0.0109198042855451,7.81391216479824e-06
-0.138971839848818,0.0553414288043097,-0.251406181326207,0.0590352281088383,-5.44169217168294e-06
4.29528515490476,-5.6667178938085,-0.0742793569946777,0.00489319781172339,-6.47889857495132e-05
-0.145955007726353,0.0574554987722208,-0.199763658756018,0.0568097157397824,-9.50346047373473e-06
1.93335131099061,-1.19505600723912,0.0434550085563117,-0.00225019747272922,-1.32755899129792e-05
0.901790142155819,0.275769065150717,0.00245132986967537,-0.000937420321324408,5.46768723232242e-06
1.2640119529866,-0.00252727155057529,0.0261230280949907,-0.00143107119492624,-5.73982368410356e-07
11.9325357549373,-1.45347986168685,3.02904984936721,-0.959937353414123,0.000529553035494318
2.80685768894905,-0.380855089636971,0.433795718178226,-0.0491082506709684,2.30068337318924e-05
1.58195547801036,-0.192635266954805,0.0367940431634659,-0.00214718551022462,-4.90495237491137e-06
13.5447481178276,-2.42007873393964,-0.735501250101524,0.248619595834728,-2.51452094778965e-06
-0.298924318767665,0.034393703660701,-0.366890628250083,0.207864861356504,-1.07418758753323e-05
1.32841809471904,-0.321586789077772,0.0604679638442324,-0.00302667204961927,-9.55319110103348e-06
1.48890778858937,-0.0726668254287467,0.00650564584420608,-0.000605682327063282,-3.37122198550655e-06
2.25156583461298,-0.0556001965378643,0.903251163684141,-0.27971326335499,4.39098091337104e-05
1.53661824980061,-0.789573257489975,0.00930755341787907,-0.000332050383766601,-9.26852993140218e-06
-0.195759762002114,0.372366897692814,-0.172072748673757,0.0119179094241976,2.83832351443771e-05
0.463314536351735,0.213210865751264,0.105827209203155,-0.00643098445800465,5.57626758952631e-06
-3.850733749941,6.78830969550462,-0.0995958629608247,0.00505817311812134,8.99962803478276e-06
1.04786627843601,-0.0123300200624382,0.885157622312693,-0.290845471667112,5.98877736001334e-06
1.95943939053273,-1.49517643016576,0.0200604704432006,-0.000857331598649767,-7.80364936568319e-06
0.142292656066552,0.16730599408696,-0.00662277502641135,0.00425264385177337,-4.10496522310503e-06
1.17069291072808,-0.0329693698636481,0.176560881625635,-0.0350724072040085,1.17669791165436e-05
2.60606827383014,-0.419047204084521,0.190816930164086,-0.0391120154766699,3.3751190058533e-05
1.9153351722523,-0.916871886006098,0.0902639479102133,-0.0047139726416861,-4.16224864325962e-07
0.0150165557159163,0.0186851325406603,-0.60784437661864,0.469299511753678,2.06317668010168e-07
0.727263848029593,0.00354400168591271,0.0296340085024898,-0.00326579882789298,-9.5219807018626e-07
4.82977467874565,-0.889685074162348,0.935453336246132,-0.2898400485217,7.55354199267837e-05
4.86715256589676,-0.738326812431178,-1.12158512982379,0.37483509014178,-3.15839101380809e-05
1.05004402576343,-0.0307585009968059,-0.983749922156072,0.37685544382395,1.05109931130329e-05
2.26005000569998,-1.16230436959207,0.0711556564259739,-0.00372980724416602,-7.29182512618928e-06
2.60154161193159,-2.05441949003817,0.0301812678957868,-0.00145632354385714,-2.45928437519694e-05
2.18591373055333,-1.49785334675103,0.0251462878053144,-0.00119923240397427,-1.2396499921711e-05
1.43460747544501,-0.0307157374694657,-0.0209437500298688,0.00132154081424913,-1.71248634491196e-05
1.40299247511402,-0.533790331115991,0.0118521230050801,-0.000691733347287997,-5.55040339609171e-06
0.752478256254507,-0.0037303694966876,0.174928333842114,-0.0435371891995931,3.64169676817481e-06
1.51844246545351,-1.06080259174683,0.0223802203762467,-0.000838721843861473,-1.53035650316609e-05
0.722768268731466,-0.00311076791482187,0.15252897965489,-0.027358733496541,4.03194950827409e-07
0.204626128059389,0.0119075738585981,-0.3336014174151,0.184846945113538,-2.78827279007121e-06
0.981787627324296,0.332058235446169,-0.0582454949515126,-0.000670513899121908,1.04870477403058e-05
0.934839193505946,0.00928780237083863,0.0408462509604205,-0.00687879601062764,2.44088737372468e-06
1.29018460427147,-0.45074716058013,0.0163072078408409,-0.000762237721884532,-6.17907522833527e-06
3.35707511729797,-0.871066220066507,0.0612384725418972,-0.00935122553198736,9.51515960464889e-06
0.475723727032797,0.0523964523120333,0.0877454825629898,-0.00704606187022332,1.31561680136554e-06
-0.643720282327224,0.249887842690222,-0.216162769600794,0.0317562214030664,-9.78221263946781e-06
-11.5565562059105,35.4063632952415,0.133170499705191,-0.0176190932988826,0.00052130463256722
-0.792965515974658,0.317980543003707,-0.146267233019384,0.016508109568259,-1.58723252906556e-05
1.80957515609272,-0.755161601374644,-0.00507723480792414,0.000231105463840835,-1.40503091456958e-05
3.92055938066943,-0.163557147885728,2.02787533850268,-0.633699603927194,0.000148905217695351
0.946575232215272,0.035318213564169,0.100466443853353,-0.0122800116062662,9.88968089783151e-06
4.15500877725311,-0.591059345142522,0.602800033161487,-0.19828152384054,5.30650244406682e-05
-0.451695661840528,0.267764932684954,-0.234904369667724,0.0518804344944479,-1.01515948482864e-05
0.683514726165932,-0.0263286413070337,-0.859026531162964,0.357351200102385,8.76604597995186e-06
1.64936639697099,-1.74649941848758,-0.00671200116454534,0.000725562740983166,-1.30432642854712e-05
0.337086438725051,-0.00688453472427455,-1.0708777976331,0.736216361977643,7.6413528081343e-05
1.3717335852859,-0.435052207839423,0.0103187449040293,-0.000628769086914421,-8.21532243506267e-06
-0.0566934266687737,0.0461730923183632,-0.288493218441497,0.0949125056674435,-5.18370786876683e-06
0.944707950868257,-0.0120048937609792,0.228765017564457,-0.0531049176969354,9.7029411847266e-06
1.55336448310966,-1.61473141129392,-0.0693029115563256,0.00496733224269653,-3.75423463512822e-05
-1.39112696730555,0.791023778259725,-0.270839218919957,0.0397445409152356,6.189011209111e-06
3.23913254643739,-0.53460670522854,0.302382578853037,-0.0937152902367812,4.29004845801661e-05
0.496730921463952,-0.0080547325572212,0.0552901779187152,0.00738665578949162,-2.50666103872277e-06
0.752664750930681,0.0299783125667138,0.0851360963768295,-0.0105562113561591,1.3621152691084e-06
1.2262422241985,-0.0274728658118955,0.142507644216764,-0.0381969473816675,8.46242683410245e-06
0.855537099172662,2.07068724471581,0.0162867501939744,-0.00216914051908801,1.03511307254541e-05
1.03271676538679,-0.0079679706950102,-0.0341742024142855,0.00662328127077034,6.28873783383304e-06
1.4511941747471,-0.96620467531533,-0.0299735935924845,0.00151961337636902,-1.13812113338027e-05
0.48607377831467,0.053638648679983,0.10883723469893,-0.00782735430719094,1.74854809410611e-06
1.90485036855783,-1.83444347845196,-0.0146878427887951,0.00112538277109327,-1.4010889597558e-05
1.71307083659786,-0.0584871774383691,1.24562664316785,-0.428100150301228,1.18071477540387e-05
2.51335991492138,-0.274996047530047,0.0510915688491061,-0.0205846615083512,1.01035310476599e-05
4.4411083002682,-3.84297759672265,0.0877827825504589,-0.0042906390111655,-2.4104465325865e-05
0.744053767977087,0.0509000552222519,0.09411654980843,-0.00727959958955487,1.40418074778502e-06
0.116118888134448,0.00427264916845298,-0.491103289573667,0.30862529238266,2.9079388531792e-07
2.50685858308471,-2.26598115066231,-0.023687759514382,0.00113155014260128,-2.71759629384867e-05
11.5924565125016,-12.5164162137044,0.072738012514552,-0.00128180601476486,-0.000208956784450423
0.716796691490251,0.0179054166223504,0.0856985366397739,-0.00804045852322543,1.05078840319117e-06
1.44011708208984,1.29418895357463,0.0142756661727279,-0.00100094252767145,-4.14756090268422e-05
0.336882507688107,0.0359205268996142,-0.0805463877014945,0.0139143085391046,-5.64230021556447e-06
5.14374095003643,-5.28023000742744,0.00431308891217942,-0.00225461225430719,-3.56772627761534e-05
0.246431440231797,0.0477214915303445,-0.117548037772017,0.0255857152126267,-3.43230857542169e-06
0.617941316029751,0.0717023957234086,0.0644805195963002,-0.00739906314988813,1.07760707736101e-05
1.66996243526792,-1.9677107823345,-0.0369329541168846,0.00237729625028808,-2.3783652298645e-05
0.882034310941357,0.0681185648853186,0.118628648647092,-0.0104221791869746,6.20743119077666e-06
1.25182087179187,-0.046557593462722,-0.0101076804538881,-0.00369488521861859,-4.06546015892693e-07
0.978015106903703,0.776034796895579,0.0355647851948406,-0.00258014848459326,1.14288771538837e-05
1.63054349190307,-0.0807167510349798,0.00103655033422968,-0.00577943715616682,2.41709431027068e-06
1.51888953574132,-0.0827830384836103,0.235096380450875,-0.106022738989695,-1.10392832214052e-05
6.49854110026687,-4.47914687630529,0.152454853141805,-0.0133744588212824,-1.31555899929051e-05
0.854178929776213,-0.0186838056625782,0.0934213565370962,-0.0231372922340342,2.11690415622107e-06
1.08175868097868,-0.0241396155687697,0.121337185072231,-0.0200387072682015,9.61179523843379e-06
0.655660077481428,0.171530542312253,0.0970787544708031,-0.00661398064245136,3.79361480464702e-06
-0.410694913782402,0.34701954132778,-0.178396781068173,0.0236001979504553,-9.82284898761258e-06
0.782055094390236,1.78159402738883,0.0171069333192825,-0.00169211199970001,1.56552585892686e-05
3.79502534578369,-3.34072587176572,0.0189437819640455,-0.000823872302872698,-2.17596121327418e-05
0.783188318005118,-0.0210031568678929,0.905811331693971,-0.521750872526053,-1.91891078290484e-05
0.655559202754269,0.025147976153585,0.137941281165915,-0.0211141488862526,8.36024930124185e-06
1.24624728218008,-0.0781452818304257,0.235989164732563,-0.105774485001905,-7.24644164971882e-06
1.17946218795823,-0.0575409695420158,0.220900374801393,-0.0543300543203444,1.22678078165521e-05
-0.00565918502930194,0.044947293611894,-0.24184688137514,0.105616462944124,-8.94613959024768e-06
1.48750641911935,-2.23519128303806,-0.0412390650150082,0.00320067678387804,-3.40356784319905e-05
0.849647369310329,-0.0325197217048843,1.12404915024273,-0.411700865625679,-1.20438508341421e-05
2.54075887757937,-0.926682887748372,0.124008736810919,-0.017683130939151,1.83408540091541e-05
0.980881406096939,-0.062465449261455,-0.5767417736174,0.256629635800528,2.31493191771887e-05
-1.21028118086746,1.11942584897202,-0.158973605655285,0.0262465503954617,-6.03117907535249e-06
-1.46571171491915,1.27028195771361,-0.17258327750368,0.033967958269148,-7.31922468754599e-06
0.970602234895665,-0.0428022631030025,-0.148812162079592,0.0460977606522632,-1.60388668897947e-06
2.04967893228564,-0.31335582495165,0.0473586211824039,-0.0207558431907278,6.28712974564323e-06
0.355441562948422,0.00859961170692807,-0.518650322845586,0.27624620905417,8.15508454112875e-06
-0.0669036844697612,0.147138110590561,-0.146097633351269,0.0275951861229292,-8.97345969454027e-06
2.72188562900927,-3.14725666109522,-0.103699301220977,0.00491334586415471,-4.73705801957379e-05
-1.87756000119376,3.79801215203738,-0.0356957657988309,0.00171722984557511,4.25313113287838e-06
-0.123521582017503,0.359111267947838,-0.117250154889056,0.00802851477510875,2.5315427693934e-05
1.88193257511871,-1.29235001726883,-0.0290016874993463,0.00137247636139673,-5.17191224749184e-05
1.78173686407417,-0.0423990317358089,0.0167644065602112,-0.00952345085903743,4.54712049135902e-06
1.46400631829027,-0.488412397748247,-0.0726743718142492,0.00394015476962442,-2.80235996984707e-05
3.68282951501236,-0.169226536379659,-0.742522353028702,0.2474087924691,-1.09763921679775e-05
0.808166792328281,0.507686483019388,0.048029942947464,-0.00315378399601646,7.7876515410182e-06
-0.0374182297727268,0.0164887437603259,-0.365487149791663,0.189769232124576,-4.53367550311672e-06
-1.16593931221083,2.52695580251219,0.0809374510676063,-0.00339912473162135,2.0494221693502e-05
2.91501135714254,-2.08040866715374,-0.00635291636378344,0.00062173308425346,-2.07333509088785e-05
-0.316401466833611,1.62778563734161,0.0609700171223041,-0.0030762748562825,1.41617976146552e-05
2.30677933467948,-1.59133017050252,-0.0164144954168434,0.000911787678843423,-2.58730436189219e-05
1.47514197250236,-0.0568298504066453,-0.799624304149038,0.361860411494793,0.000130565284097572
-0.363244460161324,0.100183530853069,-0.320856546261671,0.13088773819407,-2.75152204057543e-06
0.445890494568664,0.0063915834267571,-0.394561153824121,0.177731995614227,4.9283015223089e-06
0.503149628732982,0.0614964754469823,0.113665769417147,-0.0111165799085615,2.27299142751181e-06
1.1195318762443,0.137715424382281,0.0267733074458756,-0.00154295019599693,5.36590603086124e-06
1.59975286681284,-0.062319869357301,0.0169746342534977,-0.0120312745261511,2.55806387493093e-06
1.50916236318368,-0.139883109729739,0.135478055471511,-0.0145080545470137,9.9147476461138e-06
0.746636791092083,0.0399533302445474,-0.10424881351981,0.0238660239912514,-6.45858198696348e-06
1.69365037295358,-0.120824950519816,0.0245121602559907,-0.00796878185929733,2.84641477030786e-05
1.94275757565399,-0.0796468281288388,0.0547699864722885,-0.019911901513633,7.93566601336529e-06
1.5056590551355,-0.828400057745727,0.000739629202771637,6.80132324713644e-05,-3.9882397708353e-05
0.783361573624738,0.0111002489783953,-0.0245378786887237,0.00530333590155682,-5.24136878936691e-07
2.13516174393726,-1.18458541497645,0.0206027598343901,-0.000910395124140728,-1.32888046660832e-06
1.28046806871917,-0.0257482190578827,-2.29970041304583,0.77919212318167,-3.54752982674226e-05
-8.16287914820557,9.04282497280941,-0.250492053227054,0.00894603227359556,7.95549381311745e-05
0.763250413742399,-0.00805533385623236,0.744550012462094,-0.267949210213701,-5.1338276038593e-06
1.96183312323137,-2.628834473046,-0.0188856368089029,0.00113574040390719,-6.73288978052359e-05
0.489169459359959,0.315171268269447,0.0372194568819358,-0.00187645100313704,2.89726656164979e-06
0.540575511834632,0.00392078222620173,0.231542427108457,-0.0322276017114287,4.2733400339653e-07
1.89036927506017,-0.106989510732132,0.271416311850009,-0.0810161741703086,1.97447958963053e-05
0.867680584160129,-0.0130957520110764,0.244574791026182,-0.0621013228634862,5.85945752821451e-06
1.23864230420868,-0.0314751173580256,-0.0663321482049725,0.0195935533834523,1.32541578944503e-06
1.9494780649623,-1.54344747132001,0.0086408932280739,-0.000287055906117082,-6.84758360666117e-06
5.38372115783943,-5.15689525154804,-0.0516528668544362,-0.00475300841251017,6.39200535426743e-05
1.28586298668181,-0.259450888810803,0.0504193718870112,-0.00259947221748356,-9.24480354816341e-06
0.87412183787013,0.0176794547066008,0.111231466589519,-0.0147912065763088,7.24236574512227e-06
2.83326272059169,-0.213749805015353,-0.802746154682551,0.28505231966714,1.72700114597398e-05
1.33361693472806,-0.0474216439572494,1.07765581093402,-0.359564724212121,1.12102174374887e-05
1.00057771474546,1.63468889124561,0.0525936408973957,-0.00439084770886099,2.12852512094217e-05
2.51039007777471,-0.278553481965108,0.133508013194266,-0.03242037865171,2.20789836171592e-05
-0.767212905583038,0.420580500823482,-0.351783793903596,0.0995752067686004,-2.05697040006175e-06
-0.779464157374563,0.662580308595996,-0.191764875650197,0.0408667066724932,-6.05979814860758e-06
0.595831456333495,-0.060604871993277,-1.32890287915574,0.864704098160205,9.12980203661783e-05
0.138851347796429,0.209578737420887,0.0238214349698797,0.00555388538804136,-3.44830410641375e-06
0.92593883522014,-0.0409980012789994,-0.142567137138773,0.0493271074233539,-5.03099809347075e-07
-7.99007511034019,8.53677421449403,0.0245885310100862,-0.00257280045415364,3.84409415221119e-06
1.65864961784669,-0.086327687441401,-0.541256181491703,0.197277957942266,1.7121274537592e-05
1.19189895677645,-0.479264478385172,0.0119065961883938,0.0003648949510306,-6.68738523946997e-07
2.25968438323352,-0.211656353292466,-0.924259995813346,0.318090221067735,8.4781530879469e-07
1.15893923556291,-0.0513396434461294,0.270255650066981,-0.0706137601493648,1.18343357873418e-05
0.215748393025556,0.0607318861553057,-0.297673380752992,0.104845747555571,-4.518378789663e-06
1.14498870553457,-0.383949974481578,0.00272687849803331,-0.000112249104626433,-9.55786813315768e-06
-0.224811396889059,0.123852133913032,-0.285380028629905,0.116873376875314,-7.61990730533479e-06
0.830878740668271,-0.0359215528020947,-0.0534220074966256,0.0256091708074969,-4.64246016269678e-07
3.84856027710975,-1.67000701011106,0.337145965883116,-0.0871870161848746,4.7276876783095e-05
1.21423738501026,-0.118479844733373,0.391313706341376,-0.110757941401557,1.06757673540726e-05
1.67438800913328,-0.649777788980318,-0.0210863580699594,0.00603865373820229,-6.94840200967085e-06
2.59044249374048,-0.49828799835275,-1.88273845154237,0.610462297604907,-8.3395834275387e-05
1.18851155283321,-0.113914165982467,-0.820680275156865,0.319626287424944,1.230396994722e-05
1.61817558292387,-0.19046360106564,-0.0630108443387708,0.0120962365347181,-1.64910500280448e-06
0.879501100243886,-0.00459092549207259,0.150702940013753,-0.032771065419836,6.41065174717945e-06
1.33079253094551,-0.232547084330356,0.0297560011322839,-0.00156126430445134,4.58153664919457e-06
1.74014615854754,-0.128781661981513,0.0580544114160217,-0.0220875764415441,3.20968693304614e-06
4.15948796554566,-0.850606565327267,0.478175206803048,-0.141647685850453,6.70451843178683e-05
0.860988115175446,-0.0505748327560957,-1.93615301210953,0.614584315075856,-3.1374954848097e-05
1.26016949476197,-0.0976823216767803,0.0858227064233367,-0.0316177567879753,1.5722327560154e-06
-0.170094947280838,0.0321474659874175,-0.481800873576977,0.413312709236527,-1.09652783475444e-05
-0.52361368445386,0.262411041906573,-0.205780497819251,0.0419050208832372,-9.40392799677846e-06
1.16644802018412,3.46201401127645,0.0677150979577884,-0.00547551833125314,5.64126701704198e-05
-0.0454088336953367,0.0045680453858494,-0.77478041059898,0.847912102545533,-1.07382643037729e-08
1.88832042918452,-0.084217046853472,0.248868422927109,-0.0622780338105581,2.88544767545523e-05
0.710848734374409,1.37900154136079,0.017066407205055,-0.00188220398886071,9.56268003232608e-06
0.861363347683846,-0.00800921095329593,0.180074068910895,-0.040796623116573,4.35021723672845e-06
1.24997372498791,-0.416445121818623,0.018380442400487,-0.000896993337950173,-6.34823152953339e-06
0.227592863485133,0.15084311283069,0.0919266141418138,-0.00134872751521325,-3.5682242972191e-06
0.40787638836428,2.18434096819588,-0.0148882098432221,-0.000610571428324986,5.38564932693097e-06
0.239519403206934,0.112006353482985,-0.185142064835713,0.0463228658766505,-7.70027026399726e-06
1.32910458618425,-0.100460977033366,0.108597070799266,-0.016184787561095,1.25711708755612e-05
1.75712309513539,-0.118693684263818,1.44896177328427,-0.495989419508091,1.56564182388494e-05
-3.60756144562032,3.2580582451085,-0.268249138519928,0.0266438591927198,-1.55188889972025e-05
0.886549726514268,-0.0153830533249788,-0.196563500188917,0.0646950836488322,6.33935036629507e-07
1.71003868631235,-1.14562368144998,0.0571309035050949,-0.00224791759571399,-7.23024772978024e-06
1.1118212295769,-0.0230873321553706,0.103815143796499,-0.0243113368998395,3.8377034651858e-06
1.26330906366228,0.0676013315567417,0.0616391572498368,-0.00367806872498557,2.12679476841969e-06
0.32561750937419,0.132437105455944,-0.213664192020354,0.0448909152844389,-6.42186963592371e-06
1.12447275544,-0.0246364058602071,0.138475063533687,-0.0349055924292637,5.00951071587698e-06
1.85395023067819,-1.64008753386992,-0.0285374950895212,0.00164372707102491,-2.61660631521342e-05
1.39148681927688,-0.0318527629054535,-0.0342650460901413,0.00599481926095456,-2.9093173961602e-06
-1.18812337547209,0.762416138425614,-0.137274992877196,0.0107940527823048,-6.67501182952024e-06
0.50310956691996,2.92997539181937,0.050277404547123,-0.0037189669448397,3.58439283918348e-05
0.631272133512179,-0.00476536979023196,0.386658054821819,-0.110462551431686,1.53584957426304e-06
1.04091665435469,0.946900685204467,0.00723825075621534,-0.000852563647189406,3.65701601818603e-06
-0.418369032952294,0.231076872453629,-0.253439291417314,0.046199752857109,-5.95051824255521e-06
0.766049342476477,-0.0108205300878226,0.154676313932517,-0.0385273510221625,2.0377099407469e-06
1.22174018770971,-0.06288064375347,0.171581857656801,-0.0415415605324418,9.41582491204778e-06
7.88669743811151,-7.51400945099239,0.378895447206443,-0.0166801750370588,-3.70172287724354e-05
1.44969657980728,-0.128869140291552,-0.225982174133378,0.0908290477093748,7.94075581816066e-06
0.784609060524727,-0.0525425270531027,-0.865445979735055,0.421296072445787,8.46133086384458e-06
-0.0364392605352218,0.153253225834345,-0.19399199402864,0.0423356189760499,-6.84530416361331e-06
1.22031172160932,-0.0399102501118866,0.347013854890648,-0.157509562379561,-1.41058539223292e-05
2.17195623913442,-0.923894840234162,0.0265237357362977,-0.00135995293823349,4.23880047368241e-06
0.791375419745499,0.00682170435959462,0.0715099203390209,-0.00875839831057821,1.39448911576807e-06
0.78975270815493,0.0147934082774568,0.0883752601974536,-0.0122056363271353,7.39826067181517e-06
1.17563063394431,-0.102212778765742,0.00876980116439232,-0.000756333519114714,6.44046138541705e-07
1.73211548913889,-0.0756408163418666,0.0115170101404688,-0.0087293907002862,7.98372938435181e-06
1.544219823477,-0.737199324214314,-0.0151028541773231,0.000421811018854118,-1.37868273512419e-05
6.64439726002954,-9.8190944280969,-0.0540079581511488,0.00788710351869878,-0.000128340059468753
-0.0067073776553007,0.0510916385426376,-0.208026650362666,0.0516808354895448,-8.44245411605789e-06
2.50205745670322,-1.96397396231347,0.0281238375181133,-0.00106732705220948,-8.88435391376222e-06
1.67270858538893,-0.740514967760547,0.0153744603259958,-0.000785898907822426,-4.12803433992409e-06
0.684315303739413,-0.0119464957619516,-0.628349409141798,0.324026704065288,4.95244314274444e-05
-19.8268911753042,40.736784364003,0.135312224718334,-0.0329606265083042,0.0005760123852602
-0.286153927926979,0.0952252705273537,-0.267606072024031,0.0773830862949346,-9.68650460534545e-06
0.506525219265562,2.05655319983858,0.0701123433659655,-0.00557248001643871,2.37898678837609e-05
0.215202421143711,0.238382639945444,-0.0912707160331101,0.0156563126248196,-7.00358833568096e-06
-0.352539843265543,0.15934641844379,-0.339121141122406,0.115242580050361,-4.30920559235204e-06
1.09912349038549,-0.0385956466529073,0.255410295925348,-0.0616397251242119,1.29845582123952e-05
-1.99165438900838,1.68344858872658,-0.391352828078298,0.030102561714558,4.89503226403802e-05
1.19849864155729,-0.590392209152721,0.022183671590506,-0.000243999376548074,-1.25566201917808e-05
1.10611379567909,-0.00669238732069803,0.0955966660302685,-0.0104745020298422,4.27851296717117e-06
-1.54969388600913,1.66447194937485,-0.156960035818186,0.0157726829551719,-3.90173828459818e-06
0.500968809516473,0.160033224483306,-0.0856625777425083,0.0213909214899346,-8.85804612488749e-06
1.34246886417151,-0.190677777121313,0.0815671027337516,-0.00972392539191861,6.7463663161369e-06
2.45663666063099,-0.387048948624354,-0.570921481304505,0.199230459651512,5.12927770706808e-06
0.480216086302802,0.121031031871176,-0.0367694380566228,0.0106006576686469,-2.85073468161147e-06
1.50119522007707,-0.0868733684342742,1.08429776983218,-0.362060483359198,1.39648336642037e-05
1.14006903508345,-0.1229327645672,0.0427586946601761,-0.00226030411600126,-6.57361098907666e-06
1.44176900345273,-0.0472133559504758,-0.865649566506395,0.320790622192185,1.28809206417042e-05
1.13856642342808,-0.0263608123938255,0.0289127289122005,-0.00215375161485431,-7.56427769786179e-06
5.09443421664639,-0.379662885929828,1.48796523722969,-0.519810124659497,4.85500630118542e-05
1.13757827294353,-0.0683518506250338,0.0338755378964766,-0.00177019251794946,-3.32665871142734e-06
1.13306281254932,-0.0281837956632855,0.237554137590044,-0.0404165256281589,1.09021022020739e-05
7.85289198585071,-2.02183022481033,-0.738962915772245,0.253277977445552,1.30743452354004e-05
2.40285951037999,-0.293766809891449,0.541974124855053,-0.232448201143383,-4.49307850115973e-06
0.891321498748657,-0.0552064814512909,0.0944109839467174,-0.0219634625124921,4.286122336324e-06
1.27296073913777,-0.140320091298742,0.402700979432467,-0.134412266064807,4.1570850803076e-06
-0.0361182055886334,0.532483218825694,0.112086857216502,-0.00878083863907776,2.11979935714585e-06
-0.0218930217886899,0.0296383996788965,-0.560669477122414,0.43588604648259,-2.02446683080379e-06
1.11470126432236,-0.0408807619088853,-0.69986827190071,0.318987198440361,5.99088055087813e-05
1.21892095401721,-0.902218818056159,-0.0306619936958237,0.00201770166616275,-2.69499633862349e-05
0.671777766883029,-0.0224753535026911,-2.49998182100054,0.886843142163324,-7.25111902952146e-06
-3.5133068545584,2.87538880257799,-0.359857138764438,0.035464023276874,-5.74387540824863e-06
0.732721887339621,-0.0277377109396591,-0.425709954093902,0.199613102189921,9.46728611043056e-06
2.78458397896343,-0.429788753060172,0.3186937591725,-0.0915252152118203,3.45017949147308e-05
0.512087505590881,0.145326832998805,-0.00564389446683717,0.00221924309317459,-4.4140384610613e-06
1.28288485419037,-1.08957649291483,-0.0417730717580167,0.00220315481651155,6.75318565340491e-07
-0.115282517693952,0.0321814927757223,-0.411902121628267,0.26738589506368,-6.96333662841699e-06
1.34239420642624,-0.0624321282455204,-0.704486721594642,0.261549971097743,1.13371866622778e-05
1.21507953662414,-0.0260607241960589,0.00657093912942262,-0.00404885322497028,2.20350686075335e-06
-3.71571757083017,7.33045637377917,-0.029456597014453,-0.00106078385223096,7.28269654282581e-05
1.90079034358038,-0.886686157641455,0.0157976207324055,-0.000835473532005495,-7.6006111006172e-06
1.45059954202305,-0.32587489278773,0.0189940759502224,-0.00117188539804803,-1.30026874138351e-05
3.47812133220233,-0.434909372804984,0.152913876439504,-0.0345428874321342,2.97743869070407e-05
16.4310471440833,-8.25280082079403,0.550706922591685,-0.0462033540253575,2.3571703490663e-05
1.43055338979544,-0.503155414361264,0.0404967386282143,-0.00181297529973527,-7.92862066326871e-06
2.66568486637589,-0.0846480348830736,1.52976660873325,-0.511053220025769,4.82660017316628e-05
1.91383817759175,-0.994689915733781,-0.00906257785754015,0.000182780716705099,-2.07928826676823e-05
6.04243679869676,-6.28592017700682,-0.00666952073072722,0.000190879750078976,-4.70733774246543e-05
0.344761039102986,0.0865419486726998,0.0501958990643387,0.00195297088850282,-4.85437788615742e-06
1.02448833715394,0.14910534206652,-0.0156710415250792,0.00074460850606938,-1.60340665825835e-05
1.71152941906298,-1.42133781210248,-0.0732632095405627,0.00315747032292482,-2.25599270344652e-05
-0.579152069664223,0.318293463900427,-0.159906737540416,0.0183893365397407,-7.84333429549348e-06
0.883804843661002,0.716068331970389,0.00884403356069923,-0.000454811766023355,-1.73689928609742e-05
3.71140480082258,-0.570093444881355,0.25781087773691,-0.0542196196576285,5.01271078706935e-05
1.83632546378776,-0.240177737214311,0.00420293121066734,-0.0100493982091146,7.86961024976596e-06
7.54329216709143,-3.10116807188468,-3.80737666588451,1.178631127771,-0.00119213030311773
0.809565755828656,-0.0639075650582845,-0.585706983135383,0.317731252209555,2.09120325120954e-05
1.26950916402162,-0.178569008894834,0.137041762763999,-0.0148190613266797,1.04590113417802e-05
4.54110369672032,-1.28158297844797,-1.66830731619549,0.545550110378282,-7.25022703947587e-05
1.76002443128047,-0.221026104069907,-0.199365639555832,0.0781916734744111,1.00739086319428e-05
0.540855814996027,0.133492922944987,0.00409472795447216,-0.019750910083151,2.73725011046442e-05
5.53803653635551,-2.27660525812398,0.152812717020804,-0.044674642339291,3.43397613432091e-05
1.31334277072337,-0.0555815837026165,0.162173194411743,-0.0268923477581495,1.64828946413968e-05
1.2812966070212,-0.747945329297062,-0.0146105500643158,0.00083617876435754,-2.30736236324018e-05
-1.21074312120193,0.649173640585663,-0.200589101456695,0.0327709836999642,-1.19134552248393e-05
1.95352887683725,-0.729338320578344,-0.0238707113476843,0.00136214958451687,-8.1868995569874e-06
1.00035527179023,-0.0516946354727905,-0.144974226911541,0.0431035913833019,-6.09058336349189e-08
16.9488605178547,-7.52036062395353,-0.664566867974491,0.222958346115492,-1.83403826040683e-05
1.17712472623965,-0.0890451235399156,-3.0994497402423,1.05011518699749,-3.68404852625233e-05
0.363030444196482,0.0708842540197857,-0.114534677957223,0.0362077008193483,-6.92494820880858e-07
0.0633153232294218,0.136417755943814,0.0160121372804029,0.0122085058126772,-9.00819044072141e-06
1.55724648999325,-0.0483230496000811,-0.0861964581284043,0.0273269296059812,2.9005034219603e-06
1.63206902656553,-0.993802350212206,-0.0137817867858123,0.000591248345129135,-8.46127181508893e-05
2.01676050856537,-0.036613615867446,-1.19352709535895,0.394587059463636,-2.42005226506398e-05
1.28248610676401,-0.0296751371279757,1.85879912555744,-0.563434836588352,3.20293228280701e-05
-0.0742482749984315,0.0425469135529251,-0.283498204060463,0.152652602574435,-1.04063296152185e-05
1.18570278305943,-0.502886910562364,-0.0125721603652689,0.00066039682486534,-7.55163482704768e-06
1.0961513727056,-0.0212716306002647,-0.0588600035997068,0.0120052877764996,-7.16444023817382e-07
-0.387573011036696,0.220917502975636,-0.226815144222043,0.0747850083941626,-1.19521341237678e-05
0.533042346019782,0.0547368601543538,0.0355507515083155,-0.00731548504452217,5.92865800866417e-06
2.53759096934569,-0.740874643277915,0.219160065453273,-0.0519928395268882,2.95356296424642e-05
-0.251503025081954,0.108068052334855,-0.392346599063086,0.224413456018144,-6.96261584449454e-06
-2.48848888799896,1.56906923084662,-0.414577728029898,0.0481221393486666,-3.98118444647099e-06
1.43026849750614,-0.0710964534448372,0.298303791269678,-0.0927456822003077,1.11469302202469e-05
1.26044928961573,1.34277891078342,0.0326240844107566,-0.00302305573326982,1.69283817266327e-05
1.67404530279299,-0.0526253311645696,0.858161898748712,-0.244077678028265,3.89830376435207e-05
2.10817389118018,-0.153780666890374,-1.42285710617158,0.463248305030765,-3.72203489973173e-05
0.926339596767869,-0.0281373233442105,-0.419820732301993,0.178292902607755,1.45943940290389e-05
0.190751711756403,0.0040573033053924,-0.47291972754771,0.289525285907547,8.71107434832371e-07
1.71564967824407,-1.6636396803426,0.0634292623394547,-0.000199198904476211,-2.72781897743157e-05
1.42111496237513,-0.517518337375052,0.453894066631411,-0.00550697333293417,-6.42567077034029e-05
-0.943718314124406,1.68725549535865,-0.446887441287211,0.00361954757827579,6.4325068918946e-05
0.903909251776322,-0.0302215380526518,0.873729155726719,-0.28188099038757,1.5493026474378e-06
1.56615513056318,-0.126665506492138,-0.181369294014569,0.0648671711930741,4.62985407303356e-06
3.43676081679602,-1.40122113319524,0.261360933014383,-0.0550894683147236,3.31610319977074e-05
0.771624705904786,0.084023360202291,-0.0522441657764569,0.0107294594396351,-2.69865266250487e-06
1.46520391371371,-0.220676237633116,0.00108526785515878,-0.00125080848636558,-1.23107517312396e-06
-0.231791958444331,0.180442382942148,-0.41647058631587,0.21933502139491,-3.94662580938179e-06
2.15446369263066,-0.583468761308079,0.223413552973621,-0.0657897935918791,1.76606084071128e-05
-0.102564877874574,0.0665128645209235,-0.636848835365345,0.491023643335768,2.76407988350057e-06
0.0705443511947014,0.0332197730679492,-0.493204238527895,0.315550163566586,-1.1365327611037e-07
-0.065026886854073,0.173232189557256,-0.227606094310985,0.0667379902734078,-6.24388341496553e-06
0.368735937035068,0.0047738964626523,-0.420721341798449,0.216110381900534,3.43736954411381e-06
1.48491137092137,0.174821475471129,0.0221744806850425,-0.000788909051327432,-1.2988818367584e-05
0.803826261929035,0.0450575336253746,0.0395607272234385,-0.00153061079782398,-2.92340309146385e-06
-0.712759171275386,1.06026986328831,-0.120091703183551,0.0086198937460222,-2.91117529516088e-06
1.66224207805037,-1.90758179673592,0.0100942312720128,6.27522664905477e-05,-1.78512628049084e-05
0.660851941743564,0.00882700157033602,0.133592058861895,-0.0213019926433731,3.10644086403755e-06
1.44621738782862,-1.3554521453009,-0.0012559680734494,0.000409642826580398,-1.27888532659117e-05
0.522597185934929,0.0955756938856751,-0.0588308074642087,0.00858538840898438,-3.97600394669482e-06
-0.276061875857228,0.0425696897538593,-0.436477438661532,0.403130151607852,-1.76647729358692e-05
1.15783495369417,-0.0359221528060207,0.103741300944911,-0.0163628552942056,9.30694255611401e-06
2.60731110528547,-0.13534920198946,1.39024553210003,-0.446895259592735,6.18974898530171e-05
1.30612897848487,-0.608883867409983,-0.000772607203578966,0.000414518860738374,-2.6541679655075e-05
-0.159796713791418,0.0519289076864034,-0.328945487593258,0.158962713736533,-3.40751283947814e-06
1.56072378053999,-0.0605876377265037,0.188717858754017,-0.0476985877999785,2.02464848187121e-05
1.1263190873966,-0.0107444637496595,-0.397524574523852,0.161599668145099,1.20929942503276e-05
1.67067170914534,-0.204209877682344,-0.000673426645534543,-2.81510448930682e-05,-6.19313329297592e-05
-0.0412820280172072,0.0425241913599129,-0.211147407028878,0.0501206604458931,-6.84746624109187e-06
-3.2492512000677,7.18349012519295,0.0839779132192496,-0.00582556151403745,7.20515501882971e-05
0.701633512679853,-0.000796032183939623,0.20388259417946,-0.0426355390344707,3.61839876412566e-06
3.46959030431723,-4.81048304815048,-0.101355759510338,0.00547501957814347,-5.06277234954226e-05
5.38290715782414,-9.26328692814654,-0.235838942548584,0.0165496754728405,-7.9463266911094e-05
0.370741157492466,0.031086315438154,-0.171361725079368,0.0459249941857788,4.52901408308952e-07
0.445474028077659,0.0508912760819002,-0.271884907062596,0.0843309161524043,-3.46182942980416e-06
-1.90932266249251,4.17988351049414,0.337590464254567,-0.0194173271813341,4.72859956502894e-05
0.82681872277789,0.0437983806731463,0.218420164983532,-0.0247199073404703,1.310263127497e-05
-0.670508654315424,1.06154155456008,-0.0894086220470359,0.00975165685677756,-7.59366138833043e-06
1.89731329374931,-0.117446814776254,0.0191367054540862,-0.0126074774143919,-1.61077542848524e-06
-0.503533980351455,0.28593184346507,-0.228740838431012,0.0262492887069347,1.76708894804705e-05
0.546145323066457,0.0718941568338098,-0.0586105394199936,0.00794438729265614,-7.82155007076995e-06
1.26114617125219,3.03686261774371,0.0293236939756285,-0.00221902100768997,-8.3513003806837e-06
1.88217973928979,-0.964740713059876,-0.0425091115530687,0.000841597834521689,-1.4960716076768e-06
0.765956118050289,0.163375210098084,0.0164304406347097,-0.000252694323019659,-4.59929317976493e-06
0.722872010433927,-0.0280226652049542,-0.0817141647117741,0.037481321632489,1.6549443771641e-06
0.998819138928247,0.0227172146780661,0.0936526312508279,-0.0109603361485203,5.28202851228417e-06
-0.155176235205868,0.437509019097057,-0.0833799192785969,0.0245813243237619,-1.24500054435399e-05
0.388869263325816,0.326911600582308,-0.084211495549052,0.00995914536131697,2.06010016116802e-06
0.950034846292668,-0.0163796602230561,-0.119871183812213,0.0411515532849435,-3.10263496694694e-06
1.38928185690345,-1.28609863820831,-0.0532131185743759,0.00335103715884666,-2.65143282264633e-05
1.50376393236604,-0.108417907348444,0.136148541127792,-0.0654455582114844,-7.91155385642393e-06
1.29116146845795,-0.0860314402020964,0.131515236890175,-0.0578043011347073,-6.83341553278476e-06
0.69044856400261,-0.0265398003688624,-0.789996345057347,0.397650701583061,3.28603848478909e-05
0.981826499738284,0.0074464690198045,0.0314533930950593,-0.00475235258163635,1.81060376175153e-06
1.073029678568,0.0803008113643852,0.044935401151014,-0.00463293350950992,4.17888289795213e-06
0.906728828388388,0.88318457341448,0.0381331330945566,-0.00227896140944838,4.98158042473364e-06
-0.186161278725425,0.130367178844018,-0.212293707983867,0.033427358017586,-7.27331428693752e-06
4.1641258763118,-4.67926263356021,-0.0355265391404522,0.00421849999424394,-8.11153452086558e-05
-0.737915385351903,1.87474313727886,0.00660341541486602,-0.00076266155533476,1.15618679624119e-05
-1.26655501314279,1.68652547018011,-0.115388747573899,0.00649470853997639,1.40056914521238e-05
1.57212400276788,-1.12234732926837,-0.00131179332443797,0.000133370694525002,-3.90899329257486e-05
0.57616711975736,-0.00271469896938825,-0.54809363293901,0.303671489527508,1.08809145714595e-05
1.4760076828459,-0.45939025393221,0.0247175556823657,-0.000997148613399234,-1.99558578334339e-05
-0.293615244965551,0.0941702125837453,-0.248025481332548,0.0464210932585511,-6.27457561801622e-06
11.6205751434134,-16.0403756445141,0.181355090030865,0.00579113512764188,-0.000324594738786241
5.38911036725227,-4.12592838013447,-0.0105486424710922,-0.0010803507033897,-4.43258881136795e-05
1.37881755084922,-0.054762201158133,0.0484503365496026,-0.0177098042538152,3.7953225297489e-06
-0.0677771229200021,0.0097687090326286,-0.686852908468117,0.72777974260776,-4.97999736715787e-06
1.38588932168371,-0.0306554562815378,0.51244007506447,-0.148995982137017,1.83021156383989e-05
1.50811643183867,-0.683967280009961,-0.0563760063627572,0.00468123018349841,-4.13262684253695e-05
-3.5804662738814,18.7894588716621,0.267242442954961,-0.0247236046929438,0.000351172897510304
-0.795491307894645,0.343751065326327,-0.178130101750415,0.0218219201391491,-1.6261574073371e-05
0.613035038077639,-0.0103520377771745,-2.74327482942897,0.954972167373189,-1.23589593514672e-05
-3.98492774658124,4.07627749989673,-0.236388144716162,0.0144961123880693,1.10284358784999e-05
-0.388366927472909,0.253079909086746,-0.263169608444771,0.041469277527758,1.15182789453165e-06
0.456853937429965,0.102091069722535,-0.010694127150105,0.00647697634768278,-5.48571567327002e-06
1.96415111292253,-3.03164253718246,-0.0329422833707575,0.00233355753103288,-3.86823609277368e-05
0.270939797930761,-0.00543334704233043,-0.914370198125395,0.476523345887034,0.000108013711929692
-8.5864053421022,5.80949343214365,-0.357056112406471,0.0390748685563446,-1.17958117036027e-05
1.46176881826176,-0.0941604788386594,0.0418171003044015,-0.0203962613430384,-3.14090565382073e-06
2.1040540691362,-0.240021075072114,-0.773598007817953,0.27226518945431,7.3609620973039e-06
-0.920900477323802,0.2414136291424,-0.476353406337565,0.251202460277349,-9.84383250399965e-06
18.7895373936732,-9.39184009078576,0.577920298987062,-0.148608317643946,0.000205128565256857
1.72396761428007,-0.088478127420232,0.112309803701098,-0.0590194719202777,9.1596167034588e-06
0.987036202370229,0.545862448769106,0.0253441700723444,-0.00167406778862282,-3.86440193980171e-07
1.09989899986945,-0.0180660879678472,0.559783259059427,-0.174932592710154,9.77128854431753e-06
1.11261646168679,-0.013919977062698,-0.0805169621145116,0.0321760662110466,1.11152234818364e-06
1.16694141715731,2.70754708668947,0.0373553523640986,-0.0034079384859876,3.62622091769517e-05
1.28600654198745,-0.29681970251465,-0.013290276532026,0.000231496345654036,-7.86071580120078e-06
1.16547542509967,-0.0193773621442921,0.177814751166361,-0.0298092821138724,1.17356407396958e-05
1.56824082511246,-0.0618274206592078,0.367984826594422,-0.105208942485497,2.09098978061258e-05
-1.74844598945204,1.05353902778373,-0.25898729690288,0.023609062152007,-1.23806399567392e-05
1.02136564194278,0.143831831535203,0.0101968208708217,-0.00125022160096986,2.76350737975995e-06
1.51304806476653,-0.566178796806525,0.0097644358027971,-0.000348245660646525,-1.15983861593458e-05
3.081181974836,-0.192863813362804,-0.73325868904855,0.248997723378655,-1.43735465170661e-06
0.629821350034279,0.637353828634889,-0.00081248113092226,0.000709061724707175,-4.51356951780862e-06
-8.51934065664746,2.10625960516319,-2.01696207830419,0.206611357812632,0.000213829869286367
4.07659564686502,-0.432629381499256,-0.820414837990644,0.274092982354894,-1.3279145170214e-05
1.1259427369908,-0.171396043261009,-0.010594375410096,-0.000450563819259268,-2.08229986333423e-06
1.45264483007581,-0.0939990987756676,0.0242456590257909,-0.00344722758872561,8.01065175784772e-07
0.735192775396244,0.0444527021534105,0.148405571152009,-0.0181468664897611,5.22034129858927e-06
-1.32666657670369,0.745212145469194,-0.314940090316133,0.0582037114082977,-8.63154048709877e-06
1.39631003755391,-0.0998953853578499,-0.0905771743358154,0.0285177919681666,-1.56405751138545e-06
1.48775457837129,-0.19900195823403,0.123609600221033,-0.013237740218232,1.20954638070263e-05
-0.992970427547396,0.650357327174427,-0.278835572270079,0.0458110143566266,-3.0431613554372e-06
1.34357253054901,-0.977104809184644,-0.0403366190660114,0.0030600433988186,-3.49089721316663e-05
1.02221907470561,-0.0305447792066523,0.168224623770296,-0.0433386292098683,5.10255563591315e-07
0.125755293909552,0.0701234758378522,-0.171382089134351,0.0541484600878881,-6.89160142166103e-06
0.0691225315762005,0.446808250525099,0.00765080980343101,0.000567379397908238,-1.65295661555212e-06
3.06094315979293,-5.88957430944692,-0.250346853638576,0.0133265375335373,-7.94167616044671e-05
0.755881982402605,-0.00971641866066506,-0.923422515740537,0.540525764840182,7.62592483183006e-05
2.05826777395781,-2.59309836789889,-0.100743038619054,0.00569467589476322,-5.55122001317907e-05
0.538592933275234,-0.0142669008537534,0.159002767893884,-0.0484969052893672,-2.50472811046931e-06
0.365537159875055,0.357586026512461,-0.0825085724896615,0.0109624610171775,-6.96501253239363e-06
1.34075899405352,-0.0980808416310687,0.17924180922098,-0.0557549144687561,2.08566241847217e-06
0.317744406132607,0.00854270142986503,-0.445526312086945,0.257649067910617,2.06638827673357e-06
0.839593868466202,-0.027502899112591,0.788174511150961,-0.284095938428831,-3.58152951853247e-06
-0.801729494246768,0.558295304746728,-0.244327905762116,0.0279689443398022,-5.27283626611923e-06
1.60325671536278,0.644764297115577,0.0336208744825601,-0.00223362152369869,1.43811875198831e-05
0.623547201124521,0.00844313474090876,0.0785938427167629,-0.00975846244304919,1.98751955870063e-06
1.5542271175772,-0.0531971725427052,0.175037427638731,-0.0654091023437264,4.59556443792201e-06
2.17523964243522,-1.70055220024114,0.057342092765414,-0.00217991660932751,-1.2130535169749e-05
1.83305860511381,-0.18658851148695,-0.00925107744920489,-0.00265049064797334,1.82163302224179e-06
-0.0326496758714001,0.0540454505763174,-0.261975630088037,0.121333040741617,-8.86118811580314e-06
1.43083743895633,-1.27847888657557,-0.0395985772782854,0.00242722898934066,-2.46353332901589e-05
1.03608691018473,-0.0212831183140245,-0.167577039118694,0.052952756560382,4.83483165198765e-06
-0.561331181577709,0.327264024501358,-0.285454414859713,0.0667011460345991,-4.74993374273804e-06
1.0590765766161,-0.0627826447124736,0.209439296315638,-0.0502327215346854,8.93633986468572e-06
0.667658291712212,0.021856195854671,-0.177044686267086,0.0642754569181362,-4.71091661008995e-06
2.46140599636209,-0.927679258744722,0.07227482715618,-0.0175550498367488,8.14462662381463e-06
0.725607300860698,-0.00997186103594558,0.185931419772159,-0.0362963254037813,1.36959912754637e-06
3.85822072726942,-4.75792614515241,0.0318109526559892,0.00625288979868018,-3.22827001859993e-05
0.90124526655807,-0.0500708373774137,0.616710512709601,-0.202761824969209,-5.5189989471408e-07
0.913600905549559,0.093230333502992,0.107526975300203,-0.0109663644337976,4.57748247613712e-06
-0.344612458808755,0.638040234889429,-0.143488951918704,0.0205106747440509,-4.38796873164537e-06
0.429546485391226,0.347406952161363,-0.100496343725216,0.0146085486892273,-5.45993629728707e-06
-0.209774425029166,0.356365518185179,-0.119542533504065,0.0236599421638243,-8.15030861958359e-06
-0.00267040126178054,0.0359958618205776,-0.280639355363786,0.139512165305164,-7.37541386497606e-06
5.43232923596134,-6.88491840307203,-0.0268364615781176,0.00265669007001366,-5.42917804095053e-05
-4.82548855000393,9.19824950422683,0.265166922512998,-0.0123395552541153,8.9469394865253e-05
7.65419723610368,-10.4703753118412,0.0714785737163497,0.00217740776990285,-0.000149673325395816
0.823124772150807,0.0231543225448442,0.036876953148568,-0.000237982948884567,-3.909295774165e-06
2.52242866482805,-3.23246813902838,-0.00460786454345976,0.000944313775514809,-3.41507336796465e-05
0.241318592332849,0.0674581586627508,-0.103528387589785,0.0213251000755817,-8.61291101507869e-06
0.70625807925736,-0.00395652352309442,0.143027830105877,-0.0265151096335652,-2.83520253291633e-07
0.687095348674289,0.0561835584908136,0.0846199834917758,-0.00871814939284894,6.10417695154801e-06
1.29516992088621,-0.896572149084608,-0.0134629214115848,0.000953628707589364,-1.17233763710368e-05
0.857066507162142,-0.00675913309055499,-0.0063335270910697,0.00306200575846009,-3.71317973000202e-07
0.825143319667502,0.0588577735066751,-0.0833893430317015,0.0139547535517298,-7.20653730656294e-06
-0.50822201985296,1.08002471648652,-0.00547486115502232,0.000562844422597285,1.64511563182189e-05
0.726545722439836,0.00271358909697397,0.214006399168096,-0.0295948762205403,2.69888048141156e-06
1.76941949519377,-1.56230576185797,0.00645788045829926,0.000307682171787836,-1.82042302176473e-05
1.40851667094972,-0.0406005985024235,0.171547457682872,-0.0353367506452842,1.49412308425302e-05
1.53566263761548,-0.881634663181815,0.0258721393555971,-0.000699034669648971,-2.89322017298968e-05
2.2235009153588,-0.123104295300288,-0.779326159327271,0.264748537389395,-2.44705921567444e-06
1.02353287069763,-0.0305218401988805,-1.40220242649169,0.506274166588736,4.07687504156508e-06
0.797252481033427,0.564510359524964,0.0392125556550815,-0.00231190765564376,-1.97157620831374e-06
1.07127094573123,-0.0158193581561729,0.432827875417671,-0.213810665301294,-9.98108938335454e-06
1.30630377553547,1.76048796833427,0.0216682742581915,-0.0014430385948909,-8.47692304703377e-06
0.274589456252809,0.00111689695126056,-0.472044530571487,0.257080358274534,3.68565663071293e-06
0.98197082909594,0.0212385796955992,0.124432315017611,-0.0125740850858361,1.29809311548658e-05
0.278429932799651,0.0288534824221029,-0.109337833911208,0.0540687476447993,-9.91422126942203e-06
2.37112753493768,-4.66456700880991,-0.0327593115432017,0.00309076750786612,-5.21494733115764e-05
0.151936113382315,0.0159703518888649,-0.281528618933527,0.123540396854372,-4.17681835454332e-06
-0.268018174150561,0.270750387878612,-0.16536326478666,0.0285371684892789,-1.01527959667567e-05
0.488171601080771,0.00186527265029801,0.0688671843126868,-0.000886599970375598,-2.30120968716206e-06
1.07204971885671,0.223255628843086,0.0193613740772511,-0.00131186852190062,-6.64566025722503e-09
0.376416991537438,0.00245959466028241,-0.424033695140912,0.211526720006482,3.67858998609019e-06
-0.103786745313003,0.128352419611507,-0.228743000052558,0.0426033128255948,-5.84655627581671e-06
-0.360303208930708,1.0966732291897,0.0332899563588634,-0.00150762895280252,3.64419555866412e-06
0.628691457374465,3.76540903572724,0.0270533218782593,-0.00325740638054616,2.93485850196694e-05
0.933382485805972,-0.00373908682583466,0.134860510238084,-0.0262102904844267,7.87098324966172e-06
0.558175707511373,0.0041702536405498,0.0424458761877296,0.00487700355332056,3.80028899782326e-07
1.32809403679394,-0.0319378079746579,0.453501021735388,-0.127241325654111,1.67309121288062e-05
0.685961194002678,0.00312457982308655,0.0788481039382607,-0.00829140308993741,-8.06685976262872e-07
1.90777356788528,-1.13876598343932,0.00242478170046931,-0.000340365028374538,-9.5025431621796e-05
9.94091851675353,-8.46677026041899,0.108674344509394,-0.0080591452757199,3.81510781788368e-05
1.56344560523769,-0.361383271892607,0.0433069489703866,-0.00234709810094713,-1.50058828722349e-05
1.83465412032228,-0.064112592888775,1.4692683965916,-0.533409067641376,-3.96127287055018e-06
0.539615917028707,0.0162161204544079,0.146871727576399,-0.0214864762854797,1.12657228836971e-06
-0.775363662569859,1.03767449470558,-0.124643000746516,0.0181678042337956,-6.94124471182765e-06
-0.274920947686039,0.16578576864081,-0.336277679805206,0.130213717655224,-5.49377622692681e-06
0.509262118333147,0.166553281263127,0.099587686689869,-0.00793255632802524,3.57375879340689e-06
-0.289597810047965,0.126734171794001,-0.292980565055777,0.165010646893074,-1.1901573160302e-05
0.895849899391541,0.0681996952461412,0.103935901100009,-0.0134376928595711,7.48880183357905e-06
-0.192076508318682,0.243016126674188,-0.183708127719564,0.0373345502831707,-7.70111039378916e-06
0.909677016581968,-0.0178356483530163,-0.879284293972471,0.358285349946821,1.25780573854817e-05
1.43075611551183,-0.787899222983466,-0.00413665839972997,0.000882967028538896,-1.7491840054993e-05
1.50870228880974,-0.0833051453946671,0.215881315547693,-0.0526967440435985,1.47646265085706e-05
3.05355053735237,-0.329177419246405,-2.1730820886473,0.709653710344831,-0.000121897457017478
4.91014674029702,-1.76051476833137,0.571571249909181,-0.0800159797341456,3.93736193653458e-05
1.73341655558595,-0.16300135286796,-0.216679319725586,0.0820310506512729,8.64462950201675e-06
-0.00463422272285041,0.0338949556949805,-0.397196134300499,0.240642827582662,-4.6323937778814e-06
1.11835300293034,-0.0469510308529448,0.690841859852928,-0.332157391381485,-2.20175588263683e-05
1.04817366561287,-0.0168553837628263,0.328930133847234,-0.154287541569132,-1.12102311279505e-05
1.6478145742738,-0.595120564666101,0.00951067919642048,-0.000548817095209257,-5.2660506542454e-06
-5.67261729168353,9.98903734174477,-0.045622667649651,0.00057036373661764,6.44292697528895e-05
2.97752843719644,-0.137826485949754,0.370660101687773,-0.0968648083240632,4.7717910273298e-05
1.18481322805703,-0.0868946439147846,0.025466154050186,-0.00132575680959612,-3.52214923323949e-07
1.41160492952528,-0.265012687207255,0.00330735014446299,-2.59976711455546e-05,-1.39771729105249e-05
1.6976440591248,-0.465630018594203,-0.0643156485923521,0.00281462052376021,-8.14076588297456e-06
19.050866121701,-28.7745852892086,-0.276740829158438,0.0276045541626012,-0.000522093118907008
1.18357530635,-0.0252439099892769,0.460811336445446,-0.142076811170341,9.9230625469769e-06
-0.00549180903512331,0.0147879506325518,-0.470731219407653,0.358487661970277,-6.93478415253268e-06
-0.318686886462192,0.118668505042453,-0.288208495408439,0.098018150837793,-7.89834911711456e-06
0.815032508941713,-0.0163871841416085,0.130170616868675,-0.0464441915118297,-1.69344202757488e-06
2.64175780128309,-2.54280617799621,-0.0304386708344419,0.00230996357639574,-3.15531892903139e-05
1.91359957887221,-1.4983715234858,-0.079479304664525,0.00318986926638514,-1.73190340023986e-05
-0.545711651474383,0.220807872193121,-0.255655116075345,0.0381418874747081,-6.23446159122411e-06
-1.63591547783567,8.52961012863677,0.167880781404169,-0.0166011023447432,0.000141470059080308
1.72635270474177,-0.10415485947084,-0.691419002458393,0.245081051375318,3.78656155248946e-06
-0.317036268454526,0.176504680666858,-0.311681039485248,0.101766977404854,-7.93915849065638e-06
0.844488900819271,-0.0365594429210594,-1.37053910140628,0.48499860484936,2.71657911062137e-06
-6.5258554968717,5.61408551518536,-0.360240168207721,0.0453352630064749,-2.81745549316666e-05
2.27407680115888,-0.650453390933216,0.138923287366091,-0.0172393561506913,1.77167898059834e-05
0.612741296174479,-0.00519629472944985,0.0325962557834301,-0.00237701348019397,-1.25766363899818e-06
1.38503578527651,-1.20637937083294,-0.0582680834085792,0.00286724554121036,-2.39331090126125e-05
0.806705123794085,0.0224807704061266,-0.109138827547067,0.0220604387421774,-6.19404320406307e-06
0.915500877445303,0.00284131416378241,0.039817516317777,-0.00744320753641011,1.76630720219801e-06
1.02663734795871,-0.0151446673603056,-0.223228309955403,0.081230589116067,3.52751090750909e-07
12.2075130962378,-6.35946175347057,0.243192069232845,-0.0226660389495049,-1.75682920121329e-06
1.8282061444897,-0.277895143976925,0.00761259943750205,-0.000373724711971894,-5.47453475326254e-05
-0.671505560169967,0.165601134645956,-0.27717807358713,0.0408751853925095,-6.19508879336043e-06
4.68208025102633,-0.479259442347003,0.260467008642543,-0.0750624332690746,5.8587139311115e-05
1.28893980959416,-0.395327774173799,0.0659266479682789,-0.00283707267472543,-2.48477765764289e-06
1.02543650234955,-0.00654055841442612,0.142636453265858,-0.022800046692865,8.03962165937109e-06
0.6816244599657,-0.00475035198756507,0.191571746388379,-0.0499422566669452,-9.76980433478323e-07
1.5669769909746,-0.535910221552453,0.0312791031554086,-0.0013500808796625,7.97074519699043e-08
4.25284656386685,-0.651923070210511,0.22573682226371,-0.0565850102484559,5.44384435764355e-05
-0.56685165914876,0.601648138744887,-0.124072539367311,0.0149486080195708,-1.28972392638659e-05
0.970956285549597,-0.0158168570693665,0.318459169901387,-0.109135302109128,-5.0336048471252e-06
1.21207733500347,-0.371300084011308,0.00409484567248463,-0.000621302721594947,-3.24456398377377e-06
0.535640693142357,-0.00156488039364023,-0.310723952728887,0.155879331920704,8.39904717203214e-07
-0.228037000080043,0.05650430487648,-0.269644291162534,0.0602498056848914,-4.86256650999982e-06
2.70426887798367,-1.49606546320483,0.0206155201263307,-0.000935745554196789,-7.1931906319899e-05
4.76596495199893,-2.94216468132191,0.0691141599515107,-0.00288852290956456,4.63296863036142e-07
1.30006259942879,-0.0201367280238236,-1.21164111848233,0.443672286179696,1.07797185783192e-05
0.376494253715103,0.0495732560644394,-0.0903958852642838,0.0250613310943302,-9.93698539139041e-06
5.00896538194357,-7.93384075742702,-0.00746792956454948,0.00170673988794155,-0.000103816127396915
-0.145487683690358,0.09876916523254,-0.167869381610813,0.0241798249186592,-7.48089768430331e-06
1.9996651384914,-0.0722302897751687,0.9369448415162,-0.294940238306539,3.53255792328407e-05
0.794915833675903,0.0212498640497751,0.106826723812544,-0.0147588988829168,5.76991290576804e-06
4.9131190548732,-6.5515370723253,-0.155995799966842,0.00643562403118682,-4.32167383085216e-05
2.28622653593706,-1.88175058490287,0.026850124246326,-0.000791307814894513,-1.82568097262669e-05
0.757154430640829,-0.00225288953251783,0.213909255542111,-0.044392382635765,1.05047851179198e-05
0.351284958775152,0.0821402159327321,0.0865200882853741,-0.00446902918652289,-4.73062268897226e-07
1.58312175105875,-1.21871243703381,-0.071016945250461,0.0050584791144994,-3.71240493494988e-05
0.957680794243699,-0.0148253604809168,0.229913453872738,-0.0750981293061767,2.93664510239834e-07
1.15089188183058,-0.0384545347971206,-0.00555204412989251,0.000145066523672005,-1.47781626679621e-05
6.88240161452008,-0.472721796156226,2.56074220246161,-0.825107016873257,0.000276041942351822
-0.16765916169623,0.0105960435881647,-0.460480123638962,0.395470750825748,-1.00200428141879e-05
2.92536824233012,-1.96979010184362,0.00494292575182655,-0.000182948065890054,-4.53219186985597e-05
0.245421277704223,0.0320585463706091,-0.214300721800059,0.0702941436786662,-4.86558254323828e-06
-0.0611971134378006,0.0215919349947799,-0.451772828463279,0.315479060074202,-5.91671904968775e-06
0.717090198314964,-0.0377046286313264,-0.370269946988257,0.0205665333749919,0.000162253718733964
3.10749446469678,-3.77029727650475,-0.158709458142263,0.0121410430621968,-4.70812335061387e-05
-0.47810431232914,0.228785077980593,-0.290520817375013,0.0814891130737799,-1.8010698978657e-06
2.10371185440374,-0.235037157967089,0.47422644855353,-0.147374643097246,2.55886449127317e-05
0.674071860851822,0.0250444324115006,0.151602227253446,-0.0222491028107804,3.95158640371941e-06
0.334092320186026,0.217184476048177,0.0799403378118023,-0.00240896299406776,-1.48865786642706e-06
1.45595460572839,0.40212259378978,0.0370605825278547,-0.0023480873613322,1.33221150298264e-05
1.75705683173678,-0.0827979155229477,0.0199035300003641,-0.00993645230517122,3.14921395297682e-06
2.39753204400584,-0.209929358450923,-0.504046158493134,0.174761586834113,5.77978988836756e-06
0.347904336895916,0.017449982843171,-0.508528003577109,0.253291824333641,1.00059312452375e-05
0.0553262994712279,0.302624101328904,-0.133230641767379,0.0201065218981513,-9.40854312117866e-06
1.3624149860376,-1.07321814561263,-0.048701074519238,0.0029073176571729,-2.58496655991688e-05
1.55423971491165,-0.0886369123885618,1.10618641436749,-0.380387645247595,7.75514667519631e-06
1.65804008258171,-0.125449226505464,0.0623486719689893,-0.0322493667682977,-1.77509713589654e-06
0.872503892782648,0.0336815190609115,-0.0206072589593995,0.00234078804906626,-1.59564515780198e-06
0.249653595697015,0.086033968376953,-0.291854667413508,0.103608363609551,-4.20611284704177e-06
0.901980422825178,-0.00998521985727871,-0.114804592451344,0.0299405342269803,-7.82174475921958e-07
2.02512317558799,-1.37636501329978,-0.0444732038944797,0.0028766555476727,-3.42478832917065e-05
-0.314238939920081,2.40624434138972,0.0254758069718282,-0.00238646352410071,1.72252619548799e-05
0.245652528749544,0.0219277148591842,-0.236562588162848,0.0704879377478357,-4.39533310082106e-06
2.95916383078673,-1.21637546933309,0.00291824513583193,-9.89492220925608e-05,-2.36172525917788e-05
1.59305871903512,-0.600599822122341,0.00216187834767844,-0.000106386762044027,-3.89720038712005e-05
0.485856235689485,0.0220285167174199,0.147321487896806,-0.0102042598987743,6.65093174103171e-08
0.896256108550411,-0.0105254200898455,-0.34503456645118,0.149576233012487,8.41284372327714e-06
-0.258587544369198,0.13960847588366,-0.193107722742353,0.0218620678129264,-6.52291700198295e-06
2.1189591466125,-4.25386639652683,-0.0725713576386585,0.00349215154913597,-0.000133266535367435
0.791452949121586,0.0703151713194473,-0.0858206801640929,0.0129225336746815,-9.89489482448128e-06
1.14700384100762,-0.0164055061677499,-0.0456212216214704,0.00659431798390172,-3.62498263891581e-06
0.98493488529289,-0.0312985251981343,0.530506717525147,-0.168016971704709,7.79639346949296e-06
1.05357538101132,0.0046743230549769,-0.070907083846908,0.0124129168682927,-6.66664233487304e-06
2.1251236641743,-0.162314032431553,0.349736269588947,-0.095364725970186,3.15934859794941e-05
17.9266712345436,-8.44827807674213,0.953609847360789,-0.0794782412901843,1.97181882630759e-05
0.206262794094113,0.00927803984967952,-0.319541771837879,0.137997207852775,-3.29627609544151e-06
-0.198098036118579,23.6948142032627,0.213629576979748,-0.0194080523467152,0.000410984580896261
-0.468144438964841,0.0308951043512874,-0.391179925383837,0.440559939724622,-3.00898104896495e-05
-0.626840928307501,1.20858604891235,0.0946873371830556,-0.00493775544714239,7.65320327709855e-06
0.535013410071963,0.123010602043277,-0.121732630030764,0.0284922288282237,-5.93219292040575e-06
-0.303531789972321,0.301643333160372,-0.223264988310013,0.0579003133820563,-3.05359857308502e-06
0.815795932195152,-0.0925084746428424,0.6662058119827,-0.403907193802408,5.46930909099147e-06
-0.508351571481656,0.32076099913024,-0.309430454210121,0.133891072893406,-7.79730747752422e-06
0.306891049050779,0.0710313344654237,-0.417546408126631,0.193891924776817,2.29201221125964e-06
2.8232568297858,-2.32271534660399,-0.0138251265271266,0.00464625541131157,-6.01047606051018e-06
0.625633058555912,0.118511389577973,0.11572628273556,-0.0208627445264359,1.03822934089536e-05
0.707094607221959,-0.0158977848540972,0.222162685908429,-0.0501790112997268,4.72891823751234e-06
1.48674890805099,-0.202605218780004,1.08387451710576,-0.408463657653515,-1.03146426124196e-05
2.20997289216394,-0.993339219184072,0.194275335439967,-0.0368181039293045,1.93877762472297e-05
0.00459089381218854,0.0789620846924625,-0.351839854975251,0.186830438782247,-4.95006301909216e-06
3.23544706088537,-3.55304385032471,-0.0686247736112626,0.00903652508576634,-1.80281767678815e-05
0.533109464745764,0.132948445365791,-0.126983470708793,0.0270658478567311,-4.86485066158986e-06
0.601025788670093,0.0180656492629407,-0.196367104601422,0.0694813887592578,-4.01317026681704e-06
1.58742173176343,-1.56675951600074,0.0102732420937701,0.0007566958462687,-2.70392877094416e-05
1.03503353987902,-0.0249009662269173,-0.0331799340769232,0.00895337134579401,-1.81188511860004e-06
0.848991822238737,0.162281408422172,0.075046831427377,-0.006905393696646,3.49571857967722e-06
0.680370575428216,-0.0247425639725852,-1.45221990668734,0.503645962382572,-1.06916167034689e-05
0.932831127844162,-0.0194930735736432,0.640599673794504,-0.230270631416495,-2.27536443020594e-06
0.947970607922387,1.55150944070212,0.0283445577388612,-0.00269587128368921,1.40363972405649e-05
1.29911412409751,-0.0513016042556625,0.249060445777868,-0.0616707499061087,1.59588956062657e-05
0.253936580275605,0.0445626823992011,-0.256110596224657,0.0914658307814016,-4.64625427503867e-06
1.20054245185073,-0.491041420320862,0.0103553029306368,-0.000433320471896658,-4.79936018097961e-06
1.2514580819089,-0.0255590419103245,0.531934143533851,-0.205541445988517,-7.99724444575164e-06
0.965049792072275,0.823333137648363,-0.00363698650818673,-0.000136527152118071,-6.17133486641004e-06
-0.023981846125039,0.0263072796750669,-0.317773657199649,0.153648310320869,-6.41382041607884e-06
-6.04976216859657,6.38708852310248,-0.354805579386232,0.0199795641774437,1.58864602944426e-05
0.673691142494616,0.00659053078317289,0.201528951280369,-0.0306006693178289,3.06911789423241e-06
0.639338270498693,0.009499659629307,0.0623440107289224,-0.00345018949393209,-3.99767438007261e-07
1.46964538964466,-0.495846615958217,0.0239042974227874,-0.0011871633894284,-2.13403101142737e-06
9.97045489036649,-1.48075024254891,2.39964559656656,-0.76575379820796,0.000236247023329256
8.37299802079801,-1.75928170347248,-1.75305063334133,0.567851264212915,-0.000188837605537791
0.610190456010283,0.181889369742772,-0.00258898307082696,0.00147471956372052,-1.17278006021801e-06
2.67695009569052,-0.380199409996733,-0.397677169029714,0.146776483907265,1.54876369690096e-05
0.884911823330344,-0.0595488039983196,-0.0253477339319721,-0.105450851117204,8.88145608225742e-05
1.35133865707426,-0.0623201143485863,1.83105930181959,-0.649009753432194,-3.38534675303744e-08
1.95046964106399,-2.46997938726406,-0.103536623449788,0.00728046967026802,-4.90213992468081e-05
-0.220317720193224,0.0233812706179614,-0.238306281054817,0.239313731570087,-2.31323188200295e-05
4.18476259480303,-10.1694004976638,-0.159980656210447,0.0096723659471404,-0.000140728639689993
-0.0953241167177487,0.145913371710084,-0.164466070997458,0.0206186634627167,-6.20515374466875e-06
1.18414976862262,-0.0271634131346185,-1.12230043807985,0.409614558194367,6.6401897673253e-06
1.33700081267882,-0.768528776062827,0.0492157516086865,-0.00195869521105625,-1.43226391148358e-05
0.740912035722585,0.00324113222968478,0.171939995441549,-0.0258883883020479,1.42948365375906e-06
0.0865102343086614,0.0733766900651227,-0.192398567911276,0.0723817544973032,-9.36781033643419e-06
1.46391732273435,-0.350388775036684,0.0254098956542357,-0.000928651519072086,-9.78927885890373e-06
1.76778413030089,-0.0838254446463049,-0.398128851513338,0.149608618174719,1.70770129673608e-05
1.39436680349558,-0.0352816563699943,-1.26546108410982,0.43755624749796,-2.76052272780956e-06
1.47168659565135,-0.984801524862735,-0.0266298923157299,0.00154037051613977,-8.64919691273202e-06
1.49309729572185,-0.701176936441758,0.024552051075813,-0.00111588797959627,9.61770771150816e-07
0.909133452772579,-0.0023302076924861,-0.12002071064465,0.0283791326089007,-3.29111846335489e-06
1.28570843066416,-0.0547490951027376,0.11802995613805,-0.0287086310250632,2.62616131467233e-06
2.8974558044631,-0.525938202337897,0.218284725148125,-0.0464547667461699,3.22734882253319e-05
1.48153810266965,-0.0459478239443702,0.261959581729582,-0.0703212940117531,1.67552474738567e-05
0.679515413188492,3.67274451695856,0.038548725665483,-0.00523360932302584,3.57546449887158e-05
-20.900289939581,9.31593665716118,-1.09949039321684,0.261110478643713,-0.000302608620360798
1.95082533566681,-0.116165992439568,-0.72014531603224,0.254641586857881,1.01270530432932e-05
1.0742029816368,-0.0179953297553259,0.163448413302103,-0.0251279068816224,1.05704282863002e-05
-3.91416399652291,2.32829751279937,-0.356548195613252,0.0410687636740325,1.77222446534919e-05
1.22451959026702,0.531455135116633,0.00945907711814018,-0.0010351808692182,-1.12884513078438e-06
1.08018056255809,-0.0161467806818053,0.335887976169242,-0.112143443122041,2.89552037878062e-06
0.840945411185678,-0.0160660500357094,-2.60836963057482,0.875330940952247,-3.00174916415271e-05
0.335777554534395,-0.00619368629086545,-0.895873192316942,0.534181318598299,2.00327680910644e-05
-4.43750588761655,6.21769728498599,-0.231139800433166,0.00105243949986885,0.000206904142148351
2.12618342301675,-0.832202389400767,0.0197865955341811,-0.00132187813004059,-4.45192133521281e-06
1.93444651519016,-0.498110066553462,-0.0318451217605547,-0.000427313907826137,-8.96254536963718e-06
-6.23513248965549,5.26643362643119,-0.11302091424884,0.00537143432381005,2.30460735665026e-05
0.796774562531318,-0.0113831239410982,0.783579874200426,-0.470392919017477,-6.08294219500583e-06
2.64672843135754,-0.310572134894865,0.159013504451391,-0.0243604068032719,3.30218519680237e-05
2.56696951534023,-2.03297163830636,0.0146175651624231,-2.30500613763298e-05,-2.45623074992999e-05
0.384185883822238,0.00193507763355917,-0.227578899304858,0.101645684708938,-1.41659165484917e-06
1.88474447272924,-0.834411899730265,-0.00890369761856161,0.000282672187711467,-4.31047318865892e-05
2.19074106864658,-0.0356403109451514,-0.627148462396152,0.220881977686714,7.22306820965181e-06
3.20860777191473,-0.136018520515973,0.102251763497529,-0.0783477526415067,-3.60639793170307e-05
3.41750309224565,-0.180630849208239,0.62096276541257,-0.192447485892193,6.19197558407063e-05
0.925937969114902,0.143232999850741,-0.0191225896991448,0.00173081614444283,-1.29958448505538e-05
1.52080010563841,0.273772449450777,0.0107045647274839,-0.000592304503468772,-5.15353679328834e-05
0.787572132004883,0.00462601648699569,0.172468704267002,-0.028109281156594,6.35157249417506e-06
2.03507208720478,-0.0949569661580415,0.530187980038816,-0.155583267226256,3.14735533127727e-05
3.72206186874674,-0.571591703815236,0.600187058293575,-0.177332441895646,7.09583081751329e-05
3.12012540085397,-1.0837492993861,0.129625127162997,-0.0183669055673077,5.84930030634227e-06
-0.441289027259876,0.177565607854213,-0.403115357197309,0.186622678705795,-6.24502859844622e-06
0.737549193522631,0.0123723127031153,0.263071403680335,-0.041657825956692,9.27786862623959e-06
0.669619856393854,0.0122453572833053,0.124825749765753,-0.0210773349917179,4.4299461147185e-06
1.32202027709491,-1.37217208382343,-0.0607595862828796,0.00436330958962489,-3.05936695330161e-05
0.843450970815534,0.139415134299606,-0.0205070523815499,0.002964753229436,-4.53653219735704e-06
1.59727332556886,-0.114030640046496,0.272952506389884,-0.0760467585943186,1.72213420955775e-05
1.02057840523456,-0.0442850759765015,1.06132692705408,-0.393239938481148,-9.75805873214075e-06
-0.822372480910276,0.73867127213031,-0.247680674048346,0.026725272598684,2.2085461887346e-06
1.51231378010118,-1.48753270248287,-0.0351611067742544,0.00246519668975878,-2.71194819842428e-05
0.31214065000429,0.242228438222096,0.0754880373711949,-0.00410803387717598,1.6257073225626e-06
2.50201755276906,-0.109002024320026,0.249262451794164,-0.0940247713465429,9.4799744915668e-06
1.37705557616408,-0.516455356128027,0.0220531380450416,-0.000946064881317239,-2.44912935133084e-06
0.029565509600106,0.0921004498593286,-0.16813131833808,0.0726504672365349,-1.18570943412066e-05
0.0648021054766699,0.00201530530929917,-0.983818248819952,0.995214516469058,4.25250550019863e-05
4.06469661564419,-0.655733346379713,1.04297440720396,-0.366186026255774,2.93636193915748e-05
1.80127190592249,-0.609224330073504,-0.065758077933434,0.00390301231587145,2.00344398446043e-05
1.34580011969853,-0.0702470803183047,0.171132553850998,-0.039886663995113,9.99135735029235e-06
-0.724478053725644,0.491554844502555,-0.285838168517197,0.0463111076496139,-2.96381476646853e-06
1.722756004004,-3.39691052482443,-0.0635545002465473,0.00395347626622856,-4.4321929546983e-05
0.0980762192767315,-0.00183838285187441,-1.00477911450182,-0.277585615291179,0.000181973223150499
-0.24025541950027,0.201830432123503,-0.258287423638165,0.0611707707153999,-3.22691807269948e-06
1.08115886855012,-0.0528320937493869,-0.35609799516078,0.144734088638652,1.10674606585455e-05
0.762065021926778,-0.0173966740343985,0.695442841798419,-0.215642375392985,2.09876238818122e-06
-3.18962459386816,6.12635102929642,-0.0798444969249073,6.52453219066531e-05,3.55792320639351e-05
1.40041785182673,-1.61799406066159,-0.0508828537217427,0.00284663229245431,-2.28066557085125e-05
0.759462954890317,-0.0141699799428725,0.630972495383127,-0.214472596688965,-1.45072976596726e-06
-0.549758831558068,0.305658542705311,-0.173310060073156,0.0478222491758154,3.19760943521524e-06
2.09348322323811,-0.117283063069367,0.34670848032445,-0.142669602403588,-1.03721557531672e-05
2.24084904925861,-1.67043097796652,-0.0291428755432704,0.00180720873959371,-1.77451947562612e-05
1.36011258185658,-0.437063437473741,-0.0176547449705918,0.000928979260290227,-1.52231063454643e-05
0.789798078622864,0.351416798616146,0.118219664441692,-0.00808381299972632,1.40770601982995e-05
0.134328887947342,0.0114003246278547,-0.540566877720836,0.326742136757878,3.85436027208573e-06
0.882321572581726,1.45374882927408,0.00418186439735938,-0.00107068914247815,-3.57312908237007e-06
0.925158252760813,-0.0218726927712237,-1.83073162122469,0.645973370581555,-1.3159724002923e-06
0.688941457416538,-0.0216134286664336,-2.3949009084068,0.822253643261224,-1.22820792252015e-05
-0.325422361290687,0.263793484289092,-0.190455399164461,0.0420258710255379,-1.02514462061437e-05
1.03186295618118,0.756928756240969,0.0332690151870382,-0.0025581847696206,1.33163263286702e-05
0.0661741338403325,0.0636587237831183,-0.235500566327088,0.0709208015268544,-6.80060587809891e-06
0.658707174388736,0.00403902603837179,0.157164873835952,-0.0195057646427431,-3.72248114297417e-07
3.24597111060038,-0.43635721190664,-0.461824207674399,0.164224417797774,1.51183372020757e-05
0.527972860793692,0.027155805114994,-0.166337039742344,0.0667904836411721,-9.59699127689614e-06
1.14316967330151,-0.115735893948316,-0.0388620887827899,0.00257817118017628,-1.69037380464687e-05
0.957491552982208,-0.0390566332146306,0.0812105856663316,-0.0289113617334002,-3.83540320928254e-06
1.82743436024461,-0.160529121408707,0.227984208336487,-0.0527917632584408,2.37965345753935e-05
0.630351185594053,1.71553419095324,0.0577426443540767,-0.00463079020027279,1.48359737940655e-05
0.269056024405503,-0.00344809365302382,-0.926160465964816,0.63253736718302,2.26309677986444e-05
0.0156143670614668,0.182200621357932,-0.121102282912914,0.0171320784829672,-1.12361179703077e-05
-0.611056646234709,2.51697655062926,0.0427746228184528,-0.00375922959077454,5.32116993990647e-05
-2.8682546109747,11.6090591890617,0.123578855772126,-0.00800865712051572,7.34833256494973e-05
-0.362544502024407,0.442938760437357,-0.124547178411987,0.00814662966166027,1.46063209768447e-06
4.30268089219313,-7.33409381840315,-0.157913916856656,0.00885766603455006,-6.82445032443165e-05
0.553876045848255,-0.0115206106640626,-1.18017742675398,0.712822605438376,7.99302389468082e-05
1.22022986617157,-0.0357035191285258,0.410880243596873,-0.190931012688699,-6.22188668985197e-06
-0.104185732646868,0.139054341198187,-0.188559277642418,0.0379843099576453,-7.7688553209223e-06
1.91690463041603,-0.90258896127119,0.0581505432598994,-0.00289945133775907,-6.37697458389414e-07
4.14530858583203,-2.36245884445866,0.127891968559158,-0.00913553841491966,-1.02414739710586e-05
2.30456441457466,-2.13345325125522,0.0148313159337207,-0.000515952269638842,-4.79869457249282e-05
1.11701811487126,-0.00825356218503483,0.202510735089605,-0.040580220137129,1.41625735373463e-05
2.37415003183503,-2.14419432115823,0.0254032724145901,-0.000490169530948694,-2.67582437719761e-05
0.843020294705411,-0.0191196792967781,-1.04718335023481,0.391494359314707,8.59837379163866e-06
1.30065870372732,-0.0551336648705062,1.71850500639182,-0.590057805062164,9.13716108643806e-06
-0.447025369317532,0.270825770842111,-0.304158211384832,0.0784975971583698,-5.35296897339249e-06
1.80087519275642,-0.103638873425788,0.719623534372354,-0.2199154151617,2.84015697452816e-05
0.313916472481937,-0.0110463769404349,-0.883604132570748,0.364906532820629,0.000126270666115593
3.79471061832564,-7.06905156524527,-0.13665592144916,0.00835837810186027,-8.83251690538168e-05
0.370543727235506,0.851464448831791,0.0113195438059797,-0.000216173840951221,-8.81283890733647e-06
-0.301501531646852,0.0567266668927551,-0.39621845732315,0.274375022910526,-1.01152059540659e-05
-0.075762246960513,0.354555988958617,-0.117557701393132,0.0213601037947674,-7.74085734334626e-06
1.08992616996567,-0.0597658715093383,0.13106698014542,-0.0241851155334793,7.15087717495155e-06
-0.460016013316811,0.586494732176844,-0.180325163280127,0.0373503534273784,-7.99858013591363e-06
0.939924716554462,-0.0523355913932341,0.390614420479124,-0.138737143359221,-5.8965027934792e-07
