0.000000000000000000e+00 0.000000000000000000e+00 0.000000000000000000e+00 0.000000000000000000e+00 0.000000000000000000e+00 0.000000000000000000e+00 0.000000000000000000e+00 0.000000000000000000e+00 0.000000000000000000e+00 0.000000000000000000e+00 0.000000000000000000e+00 0.000000000000000000e+00 0.000000000000000000e+00 0.000000000000000000e+00 0.000000000000000000e+00 0.000000000000000000e+00 0.000000000000000000e+00 0.000000000000000000e+00 0.000000000000000000e+00 0.000000000000000000e+00 0.000000000000000000e+00 0.000000000000000000e+00 0.000000000000000000e+00 0.000000000000000000e+00 0.000000000000000000e+00 0.000000000000000000e+00 0.000000000000000000e+00 0.000000000000000000e+00 0.000000000000000000e+00 0.000000000000000000e+00 0.000000000000000000e+00 0.000000000000000000e+00 0.000000000000000000e+00 0.000000000000000000e+00 0.000000000000000000e+00 0.000000000000000000e+00 0.000000000000000000e+00 0.000000000000000000e+00 0.000000000000000000e+00 0.000000000000000000e+00 0.000000000000000000e+00 0.000000000000000000e+00 0.000000000000000000e+00 0.000000000000000000e+00 0.000000000000000000e+00 0.000000000000000000e+00 0.000000000000000000e+00 0.000000000000000000e+00 0.000000000000000000e+00 0.000000000000000000e+00 0.000000000000000000e+00 0.000000000000000000e+00 0.000000000000000000e+00 0.000000000000000000e+00 0.000000000000000000e+00 0.000000000000000000e+00 0.000000000000000000e+00 0.000000000000000000e+00 0.000000000000000000e+00 0.000000000000000000e+00 0.000000000000000000e+00 0.000000000000000000e+00 0.000000000000000000e+00 0.000000000000000000e+00 0.000000000000000000e+00 0.000000000000000000e+00 0.000000000000000000e+00 0.000000000000000000e+00 0.000000000000000000e+00 0.000000000000000000e+00 0.000000000000000000e+00 0.000000000000000000e+00 0.000000000000000000e+00 0.000000000000000000e+00 0.000000000000000000e+00 0.000000000000000000e+00 0.000000000000000000e+00 0.000000000000000000e+00 0.000000000000000000e+00 0.000000000000000000e+00 0.000000000000000000e+00 0.000000000000000000e+00 0.000000000000000000e+00 0.000000000000000000e+00 0.000000000000000000e+00 0.000000000000000000e+00 0.000000000000000000e+00 0.000000000000000000e+00 0.000000000000000000e+00 0.000000000000000000e+00 0.000000000000000000e+00 0.000000000000000000e+00 0.000000000000000000e+00 0.000000000000000000e+00 0.000000000000000000e+00 0.000000000000000000e+00 0.000000000000000000e+00 0.000000000000000000e+00 0.000000000000000000e+00 0.000000000000000000e+00 0.000000000000000000e+00 0.000000000000000000e+00 0.000000000000000000e+00 0.000000000000000000e+00 0.000000000000000000e+00 0.000000000000000000e+00 0.000000000000000000e+00 0.000000000000000000e+00 0.000000000000000000e+00 0.000000000000000000e+00 0.000000000000000000e+00 0.000000000000000000e+00 0.000000000000000000e+00 0.000000000000000000e+00 0.000000000000000000e+00 0.000000000000000000e+00 0.000000000000000000e+00 0.000000000000000000e+00 0.000000000000000000e+00 0.000000000000000000e+00 0.000000000000000000e+00 0.000000000000000000e+00 0.000000000000000000e+00 0.000000000000000000e+00 0.000000000000000000e+00 0.000000000000000000e+00 0.000000000000000000e+00 0.000000000000000000e+00 0.000000000000000000e+00 0.000000000000000000e+00 0.000000000000000000e+00 0.000000000000000000e+00 0.000000000000000000e+00 0.000000000000000000e+00 0.000000000000000000e+00 0.000000000000000000e+00 0.000000000000000000e+00 0.000000000000000000e+00 0.000000000000000000e+00 0.000000000000000000e+00 0.000000000000000000e+00 0.000000000000000000e+00 0.000000000000000000e+00 0.000000000000000000e+00 0.000000000000000000e+00 0.000000000000000000e+00 0.000000000000000000e+00 0.000000000000000000e+00 0.000000000000000000e+00 0.000000000000000000e+00 0.000000000000000000e+00 0.000000000000000000e+00 0.000000000000000000e+00
4.166666666666666655e-07 5.092592592592592695e-07 4.513888888888888788e-07 4.976851851851851808e-07 1.089120370370370353e-05 5.092592592592592695e-07 6.134259259259259624e-07 4.976851851851851808e-07 4.976851851851851808e-07 4.861111111111110921e-07 4.745370370370370562e-07 8.912037037037036688e-07 5.208333333333333583e-07 5.324074074074074470e-07 5.324074074074074470e-07 3.819444444444444522e-07 4.745370370370370562e-07 9.305555555555555493e-06 9.004629629629630033e-06 8.831018518518518278e-06 9.074074074074073718e-06 8.796296296296295588e-06 1.038194444444444363e-05 1.040509259259259265e-05 9.270833333333332804e-06 1.422453703703703770e-05 1.321759259259259325e-05 1.209490740740740707e-05 1.229166666666666615e-05 1.251157407407407426e-05 1.493055555555555500e-05 1.265046296296296333e-05 1.355324074074074140e-05 1.251157407407407426e-05 1.094907407407407355e-05 1.259259259259259331e-05 1.155092592592592617e-05 4.513888888888888788e-07 7.870370370370370818e-07 5.439814814814814299e-07 6.134259259259259624e-07 1.018518518518518539e-06 1.030092592592592628e-06 7.638888888888889043e-07 5.671296296296296074e-07 7.291666666666666381e-07 1.701388888888888928e-06 6.250000000000000511e-07 4.861111111111110921e-07 7.638888888888889043e-07 4.745370370370370562e-07 4.398148148148147900e-07 4.050925925925925767e-07 3.935185185185185409e-07 4.282407407407407542e-07 3.935185185185185409e-07 4.513888888888888788e-07 4.282407407407407542e-07 9.282407407407408163e-06 1.005787037037037084e-05 9.374999999999999179e-06 8.958333333333333678e-06 9.976851851851851794e-06 8.310185185185184708e-06 9.212962962962962783e-06 9.363425925925925513e-06 1.395833333333333324e-05 1.165509259259259254e-05 1.387731481481481420e-05 1.305555555555555516e-05 1.218749999999999978e-05 1.167824074074074157e-05 5.671296296296296074e-07 5.555555555555555187e-07 4.861111111111110921e-07 4.050925925925925767e-07 3.819444444444444522e-07 5.787037037037036961e-07 5.555555555555555187e-07 1.121527777777777802e-05 8.680555555555555548e-06 8.599537037037036503e-06 9.282407407407408163e-06 1.325231481481481425e-05 1.207175925925925974e-05 1.225694444444444516e-05 1.694444444444444560e-05 9.837962962962962729e-07 7.638888888888889043e-07 4.861111111111110921e-07 7.291666666666666381e-07 6.597222222222222115e-07 4.629629629629629675e-07 1.226851851851851925e-06 8.981481481481481008e-06 9.155092592592592763e-06 8.541666666666666483e-06 8.854166666666667303e-06 8.391203703703703753e-06 1.331018518518518596e-05 7.407407407407407268e-07 4.050925925925925767e-07 8.391203703703703753e-06 1.197916666666666703e-05 1.254629629629629695e-05 1.344907407407407334e-05 4.166666666666666655e-07 7.175925925925925493e-07 1.383101851851851784e-05 1.268518518518518602e-05 4.976851851851851808e-07 9.143518518518518463e-07 6.712962962962963002e-07 9.606481481481480954e-07 4.861111111111110921e-07 1.376157407407407415e-05 6.365740740740740340e-07 9.953703703703703616e-07 6.134259259259259624e-07 1.631944444444444396e-06 3.009259259259259368e-07 1.817129629629629604e-06 7.638888888888889043e-07 4.629629629629629543e-08 4.745370370370370562e-07 4.861111111111110921e-07 3.472222222222221992e-08 2.384259259259259317e-06 5.671296296296296074e-07 1.064814814814814894e-06 5.902777777777777849e-07 6.481481481481481227e-07 5.208333333333333583e-07 1.041666666666666664e-07 4.050925925925925767e-07 5.787037037037036961e-07 3.935185185185185409e-07 9.988425925925925459e-06 7.523148148148148367e-06 8.819444444444444613e-06 1.009259259259259183e-05 1.285879629629629608e-05 1.184027777777777796e-05 1.287037037037036974e-05 1.262731481481481430e-05 1.255787037037037062e-05 1.387731481481481420e-05 1.247685185185185157e-05 1.298611111111111148e-05 1.216435185185185245e-05 1.704861111111111028e-05 1.208333333333333340e-05 1.193287037037037067e-05
9.108796296296296408e-06 4.155092592592592354e-06 3.796296296296296450e-06 3.969907407407407781e-06 6.493055555555555740e-06 4.247685185185185064e-06 7.291666666666666593e-06 5.185185185185184982e-06 2.314814814814814785e-06 2.048611111111111167e-06 4.085648148148147822e-06 9.756944444444443684e-06 3.298611111111111057e-06 5.150462962962963139e-06 4.039351851851851467e-06 1.712962962962963017e-06 3.761574074074074184e-06 2.291666666666666607e-06 2.349537037037037051e-06 2.951388888888888819e-06 3.298611111111111057e-06 2.870370370370370197e-06 1.655092592592592573e-06 3.368055555555555590e-06 1.736111111111111194e-06 2.048611111111111167e-06 1.597222222222222129e-06 4.259259259259259576e-06 1.875000000000000048e-06 3.321759259259259235e-06 1.597222222222222129e-06 5.081018518518518607e-06 3.414351851851851945e-06 2.997685185185185174e-06 3.321759259259259235e-06 3.043981481481481529e-06 3.344907407407407412e-06 4.108796296296295999e-06 5.138888888888888627e-06 6.087962962962963057e-06 2.951388888888888819e-06 7.164351851851852040e-06 4.652777777777777747e-06 6.678240740740741160e-06 7.222222222222222060e-06 4.027777777777777801e-06 5.277777777777777692e-06 6.018518518518518525e-06 4.236111111111111399e-06 5.243055555555555849e-06 2.060185185185185256e-06 1.550925925925925986e-06 3.171296296296296505e-06 1.979166666666666634e-06 3.576388888888888764e-06 5.000000000000000409e-06 3.645833333333333296e-06 1.724537037037037106e-06 2.210648148148147986e-06 3.726851851851851918e-06 1.689814814814814839e-06 3.194444444444444259e-06 2.418981481481481583e-06 3.043981481481481529e-06 2.962962962962962907e-06 3.344907407407407412e-06 1.666666666666666662e-06 4.386574074074074129e-06 3.356481481481481501e-06 3.090277777777777884e-06 3.576388888888888764e-06 3.553240740740740586e-06 4.884259259259259522e-06 8.148148148148148313e-06 2.476851851851852027e-06 1.967592592592592546e-06 1.898148148148148225e-06 6.909722222222222087e-06 1.736111111111111194e-06 4.317129629629629597e-06 6.122685185185184900e-06 3.032407407407407440e-06 3.541666666666666498e-06 1.631944444444444396e-06 2.962962962962962907e-06 3.113425925925926061e-06 3.182870370370370170e-06 9.317129629629629159e-06 7.430555555555555658e-06 4.062499999999999644e-06 8.993055555555556368e-06 3.125000000000000150e-06 1.840277777777777781e-06 2.268518518518518430e-06 3.379629629629629679e-06 3.356481481481481501e-06 2.986111111111111085e-06 3.125000000000000150e-06 1.782407407407407338e-06 3.842592592592592381e-06 5.567129629629629487e-06 2.523148148148147958e-06 3.229166666666666525e-06 1.782407407407407338e-06 3.437500000000000122e-06 1.782407407407407338e-06 5.011574074074074074e-06 3.391203703703703767e-06 2.986111111111111085e-06 2.638888888888888846e-06 2.430555555555555672e-06 6.238425925925925787e-06 5.254629629629629514e-06 2.395833333333333406e-06 3.206018518518518347e-06 3.564814814814814675e-06 5.648148148148148532e-06 6.273148148148148477e-06 7.210648148148148395e-06 2.187499999999999808e-06 5.787037037037037094e-08 9.386574074074074538e-06 3.842592592592592381e-06 5.555555555555555187e-07 2.199074074074073897e-06 4.178240740740740532e-06 1.388888888888888797e-07 3.564814814814814675e-06 4.317129629629629597e-06 7.500000000000000190e-06 2.835648148148148355e-06 7.789351851851851138e-06 4.236111111111111399e-06 4.629629629629629543e-08 1.655092592592592573e-06 2.349537037037037051e-06 1.817129629629629604e-06 2.303240740740740696e-06 1.608796296296296218e-06 3.078703703703703795e-06 5.347222222222222224e-06 1.689814814814814839e-06 1.863425925925925959e-06 3.240740740740740614e-06 4.097222222222222334e-06 3.078703703703703795e-06 1.944444444444444368e-06 4.062499999999999644e-06 2.083333333333333433e-06 2.060185185185185256e-06 5.625000000000000354e-06 2.083333333333333433e-06 1.770833333333333249e-06
8.483564814814815091e-04 6.050462962962963433e-04 6.543981481481482001e-04 4.441319444444444243e-04 1.088414351851851912e-03 5.053703703703703266e-04 9.531597222222222120e-04 4.756944444444444393e-04 6.816898148148147667e-04 5.098148148148148309e-04 1.352210648148148174e-03 5.390972222222221695e-04 9.418287037037037296e-04 9.911226851851851621e-04 8.878935185185185455e-04 5.844212962962963163e-04 9.956249999999999822e-04 3.196990740740740804e-04 7.706828703703703584e-04 9.234143518518518048e-04 9.330324074074073781e-04 9.640509259259259257e-04 2.600925925925925801e-04 9.039004629629630123e-04 9.166203703703703753e-04 3.326620370370370191e-04 3.531018518518518404e-04 4.510185185185185109e-04 7.760069444444444003e-04 4.006944444444444594e-04 3.234837962962963231e-04 6.106365740740740981e-04 8.870833333333333652e-04 6.077546296296296386e-04 1.038275462962963067e-03 5.988425925925925470e-04 7.162962962962962556e-04 4.660532407407407289e-04 6.822106481481481511e-04 4.805324074074073838e-04 5.181365740740740723e-04 7.502314814814814957e-04 1.025601851851851761e-03 1.269363425925925954e-03 6.553009259259259291e-04 7.200000000000000453e-04 6.241782407407407912e-04 5.446875000000000328e-04 9.712037037037037253e-04 4.879398148148148006e-04 9.313657407407407432e-04 3.774189814814815072e-04 7.920717592592592914e-04 4.250578703703703463e-04 9.807060185185185585e-04 5.755671296296296490e-04 8.775810185185185320e-04 5.180208333333333323e-04 6.035416666666666144e-04 6.228472222222222266e-04 5.815625000000000482e-04 3.368171296296296191e-04 6.837268518518518131e-04 5.703009259259259230e-04 7.238657407407407410e-04 1.036562499999999941e-03 6.583101851851851701e-04 8.015740740740741246e-04 7.846643518518518204e-04 9.087962962962963269e-04 4.944907407407407628e-04 6.382060185185185275e-04 8.179282407407407031e-04 7.037731481481481399e-04 8.287384259259259096e-04 3.190277777777777773e-04 7.542476851851851643e-04 4.039930555555555506e-04 8.012731481481481788e-04 3.989120370370370303e-04 2.241319444444444435e-04 7.644097222222222049e-04 7.045254629629630044e-04 3.683564814814814970e-04 4.982986111111111427e-04 5.465393518518518734e-04 9.445949074074074490e-04 1.033495370370370384e-03 4.506828703703703864e-04 6.106018518518518652e-04 1.056296296296296280e-03 3.065046296296296074e-04 8.845601851851851672e-04 9.638773148148147615e-04 6.903472222222221868e-04 8.384837962962962644e-04 3.574537037037036876e-04 9.001967592592592226e-04 6.251388888888888360e-04 6.596064814814815019e-04 7.220949074074074076e-04 3.100462962962962743e-04 4.058680555555555826e-04 4.982175925925926355e-04 2.871412037037036793e-04 3.011805555555555655e-04 5.687962962962963024e-04 8.303240740740740373e-04 3.288078703703703649e-04 5.961805555555555261e-04 6.069328703703704168e-04 5.719675925925925579e-04 6.498842592592592301e-04 8.544212962962962656e-04 6.660131597222221922e-01 3.855473379629629355e-02 9.377777777777778281e-04 4.875115740740740733e-04 9.655555555555555463e-04 6.568750000000000153e-04 4.629629629629629543e-08 7.352893518518518806e-04 3.181249999999999942e-04 4.629629629629629543e-08 8.490046296296296750e-04 6.753703703703703388e-04 3.472222222222221992e-08 5.728703703703703952e-04 5.766782407407407751e-04 5.745486111111110716e-04 3.942476851851851958e-04 7.385763888888888760e-04 7.315509259259259664e-04 3.472222222222221992e-08 9.090509259259258899e-04 4.140624999999999883e-04 3.867476851851851761e-04 7.764814120370370221e-01 5.452430555555555416e-04 6.074085648148147901e-03 2.385416666666666599e-04 4.673842592592592393e-04 9.727546296296296201e-04 8.906597222222222649e-04 5.432523148148147695e-04 5.807523148148148679e-04 9.691087962962962547e-04 4.605787037037037141e-04 9.290813657407406834e-02 5.977314814814815294e-04 6.611689814814814383e-04 5.226504629629629339e-04 6.767013888888889035e-04
9.259259259259259085e-08 9.259259259259259085e-08 1.041666666666666664e-07 1.851851851851851817e-07 4.976851851851851808e-07 1.041666666666666664e-07 1.388888888888888797e-07 1.967592592592592705e-07 1.736111111111111194e-07 9.259259259259259085e-08 8.101851851851851534e-08 2.893518518518518481e-07 9.259259259259259085e-08 1.157407407407407419e-07 8.101851851851851534e-08 1.041666666666666664e-07 6.944444444444443983e-08 8.101851851851851534e-08 9.259259259259259085e-08 6.944444444444443983e-08 8.101851851851851534e-08 8.101851851851851534e-08 6.944444444444443983e-08 8.101851851851851534e-08 8.101851851851851534e-08 5.787037037037037094e-08 6.944444444444443983e-08 1.620370370370370307e-07 1.504629629629629684e-07 1.157407407407407419e-07 5.787037037037037094e-08 6.944444444444443983e-08 2.314814814814814838e-07 1.041666666666666664e-07 8.101851851851851534e-08 1.273148148148148174e-07 1.620370370370370307e-07 8.101851851851851534e-08 1.041666666666666664e-07 1.041666666666666664e-07 1.388888888888888797e-07 1.388888888888888797e-07 8.101851851851851534e-08 1.736111111111111194e-07 1.041666666666666664e-07 5.555555555555555187e-07 9.259259259259259085e-08 8.101851851851851534e-08 8.101851851851851534e-08 1.851851851851851817e-07 8.101851851851851534e-08 8.101851851851851534e-08 6.944444444444443983e-08 6.944444444444443983e-08 2.777777777777777593e-07 8.101851851851851534e-08 9.259259259259259085e-08 1.273148148148148174e-07 6.944444444444443983e-08 6.944444444444443983e-08 8.101851851851851534e-08 9.259259259259259085e-08 1.388888888888888797e-07 1.388888888888888797e-07 6.944444444444443983e-08 1.041666666666666664e-07 5.787037037037037094e-08 6.944444444444443983e-08 6.944444444444443983e-08 8.101851851851851534e-08 8.101851851851851534e-08 6.944444444444443983e-08 2.314814814814814838e-07 6.018518518518518736e-07 1.041666666666666664e-07 6.944444444444443983e-08 6.944444444444443983e-08 9.259259259259259085e-08 8.101851851851851534e-08 3.472222222222222389e-07 9.259259259259259085e-08 8.101851851851851534e-08 8.101851851851851534e-08 6.944444444444443983e-08 8.101851851851851534e-08 6.944444444444443983e-08 6.944444444444443983e-08 1.388888888888888797e-07 1.736111111111111194e-07 9.259259259259259085e-08 1.851851851851851817e-07 1.273148148148148174e-07 1.620370370370370307e-07 6.944444444444443983e-08 8.101851851851851534e-08 6.944444444444443983e-08 5.787037037037037094e-08 6.944444444444443983e-08 8.101851851851851534e-08 8.101851851851851534e-08 1.273148148148148174e-07 5.439814814814814299e-07 5.787037037037037094e-08 9.259259259259259085e-08 9.259259259259259085e-08 9.259259259259259085e-08 9.259259259259259085e-08 2.662037037037037235e-07 6.944444444444443983e-08 1.041666666666666664e-07 1.041666666666666664e-07 9.259259259259259085e-08 1.041666666666666664e-07 1.157407407407407419e-07 3.556712962962963126e-04 7.410416666666666497e-04 9.259259259259259085e-08 1.851851851851851817e-07 1.157407407407407419e-07 9.259259259259259085e-08 2.997500000000000164e-03 1.388888888888888797e-07 9.259259259259259085e-08 1.401388888888888920e-04 1.736111111111111194e-07 1.318749999999999935e-04 2.626736111111110938e-04 1.157407407407407419e-07 8.101851851851851534e-08 1.504629629629629684e-07 1.620370370370370307e-07 1.504629629629629684e-07 1.041666666666666664e-07 5.028553240740740553e-03 6.944444444444443983e-08 6.944444444444443983e-08 8.101851851851851534e-08 5.275347222222222070e-04 5.787037037037037094e-08 1.041666666666666664e-07 2.165277777777777795e-04 8.101851851851851534e-08 6.944444444444443983e-08 8.101851851851851534e-08 6.944444444444443983e-08 1.157523148148148137e-04 5.787037037037037094e-08 1.041666666666666664e-07 6.187384259259259009e-04 6.944444444444443983e-08 1.197916666666666601e-04 7.965277777777777287e-05 1.041666666666666664e-07
8.101851851851851534e-08 5.787037037037037094e-08 6.944444444444443983e-08 8.101851851851851534e-08 1.273148148148148174e-07 5.787037037037037094e-08 1.157407407407407419e-07 8.101851851851851534e-08 8.101851851851851534e-08 6.944444444444443983e-08 5.787037037037037094e-08 8.101851851851851534e-08 6.944444444444443983e-08 2.314814814814814838e-07 4.629629629629629543e-08 4.629629629629629543e-08 4.629629629629629543e-08 3.472222222222221992e-08 3.472222222222221992e-08 3.472222222222221992e-08 3.472222222222221992e-08 5.787037037037037094e-08 5.787037037037037094e-08 5.787037037037037094e-08 3.472222222222221992e-08 3.472222222222221992e-08 5.787037037037037094e-08 5.787037037037037094e-08 9.259259259259259085e-08 4.629629629629629543e-08 3.472222222222221992e-08 4.629629629629629543e-08 4.629629629629629543e-08 6.944444444444443983e-08 3.472222222222221992e-08 5.787037037037037094e-08 1.041666666666666664e-07 5.787037037037037094e-08 4.629629629629629543e-08 5.787037037037037094e-08 6.944444444444443983e-08 5.787037037037037094e-08 4.629629629629629543e-08 6.944444444444443983e-08 6.944444444444443983e-08 1.157407407407407419e-07 6.944444444444443983e-08 4.629629629629629543e-08 4.629629629629629543e-08 1.041666666666666664e-07 6.944444444444443983e-08 5.787037037037037094e-08 3.472222222222221992e-08 3.472222222222221992e-08 1.620370370370370307e-07 3.472222222222221992e-08 6.944444444444443983e-08 4.629629629629629543e-08 3.472222222222221992e-08 4.629629629629629543e-08 3.472222222222221992e-08 4.629629629629629543e-08 4.629629629629629543e-08 5.787037037037037094e-08 4.629629629629629543e-08 4.629629629629629543e-08 3.472222222222221992e-08 4.629629629629629543e-08 4.629629629629629543e-08 4.629629629629629543e-08 5.787037037037037094e-08 3.472222222222221992e-08 8.101851851851851534e-08 6.944444444444443983e-08 6.944444444444443983e-08 3.472222222222221992e-08 4.629629629629629543e-08 4.629629629629629543e-08 5.787037037037037094e-08 6.944444444444443983e-08 4.629629629629629543e-08 3.472222222222221992e-08 4.629629629629629543e-08 4.629629629629629543e-08 5.787037037037037094e-08 4.629629629629629543e-08 5.787037037037037094e-08 8.101851851851851534e-08 8.101851851851851534e-08 8.101851851851851534e-08 6.944444444444443983e-08 6.944444444444443983e-08 4.629629629629629543e-08 4.629629629629629543e-08 3.472222222222221992e-08 4.629629629629629543e-08 4.629629629629629543e-08 5.787037037037037094e-08 4.629629629629629543e-08 3.472222222222221992e-08 6.944444444444443983e-08 5.787037037037037094e-08 4.629629629629629543e-08 3.472222222222221992e-08 9.259259259259259085e-08 5.787037037037037094e-08 6.944444444444443983e-08 8.101851851851851534e-08 4.629629629629629543e-08 5.787037037037037094e-08 6.944444444444443983e-08 5.787037037037037094e-08 8.101851851851851534e-08 5.787037037037037094e-08 8.101851851851851534e-08 5.787037037037037094e-08 5.787037037037037094e-08 6.944444444444443983e-08 9.259259259259259085e-08 8.101851851851851534e-08 1.499662962962962920e-01 6.944444444444443983e-08 5.787037037037037094e-08 1.221573680555555486e+00 9.259259259259259085e-08 8.979166666666666275e-05 2.929769733796296460e+00 5.787037037037037094e-08 5.787037037037037094e-08 1.736111111111111194e-07 1.273148148148148174e-07 4.629629629629629543e-08 1.157407407407407419e-07 2.328240740740740694e-04 4.629629629629629543e-08 4.629629629629629543e-08 5.787037037037037094e-08 6.944444444444443983e-08 3.472222222222221992e-08 1.157407407407407386e-08 1.273148148148148174e-07 4.629629629629629543e-08 4.629629629629629543e-08 3.472222222222221992e-08 3.472222222222221992e-08 1.504629629629629684e-07 3.472222222222221992e-08 6.944444444444443983e-08 1.157407407407407419e-07 4.629629629629629543e-08 8.355324074074074205e-05 5.215277777777777528e-05 6.944444444444443983e-08
6.730789467592592779e-01 8.789949305555555537e-01 4.092473379629629759e-02 1.071285532407407315e+00 1.229937152777777765e-01 6.933112037037036934e-01 1.347617824074074100e-01 1.154709004629629554e+00 8.601342129629629962e-01 8.366084490740741120e-02 1.576212812499999893e+00 1.788241354166666630e+00 8.370703472222221775e-01 1.290483194444444370e+00 2.906350173611111032e+00 9.292603587962963152e-01 1.057398217592592671e+00 8.536131018518517966e-01 1.766500578703703583e-01 8.157896643518518509e-01 2.637861099537036846e+00 7.075281481481481283e-01 1.763193171296296269e+00 7.300630439814814743e-01 3.632659756944444318e+00 2.527682870370370413e-02 6.020352199074073818e-01 8.997697916666666518e-02 2.076951956018518342e+00 2.020374328703703704e+00 9.661649652777777320e-01 3.384641319444444685e-01 1.002697581018518580e+00 6.464648958333333306e-01 5.056750000000000134e-02 3.680001157407407353e-02 5.033209259259259216e-01 2.870970115740740791e+00 9.853468749999999554e-01 2.990606481481481588e-02 8.240359606481481025e-01 6.513449421296296782e-01 9.744896412037037381e-01 1.015049155092592637e+00 4.547783912037037246e-01 1.029715011574074079e+00 9.858804629629629446e-01 1.896522349537037133e+00 1.845171296296296282e+00 3.126589953703703628e+00 8.958936226851851314e-01 1.936361435185185220e+00 1.610221701388888871e+00 1.068220069444444364e+00 1.243037442129629522e+00 1.972479050925926014e-01 2.249185648148148142e-01 1.558866400462962876e+00 8.275797453703703788e-01 8.274391319444444060e-01 6.701033449074074166e-01 7.521640740740740405e-01 7.651821643518518234e-01 2.292656712962962973e-01 9.094604282407406926e-01 8.888081712962963010e-01 8.552755555555555667e-01 9.392469097222222452e-01 1.174656168981481397e+00 1.474867175925925977e+00 1.487723333333333287e+00 2.809898842592592483e-01 5.711876736111111130e-01 9.406929629629630085e-01 7.302735879629629334e-01 1.097103229166666694e+00 1.016923773148148191e+00 5.760355439814814904e-01 7.782959490740740671e-01 7.699494328703703205e-01 9.157194675925925953e-01 1.667155358796296394e+00 4.688346875000000136e-01 9.630893518518518492e-01 1.039954131944444526e+00 8.622376736111111439e-01 5.055246759259258704e-01 1.045549837962962858e+00 6.472541666666666027e-02 1.508277048611111004e+00 2.110869479166666451e+00 7.336358680555555845e-01 3.846047569444444592e-01 1.154032268518518478e+00 8.472790624999999576e-01 6.091584490740741265e-01 8.132683796296296119e-01 3.557836493055555493e+00 7.792239004629629706e-01 1.626190046296296376e-01 1.446800057870370360e+00 1.617130972222222240e+00 1.592526736111111174e-01 1.032747222222222261e-01 1.320884837962962965e+00 8.215353240740740359e-01 1.768837812499999940e+00 4.603865277777777765e-01 6.313587962962962687e-03 6.655443287037037248e-01 6.343421180555555150e-01 1.959521793981481519e+00 1.760859444444444533e+00 2.927709502314814749e+00 2.314814814814814771e-08 2.314814814814814771e-08 1.364155856481481521e+00 1.165848310185185088e+00 1.625813784722222266e+00 9.988346412037036881e-01 5.802893518518517993e-04 1.745456018518518615e-01 1.172752384259259317e+00 1.052777777777777723e-04 5.332893518518518929e-03 6.476851851851851422e-05 1.153298611111111018e-03 1.246686446759259326e+00 1.642599699074074104e+00 1.058900937500000028e+00 1.975506643518518457e+00 3.813184525462963048e+00 2.933174050925925869e+00 2.229553009259259144e-01 7.576481481481481817e-01 8.232604166666666889e-02 3.676149305555555247e-02 1.157407407407407386e-08 2.594439456018518442e+00 3.472222222222221992e-08 4.629629629629629543e-08 1.114912650462962951e+00 1.030755694444444481e+00 2.787564710648148036e+00 9.912114814814815267e-01 5.787037037037037094e-08 2.714548379629629360e-01 6.475578587962963484e-01 2.314814814814814771e-08 4.890409722222222033e-02 8.101851851851851534e-08 1.041666666666666664e-07 5.461383217592592487e-01
4.779293981481481587e-03 1.055555555555555538e-04 2.132175925925925927e-04 2.660069444444444178e-04 1.951388888888889008e-04 2.712384259259259110e-04 1.373842592592592520e-03 3.756747685185185016e-03 1.598518518518518431e-03 7.452546296296296468e-05 2.765138888888889028e-03 2.321585648148148141e-03 3.566550925925926030e-04 1.851307870370370347e-03 3.145601851851851901e-04 6.004629629629630160e-04 9.381944444444444055e-05 2.666701388888889027e-03 3.633101851851852095e-04 4.817013888888888799e-04 2.511319444444444493e-03 1.040277777777777826e-04 6.521527777777778000e-03 1.476168981481481516e-03 4.029074074074073808e-03 6.162037037037036886e-05 2.430902777777777814e-04 4.707407407407407547e-04 1.471122685185185120e-03 2.095231481481481337e-03 2.753842592592592453e-03 6.797453703703704316e-05 1.691689814814814922e-03 3.347453703703703941e-04 1.603449074074073978e-03 3.620370370370370149e-04 6.983796296296296594e-05 3.238113425925925968e-03 4.459652777777777660e-03 3.092060185185185103e-03 4.894201388888888907e-03 3.436886574074073976e-03 3.847824074074074254e-03 4.085347222222221984e-03 3.878888888888888751e-03 4.412303240740740942e-03 4.501886574074073950e-03 2.344594907407407218e-03 4.424513888888889288e-03 2.462754629629629842e-03 5.906736111111110868e-03 5.210995370370370174e-03 6.504016203703703695e-03 3.795196759259259443e-03 4.023090277777778209e-03 6.221516203703703930e-03 2.506851851851851689e-03 6.072511574074073923e-03 2.846712962962962782e-03 3.888900462962962927e-03 3.688726851851851889e-03 1.036033564814814803e-02 6.316550925925925979e-03 2.737453703703703750e-03 2.802615740740740935e-03 5.270636574074074286e-03 5.395162037037036853e-03 7.312349537037037342e-03 9.091759259259259499e-03 5.159756944444444243e-03 4.965856481481481684e-03 3.837569444444444231e-03 5.671041666666666245e-03 3.767858796296296494e-03 7.584085648148147958e-03 5.059282407407407305e-03 3.672442129629629667e-03 2.588252314814814929e-03 5.747303240740740324e-03 4.329108796296296177e-03 6.217465277777777487e-03 4.821087962962962783e-03 7.826076388888889360e-03 5.257199074074073858e-03 8.629027777777777131e-03 4.363055555555555784e-03 4.256840277777777792e-03 8.875520833333332485e-03 4.641608796296296455e-03 3.646030092592592638e-03 2.510034722222222094e-03 2.414432870370370170e-03 6.499189814814814413e-03 7.090833333333333537e-03 2.981099537037036878e-03 4.346527777777778150e-03 4.931712962962963263e-03 5.465763888888888929e-03 8.074270833333332606e-03 7.660914351851851913e-03 7.956481481481481911e-04 2.060810185185185054e-03 1.151134259259259298e-03 7.255902777777778001e-04 1.369849537037037043e-03 1.074942129629629685e-03 2.537488425925926109e-03 1.990983796296296252e-03 1.942106481481481505e-03 1.177337962962962930e-03 1.442499999999999989e-03 2.904490740740740904e-03 9.935787037037036376e-03 3.915300925925926240e-03 3.472222222222221992e-08 2.314814814814814771e-08 3.097245370370370430e-03 9.262731481481482085e-05 1.152005787037036974e-02 6.598958333333333412e-03 5.199722222222221898e-03 5.039583333333333415e-03 3.301423611111111312e-03 2.665034722222222284e-03 5.650625000000000266e-03 9.259259259259259085e-08 4.598107638888888904e-02 9.968055555555554656e-04 3.493530092592592780e-03 2.791249999999999894e-03 1.159097222222222169e-03 1.195266203703703812e-03 3.508020833333333477e-03 5.299537037037037063e-04 6.490277777777777755e-04 6.191736111111111399e-03 5.693541666666667063e-03 3.472222222222221992e-08 4.296284722222222172e-03 4.659907407407407748e-03 1.006890868055555499e+00 9.816435185185184119e-04 5.893518518518518366e-05 9.030891203703704170e-03 1.439409722222222132e-03 1.061296215277777844e+00 1.110416666666666643e-04 7.069999999999999896e-03 8.101851851851851534e-08 1.091168981481481373e-03 3.472222222222221992e-08 3.472222222222221992e-08 2.848449074074073991e-03
2.872428287037037009e+00 1.190532407407407511e-03 3.516802083333333412e-02 5.960115740740740652e-03 1.266223726851851972e-01 7.527569444444444369e-03 8.176157407407407159e-04 1.974862002314814902e+00 8.532121527777777881e-02 2.238946759259259102e-03 4.256833333333333302e-02 1.158175462962963004e-01 5.503587962962962730e-03 5.839593750000000166e-02 2.035634259259259254e-02 3.954282407407407334e-04 7.452608680555555809e-01 9.153935763888888522e-01 2.933923611111111107e-03 4.535872685185185493e-02 5.393553240740740426e-03 1.869378703703703792e-01 3.189687731481481436e-01 8.471062499999999773e-02 3.600972106481481472e-01 5.065393518518518769e-04 8.303645833333332671e-02 4.728680555555555415e-03 1.222272222222222232e-01 3.634657407407407281e-02 1.515619212962963092e-01 2.401739583333333330e-02 1.913178101851851887e+00 3.711403935185185465e-02 8.789482407407407383e-01 1.020610185185185231e-01 5.413658564814814722e-02 3.008969907407407253e-03 1.181736111111111051e-03 1.547442129629629732e-03 1.274374999999999900e-03 1.606909722222222246e-03 3.082766203703703883e-03 8.369212962962963281e-04 1.723657407407407473e-03 1.519409722222222125e-03 1.352280092592592639e-03 1.419687499999999943e-03 1.146886574074074041e-03 1.437164351851851797e-03 1.929375000000000100e-03 3.412800925925925898e-03 2.466921296296296483e-03 1.722812499999999952e-03 1.993055555555555639e-03 4.593981481481481874e-03 9.294097222222222040e-04 1.926412037037037025e-03 1.516516203703703733e-03 1.397615740740740719e-03 2.996296296296296164e-04 3.344803240740740636e-03 2.861435185185185175e-03 5.669537037037037167e-03 2.717939814814814958e-03 3.155358796296296297e-03 1.860451388888888918e-03 2.404699074074074291e-03 6.651851851851852153e-04 2.164733796296296111e-03 2.711400462962962766e-03 1.898784722222222280e-03 2.007013888888888910e-03 4.082928240740741135e-03 3.150694444444444246e-03 1.553206018518518434e-03 5.459363425925925668e-03 4.018402777777777641e-04 6.596979166666666790e-03 1.041145833333333376e-03 4.994560185185185431e-04 1.694305555555555452e-03 5.368796296296295990e-03 1.958773148148148287e-03 1.668969907407407425e-03 2.269467592592592457e-03 1.416851851851851866e-03 1.452083333333333438e-03 4.558182870370370426e-03 2.487650462962962775e-03 1.486307870370370474e-03 1.130717592592592668e-03 1.320740740740740816e-03 3.499328703703703716e-03 9.004282407407407027e-04 1.475370370370370377e-03 1.153796296296296211e-03 6.400763888888888996e-03 1.351584490740740697e-02 5.378252314814814874e-03 5.519421296296296575e-03 1.995201979166666639e+00 7.534390856481480991e-01 6.444429282407407866e-01 7.129211921296296772e-01 2.402707638888888775e-01 1.763888888888888923e-05 6.828703703703703890e-06 6.134259259259259412e-06 7.164351851851852040e-06 1.657100694444444411e-01 1.951564351851851897e-01 8.611307870370369863e-03 2.658194444444444363e-03 5.624999999999999846e-05 3.162037037037037149e-05 1.264641203703703804e-03 7.694338310185184771e-01 2.383067592592592598e-01 2.001724537037037101e-03 7.201284722222222635e-03 2.463527777777777678e-02 5.345567129629629800e-03 2.825150462962962902e-03 1.479166666666666594e-05 4.629629629629629543e-08 4.068310185185185224e-03 1.727465937500000104e+00 1.422994212962962884e-02 1.615740740740740587e-05 8.114871643518518640e-01 1.735500694444444547e-01 1.084398148148148135e-03 2.966774305555555657e-02 8.101851851851851958e-06 1.852372685185185198e-03 1.170023148148148116e-03 2.696759259259259205e-05 9.868749999999999051e-04 1.050398148148148220e-02 1.332523148148148217e-03 6.296296296296296654e-06 1.275092592592592640e-03 2.700486111111110969e-03 6.504629629629629405e-06 1.778310185185185289e-03 1.283824074074074034e-02 3.524074074074074001e-03 1.613888888888888936e-04 1.036116990740740818e+00 2.346030092592592698e-03 3.153472222222222332e-04 2.398298611111111030e-03
3.958564814814814932e-03 3.866724537037037005e-03 4.163865740740740548e-03 4.617824074074073672e-03 3.585428240740740589e-03 3.631412037037037160e-03 6.464907407407407061e-03 8.889317129629628958e-03 1.675064814814814645e-02 8.431701388888889620e-03 6.616319444444444635e-03 4.607696759259259298e-03 3.012743055555555400e-03 8.658113425925926740e-03 7.086817129629629543e-03 2.703275462962962880e-03 4.903900462962963204e-03 4.403888888888888610e-03 1.022285879629629586e-02 7.476666666666667051e-03 4.450949074074074183e-03 9.004872685185185202e-03 5.474131944444444661e-03 5.341365740740741143e-03 1.928541666666666729e-03 3.339016203703703851e-03 4.142060185185185255e-03 4.791168981481481320e-03 7.523032407407407099e-03 3.478599537037036990e-03 4.194421296296295919e-03 5.178449074074074031e-03 6.670324074074074176e-03 9.221921296296295770e-03 1.025709490740740748e-02 7.448287037037037116e-03 4.627268518518518406e-03 1.614583333333333390e-05 1.366898148148148144e-05 1.562500000000000033e-05 1.721064814814814837e-05 1.503472222222222138e-05 1.658564814814814673e-05 1.819444444444444549e-05 1.636574074074074201e-05 1.500000000000000038e-05 1.469907407407407492e-05 2.370370370370370326e-05 2.083333333333333264e-05 9.687499999999999998e-06 8.657407407407408218e-06 1.103009259259259260e-05 8.043981481481481938e-06 7.557870370370370210e-06 6.388888888888888517e-06 1.068287037037037078e-05 6.956018518518518442e-06 7.222222222222222060e-06 7.129629629629629350e-06 8.483796296296296463e-06 6.157407407407407590e-06 7.002314814814814797e-06 6.342592592592593009e-06 7.650462962962963767e-06 6.747685185185184845e-06 6.759259259259259357e-06 8.784722222222221923e-06 6.469907407407407562e-06 7.523148148148148367e-06 6.562500000000000272e-06 8.796296296296295588e-06 7.337962962962962948e-06 1.876157407407407372e-05 1.699074074074074026e-05 1.690972222222222291e-05 5.752314814814814907e-06 6.006944444444444859e-06 7.500000000000000190e-06 7.060185185185184818e-06 8.379629629629630088e-06 7.083333333333332995e-06 7.152777777777777528e-06 7.453703703703703835e-06 1.140046296296296344e-05 7.337962962962962948e-06 8.634259259259259193e-06 7.847222222222222852e-06 1.556712962962963031e-05 1.436342592592592677e-05 1.937500000000000000e-05 1.832175925925926089e-05 8.888888888888888298e-06 7.361111111111111125e-06 7.037037037037036640e-06 6.388888888888888517e-06 7.604166666666666565e-06 7.916666666666666538e-06 6.956018518518518442e-06 6.736111111111111180e-06 8.101851851851851958e-06 1.400104166666666684e-03 1.149965277777777748e-03 6.424768518518518675e-04 8.782986111111111636e-04 1.113333333333333362e-03 1.395798611111111111e-03 2.894212962962963015e-04 1.008217592592592672e-03 1.062615740740740762e-04 1.248043981481481487e-03 2.433379629629629521e-03 2.308333333333333244e-03 1.652777777777777671e-05 7.395833333333332968e-06 1.323292928240740851e+00 9.659786458333333714e-01 1.474537037037036958e-05 3.527372685185185038e-03 1.479513888888888990e-04 2.354166666666666517e-05 9.693865740740741175e-04 2.994247685185185293e-03 1.556712962962963031e-05 4.147106481481481650e-03 6.298148148148148204e-04 5.097430555555555569e-03 8.359664351851852498e-03 1.171671296296296350e-02 1.586539351851851782e-03 1.991666666666666650e-04 2.965995370370370574e-03 2.982164351851851729e-03 7.291666666666666593e-06 2.762256944444444352e-03 2.727199074074073944e-04 5.752314814814814907e-06 5.844907407407407617e-06 1.165224351851851914e+00 6.400462962962963030e-06 3.607878530092592406e+00 7.280092592592592927e-06 7.174421296296296146e-04 1.734953703703703614e-03 6.608796296296296627e-06 2.418263888888889067e-03 6.020740740740740567e-03 1.536388888888888787e-03 9.074074074074073718e-06 8.457687847222222777e-01 2.600509259259259440e-03 4.092719907407407764e-03 2.312453703703703720e-03 7.546296296296296545e-06
1.169826388888888869e-03 2.379479166666666461e-03 1.262800925925925896e-03 4.331365740740740662e-04 1.029247685185185127e-03 4.636342592592592837e-04 2.646284722222222181e-03 4.748599537037037285e-03 1.770879629629629626e-03 2.697824074074074274e-03 4.722141203703704090e-03 8.023032407407406892e-04 3.110648148148147975e-04 1.917476851851851851e-03 3.241412037037037005e-03 1.202719907407407340e-03 1.332731481481481397e-03 2.434537037037037138e-03 2.448553240740740725e-03 2.393298611111111234e-03 1.572939814814814773e-03 4.440659722222222577e-03 1.711782407407407306e-03 2.142141203703703829e-03 5.319687499999999764e-03 9.262731481481481814e-04 1.714340277777777737e-03 1.755451388888888860e-03 4.677858796296296279e-03 1.169293981481481443e-03 8.578472222222221924e-04 1.829108796296296342e-03 2.730069444444444254e-03 2.440578703703703920e-03 1.361283564814814821e-02 5.843252314814815010e-03 9.329629629629629124e-04 3.913657407407407363e-04 6.946874999999999925e-04 1.374305555555555426e-04 1.787615740740740766e-04 3.456018518518518749e-04 1.321759259259259393e-04 1.256099537037037124e-03 1.356018518518518391e-04 2.160648148148148194e-04 1.619907407407407309e-04 1.639236111111111059e-04 2.999872685185185281e-03 1.166435185185185148e-04 2.962962962962962924e-04 1.054444444444444439e-03 1.288773148148148048e-03 1.229756944444444344e-03 5.855555555555555253e-04 5.226157407407407010e-04 1.734212962962963008e-03 1.752627314814814716e-03 9.341435185185185041e-04 1.158217592592592659e-04 1.654467592592592578e-03 9.138657407407406973e-04 2.957418981481481444e-03 8.288194444444443897e-05 1.273032407407407348e-04 1.608680555555555634e-04 1.380694444444444374e-03 1.796215277777777871e-03 1.453668981481481565e-03 2.333402777777777992e-03 6.208449074074074130e-04 1.155555555555555530e-04 6.099999999999999737e-04 3.478703703703703472e-04 2.540821759259259162e-03 1.210995370370370334e-04 6.658796296296296555e-04 9.249999999999999867e-05 1.688252314814814737e-03 1.034837962962963017e-04 7.662037037037036755e-05 2.495023148148148122e-03 2.576747685185185391e-03 1.959849537037036855e-03 7.605902777777777835e-04 3.441956018518518672e-03 2.331111111111111057e-03 2.194988425925925753e-03 9.208912037037037153e-04 2.262905092592592399e-03 4.166898148148148306e-04 1.137893518518518551e-03 9.213310185185184841e-04 2.189155092592592802e-03 9.143518518518518759e-05 1.264467592592592531e-04 3.567708333333333430e-04 3.752199074074073922e-04 8.826388888888889151e-05 1.496643518518518462e-03 1.756944444444444385e-05 6.354166666666666675e-06 6.168981481481481255e-06 7.002314814814814797e-06 7.465277777777777500e-06 7.731481481481481118e-06 5.439814814814814299e-07 1.620370370370370307e-07 1.273148148148148174e-07 1.388888888888888797e-07 1.490740740740740767e-05 1.633101851851851932e-05 2.976157407407407614e-04 8.216435185185185343e-04 3.519606481481481631e-03 1.655324074074074033e-03 2.986643518518518683e-03 1.454861111111111050e-05 1.863032407407407432e-03 1.731956018518518523e-03 1.687500000000000022e-05 2.182870370370370512e-05 1.362152777777777722e-04 1.810745833333333277e+00 3.125000000000000256e-07 7.539814814814814513e-04 3.013171296296296344e-03 1.623842592592592661e-05 1.504629629629629673e-05 1.736111111111111194e-07 1.810185185185185278e-05 1.678217592592592695e-03 1.575694444444444451e-04 2.750841435185185160e-02 1.273148148148148174e-07 1.579398148148148024e-04 4.143553240740741050e-03 5.765833333333333748e-03 2.918171296296296095e-04 6.064814814814814880e-06 1.348379629629629602e-04 2.314814814814814771e-08 4.968472222222222213e-03 1.488888888888888987e-03 7.430555555555555658e-06 4.708368055555555917e-03 6.843507638888889355e-01 5.553587962962963078e-04 3.981620370370370608e-03 6.331018518518518497e-06 6.763923611111111178e-03 3.281481481481481575e-03 6.120138888888889371e-04
1.618055555555555659e-05 2.013888888888888901e-05 1.496527777777777769e-05 1.439814814814814777e-05 1.422453703703703770e-05 1.689814814814814755e-05 1.524305555555555582e-05 2.048611111111111252e-05 1.678240740740740751e-05 1.797453703703703738e-05 2.034722222222222176e-05 1.565972222222222302e-05 1.201388888888888972e-05 7.789351851851851138e-06 7.743055555555554783e-06 7.407407407407407480e-06 7.210648148148148395e-06 7.951388888888889228e-06 6.527777777777777582e-06 7.604166666666666565e-06 6.493055555555555740e-06 7.152777777777777528e-06 6.759259259259259357e-06 7.118055555555555685e-06 6.284722222222222142e-06 6.527777777777777582e-06 6.145833333333333077e-06 7.442129629629629323e-06 7.361111111111111125e-06 6.782407407407407535e-06 5.914351851851852149e-06 7.037037037037036640e-06 7.407407407407407480e-06 8.773148148148148258e-06 9.178240740740740094e-06 6.493055555555555740e-06 7.245370370370370238e-06 1.736111111111111194e-07 1.851851851851851817e-07 2.083333333333333327e-07 5.092592592592592695e-07 2.199074074074073950e-07 1.736111111111111194e-07 2.430555555555555460e-07 1.967592592592592705e-07 1.851851851851851817e-07 1.736111111111111194e-07 4.629629629629629675e-07 9.259259259259259350e-07 1.736111111111111194e-07 1.851851851851851817e-07 1.736111111111111194e-07 1.620370370370370307e-07 1.620370370370370307e-07 2.777777777777777593e-07 1.388888888888888797e-07 1.388888888888888797e-07 1.388888888888888797e-07 1.273148148148148174e-07 1.388888888888888797e-07 1.388888888888888797e-07 2.546296296296296348e-07 1.736111111111111194e-07 1.504629629629629684e-07 1.388888888888888797e-07 1.620370370370370307e-07 1.388888888888888797e-07 1.388888888888888797e-07 1.388888888888888797e-07 1.736111111111111194e-07 1.736111111111111194e-07 1.388888888888888797e-07 1.851851851851851817e-07 4.513888888888888788e-07 2.546296296296296348e-07 1.736111111111111194e-07 1.504629629629629684e-07 1.504629629629629684e-07 1.504629629629629684e-07 1.273148148148148174e-07 1.504629629629629684e-07 1.388888888888888797e-07 1.388888888888888797e-07 1.273148148148148174e-07 1.736111111111111194e-07 1.504629629629629684e-07 1.504629629629629684e-07 2.662037037037037235e-07 1.458333333333333276e-06 1.851851851851851817e-07 9.027777777777777575e-07 3.009259259259259368e-07 1.388888888888888797e-07 1.388888888888888797e-07 1.388888888888888797e-07 3.356481481481481501e-07 1.388888888888888797e-07 2.893518518518518481e-07 1.504629629629629684e-07 1.273148148148148174e-07 1.708090277777777775e-03 3.282986111111111304e-04 6.352199074074073694e-04 1.315972222222222120e-04 1.835648148148148154e-04 8.304398148148148045e-05 4.861111111111110921e-07 6.944444444444443983e-08 1.041666666666666664e-07 6.944444444444443983e-08 2.690173611111111064e-03 1.269791666666666790e-04 1.736111111111111110e-05 8.807870370370370948e-06 7.060185185185184818e-06 8.333333333333333733e-06 1.851851851851851817e-07 1.721759259259259358e-04 6.218101851851852262e-03 1.851851851851851817e-07 2.895717592592592744e-04 1.480555555555555433e-04 3.009259259259259368e-07 2.459490740740740767e-05 5.324074074074074470e-07 1.456018518518518585e-05 1.423611111111111137e-05 1.450231481481481380e-04 1.063333333333333231e-03 6.944444444444443983e-08 3.126041666666666509e-04 7.719907407407407453e-06 1.736111111111111194e-07 6.331018518518518497e-06 5.787037037037037094e-08 1.388888888888888797e-07 2.343078703703703556e-03 4.812199074074073775e-03 1.620370370370370307e-07 8.254629629629630099e-05 1.273148148148148174e-07 1.176712962962962955e-03 1.470081018518518568e-03 1.273148148148148174e-07 9.379282407407406926e-04 7.060185185185184818e-06 1.588611111111111170e-03 2.546296296296296348e-07 1.158668981481481442e-03 5.760416666666666506e-04 7.997685185185185583e-06 6.898148148148148422e-06 1.273148148148148174e-07
3.329872685185185279e-03 1.242708333333333295e-04 1.705439814814814796e-04 3.230092592592592672e-04 1.534988425925925973e-03 3.572569444444444403e-04 3.822858796296296421e-03 1.209085648148148151e-03 4.065856481481481058e-03 2.609467592592592481e-03 1.972199074074074132e-03 1.150115740740740721e-04 1.060532407407407469e-04 9.888657407407406771e-04 1.223217592592592586e-03 1.058333333333333354e-04 7.826504629629629653e-04 4.708912037037037276e-04 6.907870370370370640e-04 5.073981481481481398e-03 1.209675925925925892e-03 1.460648148148148255e-04 2.002962962962962900e-03 1.877175925925926017e-03 9.020833333333333503e-05 6.566898148148148096e-04 2.362881944444444361e-03 2.671597222222222342e-03 2.066238425925925794e-03 1.291909722222222287e-03 7.739583333333332853e-05 9.687499999999999660e-05 2.801736111111110855e-04 1.205706018518518498e-03 2.467534722222222091e-03 2.343437500000000034e-03 1.124884259259259283e-04 8.101851851851851534e-08 8.101851851851851534e-08 9.259259259259259085e-08 1.967592592592592705e-07 9.259259259259259085e-08 1.041666666666666664e-07 1.504629629629629684e-07 9.259259259259259085e-08 6.944444444444443983e-08 8.101851851851851534e-08 6.481481481481481227e-07 1.620370370370370307e-07 6.944444444444443983e-08 9.259259259259259085e-08 1.041666666666666664e-07 4.745370370370370562e-07 6.944444444444443983e-08 2.314814814814814838e-07 6.944444444444443983e-08 9.259259259259259085e-08 6.944444444444443983e-08 5.787037037037037094e-08 6.944444444444443983e-08 5.787037037037037094e-08 1.504629629629629684e-07 6.944444444444443983e-08 8.101851851851851534e-08 5.787037037037037094e-08 8.101851851851851534e-08 6.944444444444443983e-08 5.787037037037037094e-08 6.944444444444443983e-08 8.101851851851851534e-08 6.944444444444443983e-08 6.944444444444443983e-08 8.101851851851851534e-08 9.259259259259259085e-08 1.388888888888888797e-07 9.259259259259259085e-08 5.787037037037037094e-08 6.944444444444443983e-08 5.787037037037037094e-08 5.787037037037037094e-08 6.944444444444443983e-08 5.787037037037037094e-08 5.787037037037037094e-08 6.944444444444443983e-08 1.157407407407407419e-07 5.787037037037037094e-08 5.787037037037037094e-08 1.157407407407407419e-07 2.777777777777777593e-07 8.101851851851851534e-08 1.388888888888888797e-07 3.125000000000000256e-07 6.944444444444443983e-08 6.944444444444443983e-08 6.944444444444443983e-08 3.125000000000000256e-07 8.101851851851851534e-08 8.101851851851851534e-08 6.944444444444443983e-08 6.944444444444443983e-08 1.851851851851851817e-07 1.388888888888888797e-07 1.273148148148148174e-07 4.282407407407407542e-07 1.273148148148148174e-07 1.388888888888888797e-07 1.388888888888888797e-07 1.736111111111111194e-07 2.314814814814814771e-08 2.314814814814814771e-08 1.851851851851851817e-07 4.282407407407407542e-07 2.239814814814814706e-04 1.766284722222222258e-03 2.522789351851852015e-03 1.634004629629629566e-03 8.101851851851851534e-08 3.472222222222222389e-07 2.022326388888889045e-03 1.041666666666666664e-07 2.083333333333333327e-07 3.935185185185185409e-07 1.504629629629629684e-07 3.686921296296296214e-04 8.101851851851851534e-08 2.210069444444444353e-04 3.008449074074073869e-04 1.736111111111111194e-07 4.861111111111110921e-07 2.314814814814814771e-08 2.893518518518518481e-07 2.863888888888888691e-04 8.101851851851851534e-08 4.370949074074074190e-04 2.314814814814814771e-08 6.944444444444443983e-08 1.664895833333333332e-03 8.194444444444444668e-06 5.787037037037037094e-08 1.504629629629629684e-07 5.787037037037037094e-08 7.231250000000000264e-04 7.152777777777777528e-06 6.944444444444443983e-08 1.388888888888888797e-07 4.630902777777777621e-04 1.131944444444444439e-05 9.259259259259259085e-08 6.689814814814814825e-06 7.685185185185184763e-06 1.110879629629629657e-04 1.031481481481481502e-04 9.259259259259259085e-08
1.736111111111111194e-07 1.967592592592592705e-07 1.736111111111111194e-07 8.333333333333333309e-07 1.967592592592592705e-07 7.407407407407407268e-07 2.083333333333333327e-07 3.587962962962962747e-07 2.199074074074073950e-07 1.736111111111111194e-07 6.828703703703703890e-07 1.736111111111111194e-07 1.851851851851851817e-07 1.620370370370370307e-07 7.175925925925925493e-07 1.736111111111111194e-07 1.504629629629629684e-07 1.388888888888888797e-07 1.504629629629629684e-07 1.504629629629629684e-07 1.504629629629629684e-07 1.388888888888888797e-07 3.009259259259259368e-07 1.504629629629629684e-07 1.273148148148148174e-07 1.388888888888888797e-07 1.099537037037036949e-06 1.388888888888888797e-07 1.388888888888888797e-07 1.504629629629629684e-07 1.388888888888888797e-07 1.388888888888888797e-07 1.273148148148148174e-07 2.314814814814814838e-07 1.388888888888888797e-07 1.736111111111111194e-07 1.967592592592592705e-07 2.314814814814814771e-08 2.314814814814814771e-08 4.629629629629629543e-08 5.787037037037037094e-08 2.314814814814814771e-08 2.314814814814814771e-08 5.787037037037037094e-08 2.314814814814814771e-08 2.314814814814814771e-08 2.314814814814814771e-08 2.546296296296296348e-07 3.472222222222221992e-08 2.314814814814814771e-08 3.472222222222221992e-08 2.314814814814814771e-08 6.944444444444443983e-08 2.314814814814814771e-08 9.259259259259259085e-08 2.314814814814814771e-08 1.157407407407407386e-08 1.157407407407407386e-08 2.314814814814814771e-08 2.314814814814814771e-08 2.314814814814814771e-08 6.944444444444443983e-08 2.314814814814814771e-08 6.944444444444443983e-08 2.314814814814814771e-08 3.472222222222221992e-08 2.314814814814814771e-08 2.314814814814814771e-08 2.314814814814814771e-08 2.314814814814814771e-08 2.314814814814814771e-08 1.157407407407407386e-08 2.314814814814814771e-08 3.472222222222221992e-08 5.787037037037037094e-08 4.629629629629629543e-08 2.314814814814814771e-08 1.157407407407407386e-08 2.314814814814814771e-08 2.314814814814814771e-08 3.472222222222221992e-08 2.314814814814814771e-08 2.314814814814814771e-08 1.157407407407407386e-08 2.314814814814814771e-08 2.314814814814814771e-08 3.472222222222221992e-08 3.472222222222221992e-08 9.259259259259259085e-08 2.314814814814814771e-08 3.472222222222221992e-08 3.472222222222221992e-08 2.314814814814814771e-08 2.314814814814814771e-08 3.472222222222221992e-08 1.157407407407407386e-08 1.157407407407407386e-08 5.787037037037037094e-08 2.314814814814814771e-08 2.314814814814814771e-08 9.259259259259259085e-08 6.944444444444443983e-08 5.787037037037037094e-08 6.944444444444443983e-08 5.787037037037037094e-08 6.944444444444443983e-08 1.388888888888888797e-07 2.314814814814814771e-08 1.157407407407407386e-08 2.314814814814814771e-08 8.101851851851851534e-08 9.259259259259259085e-08 3.472222222222221992e-08 3.472222222222221992e-08 1.620370370370370307e-07 1.273148148148148174e-07 2.314814814814814771e-08 1.273148148148148174e-07 1.829861111111111017e-05 2.314814814814814771e-08 1.041666666666666664e-07 4.745370370370370562e-07 5.787037037037037094e-08 4.513888888888888788e-07 1.273148148148148174e-07 2.662037037037037235e-07 3.819444444444444522e-07 9.259259259259259085e-08 8.101851851851851534e-08 2.314814814814814771e-08 1.388888888888888797e-07 1.967592592592592705e-07 2.314814814814814771e-08 1.388888888888888797e-07 2.314814814814814771e-08 2.314814814814814771e-08 3.587962962962962747e-07 1.664942129629629715e-03 2.314814814814814771e-08 6.944444444444443983e-08 3.472222222222221992e-08 1.273148148148148174e-07 6.020833333333333766e-04 1.157407407407407386e-08 6.944444444444443983e-08 1.736111111111111194e-07 1.037384259259259325e-04 3.472222222222221992e-08 9.851851851851852143e-05 2.708796296296296494e-04 1.504629629629629684e-07 1.504629629629629684e-07 1.157407407407407386e-08
9.259259259259259085e-08 8.101851851851851534e-08 1.041666666666666664e-07 3.703703703703703634e-07 9.259259259259259085e-08 2.199074074074073950e-07 1.041666666666666664e-07 2.546296296296296348e-07 1.157407407407407419e-07 9.259259259259259085e-08 1.273148148148148068e-06 8.101851851851851534e-08 8.101851851851851534e-08 6.944444444444443983e-08 1.504629629629629684e-07 1.157407407407407419e-07 5.787037037037037094e-08 9.259259259259259085e-08 6.944444444444443983e-08 6.944444444444443983e-08 9.259259259259259085e-08 6.944444444444443983e-08 6.944444444444443983e-08 8.101851851851851534e-08 5.787037037037037094e-08 8.101851851851851534e-08 8.101851851851851534e-08 5.787037037037037094e-08 5.787037037037037094e-08 8.101851851851851534e-08 6.944444444444443983e-08 6.944444444444443983e-08 5.787037037037037094e-08 9.259259259259259085e-08 5.787037037037037094e-08 6.944444444444443983e-08 8.101851851851851534e-08 2.314814814814814771e-08 2.314814814814814771e-08 2.314814814814814771e-08 5.787037037037037094e-08 3.472222222222221992e-08 2.314814814814814771e-08 3.472222222222221992e-08 3.472222222222221992e-08 2.314814814814814771e-08 2.314814814814814771e-08 1.157407407407407419e-07 3.472222222222221992e-08 2.314814814814814771e-08 3.472222222222221992e-08 1.157407407407407386e-08 2.314814814814814771e-08 2.314814814814814771e-08 2.314814814814814771e-08 3.472222222222221992e-08 3.472222222222221992e-08 2.314814814814814771e-08 1.157407407407407386e-08 1.157407407407407386e-08 1.157407407407407386e-08 5.787037037037037094e-08 2.314814814814814771e-08 2.314814814814814771e-08 1.157407407407407386e-08 2.314814814814814771e-08 2.314814814814814771e-08 1.157407407407407386e-08 1.157407407407407386e-08 2.314814814814814771e-08 2.314814814814814771e-08 2.314814814814814771e-08 2.314814814814814771e-08 4.629629629629629543e-08 3.472222222222221992e-08 4.629629629629629543e-08 1.157407407407407386e-08 2.314814814814814771e-08 1.157407407407407386e-08 1.157407407407407386e-08 1.157407407407407386e-08 1.157407407407407386e-08 2.314814814814814771e-08 2.314814814814814771e-08 2.314814814814814771e-08 2.314814814814814771e-08 2.314814814814814771e-08 3.472222222222221992e-08 3.472222222222221992e-08 2.314814814814814771e-08 4.629629629629629543e-08 3.472222222222221992e-08 2.314814814814814771e-08 2.314814814814814771e-08 2.314814814814814771e-08 2.314814814814814771e-08 2.314814814814814771e-08 2.314814814814814771e-08 1.157407407407407386e-08 3.472222222222221992e-08 2.314814814814814771e-08 2.314814814814814771e-08 2.314814814814814771e-08 2.314814814814814771e-08 2.314814814814814771e-08 2.314814814814814771e-08 1.668101851851851820e-03 1.481273148148148228e-03 6.756828703703704128e-03 8.099305555555555989e-04 3.472222222222221992e-08 2.314814814814814771e-08 2.199074074074073950e-07 1.967592592592592705e-07 8.101851851851851534e-08 5.787037037037037094e-08 2.314814814814814771e-08 1.041666666666666664e-07 4.918981481481480992e-04 2.314814814814814771e-08 4.629629629629629543e-08 3.472222222222221992e-08 2.314814814814814771e-08 2.199074074074073950e-07 3.487789351851851728e-03 1.620370370370370307e-07 1.388888888888888797e-07 4.629629629629629543e-08 3.472222222222221992e-08 2.098148148148148030e-04 3.472222222222221992e-08 8.101851851851851534e-08 2.314814814814814771e-08 9.259259259259259085e-08 1.024155092592592565e-03 2.314814814814814771e-08 6.944444444444443983e-08 1.273148148148148174e-07 2.314814814814814771e-08 1.157407407407407386e-08 3.472222222222221992e-08 6.944444444444443983e-08 1.620370370370370307e-07 2.314814814814814771e-08 2.314814814814814771e-08 9.259259259259259085e-08 1.388888888888888797e-07 4.629629629629629543e-08 1.388888888888888797e-07 8.290509259259258969e-05 6.944444444444443983e-08 6.944444444444443983e-08 2.314814814814814771e-08
2.314814814814814771e-08 3.472222222222221992e-08 4.629629629629629543e-08 1.388888888888888797e-07 3.472222222222221992e-08 5.787037037037037094e-08 3.472222222222221992e-08 1.620370370370370307e-07 3.472222222222221992e-08 2.314814814814814771e-08 2.662037037037037235e-07 3.472222222222221992e-08 2.314814814814814771e-08 2.314814814814814771e-08 2.314814814814814771e-08 2.314814814814814771e-08 2.314814814814814771e-08 8.101851851851851534e-08 1.157407407407407386e-08 2.314814814814814771e-08 2.314814814814814771e-08 2.314814814814814771e-08 2.314814814814814771e-08 2.314814814814814771e-08 2.314814814814814771e-08 2.314814814814814771e-08 2.314814814814814771e-08 2.314814814814814771e-08 3.472222222222221992e-08 2.314814814814814771e-08 2.314814814814814771e-08 2.314814814814814771e-08 2.314814814814814771e-08 2.314814814814814771e-08 2.314814814814814771e-08 2.314814814814814771e-08 2.314814814814814771e-08 8.107986111111110950e-04 5.360185185185185712e-04 1.954780092592592593e-03 2.300451388888888771e-03 3.772094907407407601e-03 6.771134259259258860e-03 4.545254629629629449e-04 4.796574074074073761e-03 1.721238425925925974e-03 1.076932870370370457e-03 1.194780092592592552e-03 3.375694444444444619e-03 9.915277777777778065e-04 4.119120370370370210e-03 6.251157407407407531e-04 5.205439814814815302e-04 6.586574074074073902e-04 2.976504629629629726e-03 6.358912037037037267e-04 4.073078703703703757e-03 1.844085648148148081e-03 5.692708333333333041e-04 1.088761574074074024e-03 1.568923611111111213e-03 2.525601851851851792e-03 1.344664351851851880e-03 7.501157407407407557e-04 1.712500000000000046e-03 1.055115740740740797e-03 5.012094907407407818e-03 8.942245370370370148e-04 3.188969907407407291e-03 2.340358796296296111e-03 1.195844907407407403e-03 1.652696759259259353e-03 3.818969907407407209e-03 3.380046296296296358e-03 8.260300925925926144e-04 1.843194444444444394e-03 1.612534722222222234e-03 5.543981481481481547e-04 1.531435185185185156e-03 2.257488425925925808e-03 8.692013888888888663e-04 6.044097222222222189e-04 1.549895833333333247e-03 1.250497685185185219e-03 2.044386574074073901e-03 8.944444444444444534e-04 1.116076388888888890e-03 8.940046296296295762e-04 2.695219907407407460e-03 4.580787037037036859e-03 7.296759259259259344e-04 3.731597222222222086e-04 2.322696759259259159e-03 1.614791666666666719e-03 1.239756944444444370e-03 1.292766203703703742e-03 1.599386574074074035e-03 1.187164351851851792e-03 5.874456018518518438e-03 1.158321759259259330e-03 8.680555555555555972e-07 1.157407407407407386e-08 2.314814814814814771e-08 2.314814814814814771e-08 2.314814814814814771e-08 1.157407407407407386e-08 3.913971412037037023e+00 4.940142187500000226e+00 3.821305219907407569e+00 3.745859247685185078e+00 2.314814814814814771e-08 2.314814814814814771e-08 1.041666666666666664e-07 1.273148148148148174e-07 3.472222222222221992e-08 2.314814814814814771e-08 5.070601851851851529e-04 6.944444444444443983e-08 3.935185185185185409e-07 1.006010416666666685e-02 2.314814814814814771e-08 2.314814814814814771e-08 1.862916666666666584e-03 4.629629629629629543e-08 4.556679988425925920e+00 3.472222222222221992e-08 4.629629629629629543e-08 2.314814814814814771e-08 3.472222222222221992e-08 1.157407407407407386e-08 3.472222222222221992e-08 3.472222222222221992e-08 9.111921296296296349e-04 2.314814814814814771e-08 4.077510833333333196e+00 2.553912037037036828e-03 2.314814814814814771e-08 6.944444444444443983e-08 4.242233796296296031e-03 3.472222222222221992e-08 9.736805555555555405e-04 1.157407407407407386e-08 5.787037037037037094e-08 3.484652777777777922e-03 1.157407407407407386e-08 2.314814814814814771e-08 5.787037037037037094e-08 2.754675925925926042e-03 5.787037037037037094e-08 1.388888888888888797e-07 2.314814814814814771e-08 2.314814814814814771e-08 7.893171296296296133e-04
2.314814814814814771e-08 2.314814814814814771e-08 2.314814814814814771e-08 1.388888888888888797e-07 3.472222222222221992e-08 4.629629629629629543e-08 2.314814814814814771e-08 2.199074074074073950e-07 3.472222222222221992e-08 2.314814814814814771e-08 2.314814814814814838e-07 2.314814814814814771e-08 2.314814814814814771e-08 2.314814814814814771e-08 3.472222222222221992e-08 2.314814814814814771e-08 1.157407407407407386e-08 2.314814814814814771e-08 2.314814814814814771e-08 3.472222222222221992e-08 2.314814814814814771e-08 1.157407407407407386e-08 2.314814814814814771e-08 2.314814814814814771e-08 2.314814814814814771e-08 3.472222222222221992e-08 3.472222222222221992e-08 1.157407407407407386e-08 1.157407407407407386e-08 3.472222222222221992e-08 2.314814814814814771e-08 2.314814814814814771e-08 1.157407407407407386e-08 4.629629629629629543e-08 6.944444444444443983e-08 2.314814814814814771e-08 5.787037037037037094e-08 3.665832534722222036e+00 6.777730995370370159e+00 4.657083310185185177e+00 4.067513240740741054e+00 3.189432638888888949e+00 3.794556643518518513e+00 3.938761736111111134e+00 4.050342534722222609e+00 3.903839756944444517e+00 4.256883136574074022e+00 4.853343310185184833e+00 4.847027187500000167e+00 3.937504930555555394e+00 5.216801145833333209e+00 3.829730219907407474e+00 4.956150405092592415e+00 4.776003819444444076e+00 4.718359062500000256e+00 4.642553726851851970e+00 3.807972222222222314e+00 4.206497719907407173e+00 4.907380011574073997e+00 4.919000104166666887e+00 5.253703796296296247e+00 3.748401932870370157e+00 3.888387685185185294e+00 3.865918564814814662e+00 4.982577280092592709e+00 4.941755324074073918e+00 3.742327916666666532e+00 3.727677719907407372e+00 3.707737523148148195e+00 3.871673287037037170e+00 3.894310219907407333e+00 3.474776423611110943e+00 3.938238460648148198e+00 4.032769270833333586e+00 3.851729675925926077e+00 5.957919525462963328e+00 4.742505127314815105e+00 3.864163101851851856e+00 3.652666678240740872e+00 4.245732349537036932e+00 4.405176898148147835e+00 3.934444259259259447e+00 4.714288530092592744e+00 3.976270567129629452e+00 3.707465277777777679e+00 3.696136921296296229e+00 3.869526562499999933e+00 4.052649108796296140e+00 4.044488020833333586e+00 3.995152835648148049e+00 4.887337025462962892e+00 4.053250266203703767e+00 3.980015046296296433e+00 4.631358900462963391e+00 4.873458078703703400e+00 4.906584652777778111e+00 4.908601273148148536e+00 4.016788252314814400e+00 4.854613715277777963e+00 3.982741006944444440e+00 1.100439814814814727e-03 2.119398148148148031e-03 8.000347222222222712e-04 1.733634259259259200e-03 1.081550925925925909e-03 1.253668981481481474e-03 2.916203703703703623e-04 3.270254629629629900e-04 2.723148148148148043e-04 8.101851851851851534e-08 1.809201388888888838e-03 5.300347222222221918e-03 2.314814814814814771e-08 3.472222222222221992e-08 2.314814814814814771e-08 1.157407407407407386e-08 5.550433460648148021e+00 3.292974537037036964e-03 1.736111111111111194e-07 3.845944768518518408e+00 9.074537037037037207e-04 3.699201388888889025e-03 3.819402835648148198e+00 4.629629629629629543e-08 2.744560185185184950e-04 3.472222222222221992e-08 4.629629629629629543e-08 1.915092592592592584e-03 5.183564814814815109e-04 1.172141203703703670e-03 1.461435185185185190e-03 2.314814814814814771e-08 6.824791990740740388e+00 1.157407407407407386e-08 1.499189814814814797e-04 3.831875983796296126e+00 1.157407407407407386e-08 1.157407407407407386e-08 3.846393402777777748e+00 1.467766203703703767e-03 3.915296932870370394e+00 2.314814814814814771e-08 3.472222222222221992e-08 3.795492094907407576e+00 8.855324074074074161e-05 2.314814814814814771e-08 1.157407407407407386e-08 3.664037118055555542e+00 2.314814814814814771e-08 6.944444444444443983e-08 3.472222222222221992e-08 2.314814814814814771e-08 3.668758182870370366e+00
6.893518518518518279e-05 3.763888888888888883e-04 1.142709490740740665e-02 3.107233796296296306e-03 4.727893518518518426e-04 1.358923611111111096e-03 8.907523148148148136e-04 3.074444444444444317e-03 2.233784722222222074e-03 1.637523148148148150e-03 6.481388888888888963e-03 1.204872685185185126e-03 2.749502314814814864e-03 2.104502314814814690e-03 1.954108796296296236e-03 1.048125000000000012e-03 4.037384259259259333e-04 7.217361111111111460e-04 2.857164351851852052e-03 3.538194444444444178e-04 1.709884259259259300e-03 1.790775462962962980e-03 9.210069444444444337e-03 1.566377314814814715e-03 1.053946759259259246e-03 5.306712962962962729e-03 7.027083333333332881e-04 1.042476851851851805e-04 3.595462962962963065e-03 1.696655092592592486e-03 2.106307870370370365e-03 1.952326388888888861e-03 2.864490740740740799e-03 7.024340277777777787e-03 5.481250000000000011e-03 1.794710648148148142e-03 1.001620370370370381e-03 4.205208333333333476e-04 3.552199074074073940e-04 3.014814814814814571e-04 3.541898148148148293e-04 3.124189814814814993e-04 2.875462962962962695e-04 2.780208333333333533e-04 2.608796296296296232e-04 2.486805555555555362e-04 5.299768518518518977e-04 3.675810185185184953e-04 1.463333333333333413e-03 2.552777777777777727e-04 4.320254629629629401e-04 5.266087962962962866e-04 3.811574074074074213e-04 4.247222222222222219e-04 3.182060185185185013e-04 2.176851851851851799e-04 3.111458333333333589e-04 6.257361111111111110e-03 2.484953703703703847e-04 2.747569444444444408e-04 2.261921296296296271e-04 5.033564814814814716e-04 5.506018518518518163e-04 3.794444444444444579e-04 2.757754629629629640e-04 2.634259259259259041e-04 1.157407407407407419e-07 6.944444444444443983e-08 6.944444444444443983e-08 8.101851851851851534e-08 1.157407407407407419e-07 8.101851851851851534e-08 2.114467592592592592e-04 3.267361111111110857e-04 4.290972222222222063e-04 4.913194444444443990e-04 7.925925925925925673e-04 3.850810185185185412e-04 2.177777777777777828e-04 4.202893518518518675e-04 7.516435185185185676e-04 2.557870370370370614e-04 3.654513888888889003e-04 3.511342592592592597e-04 6.944444444444443983e-08 8.101851851851851534e-08 8.101851851851851534e-08 6.052083333333333170e-05 2.527662037037037030e-03 6.274305555555554996e-05 5.152314814814815298e-04 3.783680555555555647e-04 4.696759259259259030e-05 4.688425925925925855e-04 3.272407407407407470e-03 2.889120370370370128e-04 2.781712962962962720e-04 2.845023148148147956e-04 1.416203703703703754e-04 8.438657407407407305e-05 3.495138495370370357e+00 3.818261365740740931e+00 4.993181435185185535e+00 3.970223113425925821e+00 3.892632916666666887e+00 3.613551724537037213e+00 4.132014664351851607e+00 7.819344479166666417e+00 2.987805034722222253e+00 2.150461932870370241e+00 3.811409537037036888e+00 3.740300497685185022e+00 2.314814814814814771e-08 3.472222222222221992e-08 1.611527777777777698e-03 1.226956018518518543e-02 1.606481481481481316e-05 6.011303761574073867e+00 3.472222222222221992e-08 2.517708333333333387e-04 3.934538472222222083e+00 3.850304074074073934e+00 2.581712962962962737e-04 5.261076388888888920e-03 1.502550436342592555e+01 1.250706018518518616e-03 3.144189814814814937e-03 2.563012499999999805e-01 4.081501064814815116e+00 4.629629629629629543e-08 4.035169062499999626e+00 1.869652777777777806e-03 8.101851851851851534e-08 1.256504629629629551e-03 3.899849537037037173e-03 5.069444444444444128e-04 4.211805555555555685e-05 2.314814814814814771e-08 2.573032407407407234e-04 4.006302534722221864e+00 3.241435185185185305e-04 6.299537037037037518e-04 1.157407407407407386e-08 6.944444444444443983e-08 9.301851851851851514e-04 3.775196759259259391e-03 2.314814814814814771e-08 6.944444444444443983e-08 2.314814814814814771e-08 3.472222222222221992e-08 1.353842592592592684e-03 1.429872685185185283e-03 6.944444444444443983e-08
3.879398055555555391e+00 4.674970717592592528e+00 3.694768842592592417e+00 4.769226921296295885e+00 3.679790601851852028e+00 3.917601388888888980e+00 3.712791087962962866e+00 4.908889745370370150e+00 3.903387835648147952e+00 3.656470509259259316e+00 5.014038356481481884e+00 3.600251099537036925e+00 7.136620717592592200e+00 5.741993946759259337e+00 4.943016921296296218e+00 4.361386944444444858e+00 4.021600925925925551e+00 4.099763194444444814e+00 3.900582719907407458e+00 4.104493680555555635e+00 3.849020983796296314e+00 3.629393692129629478e+00 4.528314398148148179e+00 4.626225092592592958e+00 3.771900937499999884e+00 3.977663993055555736e+00 5.078141423611111094e+00 3.925850729166666664e+00 3.848568460648148282e+00 3.648770590277777615e+00 3.494928009259259394e+00 3.437812835648148102e+00 3.744569618055555438e+00 3.657621539351851858e+00 3.794837187500000208e+00 3.496560428240740759e+00 3.849295717592592592e+00 6.681134259259259578e-02 1.288813078703703596e-01 2.887044479166666733e+00 3.897986203703703634e+00 3.820163437500000203e+00 1.998493506944444498e+00 3.942988796296296172e+00 8.905911979166667436e+00 9.024534641203704410e+00 3.767708159722222394e+00 6.974394907407407196e+00 2.921004641203703844e+00 3.874932916666666838e+00 2.589010370370370406e+00 4.200623842592592361e+00 2.087166736111111032e+00 1.441639236111111055e-01 1.089723576388888837e+00 1.010670561342592677e+01 2.129427763888888947e+01 1.865862418981481419e+00 1.088866158564814768e+01 3.995808530092592736e+00 1.687713506944444442e+00 2.997124317129629567e+00 2.033160839120370511e+01 1.890235243055555570e+00 3.085749351851851952e+00 7.968226956018518159e+00 2.066134525462962834e+00 3.111120532407407602e+00 4.129799652777777830e+00 3.291767268518518641e+00 1.110347798611111081e+01 3.147708425925925813e+00 1.893720859953703695e+01 2.903843321759259410e+00 3.932662037037037463e-03 1.994820057870370311e+00 1.037063194444444392e+00 2.041575289351851730e+00 9.149944409722222005e+00 3.783991319444444557e+00 1.690657060185185134e+00 3.027974351851852042e+00 7.932250960648148386e+00 1.117405023148148047e+00 1.086836134259259179e+00 2.070645810185185010e+00 2.067289710648148038e+00 1.732060185185185276e-04 3.936805555555555371e-04 6.246921296296296423e-03 1.865150462962962986e-03 1.556111111111111193e-03 4.053240740740740881e-05 1.099884259259259218e-04 2.609526620370370212e-02 1.310879629629629504e-04 4.126545138888888797e-02 5.701388888888889086e-05 3.368518518518518520e-04 2.060069444444444502e-04 1.898379629629629690e-04 2.728587962962962716e-04 3.256018518518518767e-04 3.022569444444444587e-04 2.169328703703703697e-04 6.944444444444443983e-08 8.101851851851851534e-08 9.259259259259259085e-08 5.787037037037037094e-08 5.787037037037037094e-08 2.620254629629629821e-04 3.680439814814814555e-04 8.901307870370370190e-03 1.323495370370370277e-03 3.951959780092592744e+00 3.916302048611111086e+00 1.800925925925925871e-04 1.041666666666666664e-07 3.472222222222221992e-08 5.144312268518518749e+00 3.811226851851851885e-04 1.504629629629629684e-07 2.981353136574074192e+00 4.129630787037037010e+00 6.944444444444444777e-07 5.980166886574074248e+00 4.104315613425925768e+00 2.546296296296296348e-07 4.727430555555555683e-04 4.196566168981481049e+00 4.219444444444444609e-04 3.814303032407407201e+00 2.314814814814814771e-08 3.859406597222222235e+00 3.064236111111111002e-04 1.191765115740740733e+01 3.833582800925925849e+00 7.165393518518518856e-04 9.154131631944444791e+00 2.835648148148148338e-04 2.014918472222222423e+00 3.982331388888888934e+00 1.679884259259259221e-03 2.126478339120370364e+01 3.482772268518518732e+00 3.632027442129629691e+00 8.841319444444444399e-04 1.950672403935185173e+01 3.662847222222222286e-03 1.157407407407407386e-08 3.461311192129629788e+00 3.446229884259259357e+00 6.253103148148148271e+00
3.092013888888889154e-04 3.688078703703703614e-04 2.532638888888888635e-04 2.184837962962962916e-04 2.651504629629629632e-04 2.287615740740740723e-04 3.075462962962963219e-04 3.363310185185185218e-04 4.112962962962963230e-04 2.803009259259259213e-04 3.266550925925925785e-04 3.402893518518518745e-04 3.912847222222222291e-04 3.209803240740740932e-03 3.555902777777777512e-04 3.417361111111111250e-04 3.725000000000000012e-04 1.223310185185185134e-03 3.008796296296296197e-04 2.551851851851851699e-04 3.463078703703703566e-04 3.119212962962963063e-04 2.223263888888888772e-04 2.598611111111111000e-04 4.831597222222222261e-04 4.177777777777777653e-04 3.439699074074074187e-04 2.286458333333333322e-04 4.187152777777777813e-04 3.916782407407407235e-04 8.101851851851851534e-08 6.944444444444443983e-08 6.944444444444443983e-08 6.944444444444443983e-08 8.101851851851851534e-08 6.944444444444443983e-08 6.944444444444443983e-08 6.944444444444443983e-08 6.944444444444444777e-07 8.101851851851851534e-08 1.273148148148148174e-07 8.101851851851851534e-08 1.157407407407407419e-07 8.101851851851851534e-08 2.777777777777777593e-07 8.101851851851851534e-08 1.504629629629629684e-07 4.050925925925925767e-07 9.259259259259259085e-08 6.944444444444443983e-08 1.620370370370370307e-07 5.787037037037037094e-08 6.944444444444443983e-08 6.944444444444443983e-08 1.041666666666666664e-07 5.787037037037037094e-08 6.944444444444443983e-08 6.944444444444443983e-08 6.944444444444443983e-08 1.736111111111111194e-07 1.041666666666666664e-07 8.101851851851851534e-08 5.787037037037037094e-08 6.944444444444443983e-08 9.259259259259259085e-08 5.787037037037037094e-08 1.504629629629629684e-07 1.041666666666666664e-07 1.736111111111111194e-07 1.273148148148148174e-07 5.787037037037037094e-08 5.787037037037037094e-08 1.157407407407407419e-07 3.935185185185185409e-07 8.101851851851851534e-08 5.787037037037037094e-08 5.787037037037037094e-08 6.944444444444443983e-08 4.629629629629629543e-08 6.944444444444443983e-08 1.967592592592592705e-07 6.944444444444443983e-08 5.787037037037037094e-08 9.259259259259259085e-08 5.787037037037037094e-08 6.944444444444443983e-08 1.041666666666666664e-07 5.135416666666667036e-04 3.170949074074074295e-04 4.646990740740740812e-04 4.996064814814815160e-04 6.752199074074073659e-04 2.748958333333333180e-04 6.980092592592592208e-04 2.348495370370370472e-04 3.910069444444444204e-04 3.465046296296296039e-04 2.456365740740740623e-04 2.806018518518518670e-04 3.798032407407407195e-04 6.993957002314814986e+00 2.232347673611111194e+00 1.010917892361111114e+01 4.148417083333333366e+00 1.961865532407407464e+00 2.671434837962963216e-01 2.314814814814814771e-08 8.101851851851851534e-08 2.314814814814814771e-08 2.314814814814814771e-08 1.035615023148148239e+00 9.550556365740741072e-01 3.812285092592592406e+00 3.754327118055555523e+00 2.494560185185185379e-04 2.644097222222222487e-04 3.996753414351851941e+00 2.314814814814814771e-08 2.463379629629629600e-03 4.398148148148147900e-07 1.594189766203703762e+01 3.472222222222221992e-08 8.101851851851851534e-08 2.411689814814814751e-04 1.157407407407407386e-08 3.358680555555555616e-04 3.464930555555555624e-04 6.944444444444443983e-08 8.867920185185184323e+00 4.844907407407407366e-04 9.259553124999999607e-01 2.722800925925925714e-04 1.020833333333333357e-05 2.819097222222222403e-04 6.864957557870370763e+00 9.259259259259259085e-08 2.859027777777777717e-04 2.956294884259259348e+00 6.944444444444443983e-08 2.717489583333333389e-02 1.157407407407407419e-07 3.053935185185185355e-04 5.011531516203703518e+00 6.944444444444443983e-08 6.944444444444443983e-08 6.944444444444443983e-08 3.833668252314814673e+00 8.807870370370370948e-06 3.689523321759259122e+00 1.231840277777777881e-03 8.101851851851851534e-08 1.041666666666666664e-07 5.787037037037037094e-08
1.502111175925925934e+01 3.012976284722222342e+00 2.040641817129629665e+00 1.505568239583333323e+01 1.918607025462963023e+00 1.105143806712962906e+01 2.395288725694444310e+01 1.068316400462963056e+00 3.047435879629629696e+00 4.028111874999999564e+00 1.788733309027777807e+01 1.308527840277777798e+01 6.638226620370370590e+00 8.862852465277777370e+00 2.309075603009259225e+01 3.781190960648148192e+00 4.012488530092592320e+00 1.825264363425926017e+00 2.787505300925925855e+00 8.693867303240740085e+00 5.017181435185185556e+00 3.028355046296296482e+00 1.029591180555555541e+00 9.877447800925925891e-01 3.997427314814814725e+00 1.802865462962963017e+00 6.710619363425926132e+00 2.003127326388888907e+00 1.014596543981481425e+01 1.495449811342592561e+01 4.285317407407407408e+00 6.044969537037037099e+00 7.305698738425926209e+00 7.380663194444445074e-02 1.223373753472222170e+01 4.119736331018518882e+00 2.128843819444444563e+00 2.314814814814814771e-08 2.314814814814814771e-08 2.314814814814814771e-08 3.472222222222221992e-08 4.629629629629629543e-08 3.472222222222221992e-08 2.314814814814814771e-08 1.157407407407407419e-07 2.314814814814814771e-08 4.629629629629629543e-08 3.472222222222221992e-08 3.472222222222221992e-08 2.314814814814814771e-08 4.629629629629629543e-08 2.314814814814814771e-08 1.157407407407407386e-08 3.472222222222221992e-08 1.157407407407407386e-08 3.472222222222221992e-08 3.472222222222221992e-08 2.314814814814814771e-08 2.314814814814814771e-08 2.314814814814814771e-08 2.314814814814814771e-08 4.629629629629629543e-08 2.314814814814814771e-08 2.314814814814814771e-08 2.314814814814814771e-08 2.314814814814814771e-08 2.314814814814814771e-08 2.314814814814814771e-08 2.314814814814814771e-08 1.157407407407407386e-08 2.314814814814814771e-08 1.157407407407407386e-08 3.472222222222221992e-08 4.629629629629629543e-08 1.157407407407407386e-08 2.314814814814814771e-08 2.314814814814814771e-08 2.314814814814814771e-08 2.314814814814814771e-08 1.157407407407407386e-08 3.472222222222221992e-08 2.314814814814814771e-08 1.157407407407407386e-08 1.157407407407407386e-08 1.157407407407407386e-08 2.314814814814814771e-08 1.041666666666666664e-07 3.988967210648147965e+00 3.951098506944444644e+00 1.795964159722222320e+01 2.836935787037036860e+00 1.786505138888888844e+00 1.740530821759259217e+00 9.918636689814814833e-01 1.941505219907407431e+00 2.085999513888888934e+00 9.836993229166667518e+00 3.008608020833333452e+00 3.115020856481481637e+00 1.789288275462962874e+00 8.101851851851851534e-07 3.819444444444444522e-07 4.629629629629629543e-08 6.944444444444443983e-08 9.259259259259259085e-08 5.787037037037037094e-08 1.001157407407407448e-05 1.218749999999999978e-05 9.560185185185184599e-06 8.587962962962962838e-06 1.736111111111111194e-07 1.967592592592592705e-07 8.101851851851851534e-08 8.101851851851851534e-08 9.835203379629628984e+00 1.451746064814814774e-01 2.662037037037037235e-07 9.918981481481481773e-06 2.731058668981481308e+00 2.314814814814814771e-08 2.199074074074073950e-07 1.222222222222222247e-05 2.314814814814814771e-08 4.958505150462962696e+00 1.159722222222222252e-05 6.412995486111111587e-01 2.734182916666666685e+00 1.418981481481481501e-05 1.226851851851851925e-06 3.844124444444444233e+00 6.944444444444443983e-08 3.007714085648148128e+00 1.011607638888888973e-02 1.098444818287036995e+01 1.041666666666666664e-07 2.314814814814814771e-08 4.210133136574073731e+00 1.157407407407407419e-07 2.314814814814814771e-08 5.787037037037037094e-08 1.157407407407407386e-08 1.404383049768518532e+01 8.065393518518519048e-04 2.314814814814814771e-08 6.178130844907407493e+00 7.129926793981481659e+00 6.944444444444443983e-08 1.093287037037037008e-04 8.101851851851851534e-08 3.673670335648147933e+00 2.655209760416666498e+01 8.104598993055555312e+00 1.157407407407407386e-08
8.101851851851851534e-08 1.504629629629629684e-07 6.712962962962963002e-07 5.092592592592592695e-07 9.259259259259259085e-08 1.504629629629629684e-07 1.041666666666666664e-07 1.504629629629629684e-07 8.101851851851851534e-08 6.944444444444443983e-08 6.944444444444443983e-08 2.893518518518518481e-07 6.944444444444443983e-08 8.101851851851851534e-08 6.944444444444443983e-08 6.944444444444443983e-08 8.101851851851851534e-08 5.787037037037037094e-08 4.629629629629629543e-08 5.787037037037037094e-08 4.629629629629629543e-08 5.787037037037037094e-08 5.787037037037037094e-08 5.787037037037037094e-08 5.787037037037037094e-08 5.555555555555555187e-07 8.101851851851851534e-08 8.101851851851851534e-08 5.787037037037037094e-08 6.944444444444443983e-08 5.787037037037037094e-08 5.787037037037037094e-08 6.944444444444443983e-08 6.944444444444443983e-08 1.157407407407407419e-07 6.944444444444443983e-08 6.944444444444443983e-08 9.872685185185185418e-06 1.086805555555555620e-05 1.008101851851851817e-05 1.106481481481481529e-05 1.109953703703703628e-05 1.134259259259259342e-05 1.111111111111111164e-05 1.282407407407407339e-05 9.803240740740740039e-06 1.025462962962962992e-05 1.002314814814814815e-05 8.472222222222222798e-06 1.043981481481481534e-05 1.422453703703703770e-05 1.033564814814814897e-05 8.993055555555556368e-06 8.599537037037036503e-06 8.391203703703703753e-06 9.907407407407408108e-06 1.215277777777777709e-05 9.259259259259259138e-06 9.803240740740740039e-06 1.116898148148148166e-05 7.615740740740741077e-06 9.259259259259259138e-06 8.449074074074073773e-06 8.935185185185184653e-06 9.432870370370370893e-06 9.814814814814815398e-06 9.421296296296295534e-06 1.151620370370370348e-05 9.062500000000000053e-06 9.571759259259259958e-06 9.305555555555555493e-06 9.155092592592592763e-06 1.201388888888888972e-05 1.086805555555555620e-05 1.046296296296296267e-05 1.133101851851851806e-05 8.900462962962963658e-06 1.193287037037037067e-05 1.082175925925925985e-05 1.021990740740740723e-05 8.553240740740740148e-06 9.861111111111111753e-06 8.032407407407406578e-06 1.026620370370370359e-05 1.204861111111111071e-05 8.784722222222221923e-06 9.791666666666666374e-06 1.273148148148148174e-07 8.101851851851851534e-08 3.935185185185185409e-07 3.472222222222222389e-07 9.259259259259259085e-08 1.504629629629629684e-07 1.041666666666666664e-07 8.101851851851851534e-08 6.944444444444443983e-08 5.787037037037037094e-08 5.787037037037037094e-08 9.259259259259259085e-08 6.944444444444443983e-08 6.944444444444443983e-08 2.314814814814814771e-08 2.314814814814814771e-08 2.314814814814814771e-08 2.314814814814814771e-08 1.157407407407407386e-08 9.644675925925925574e-05 1.081168981481481564e-03 6.197916666666667112e-05 5.562499999999999682e-05 3.472222222222221992e-08 4.629629629629629543e-08 3.472222222222221992e-08 3.472222222222221992e-08 1.967592592592592705e-07 5.787037037037037094e-08 4.629629629629629543e-08 8.409722222222222295e-05 4.745370370370370562e-07 1.086805555555555620e-05 5.787037037037037094e-08 5.496412037037036631e-04 1.016203703703703721e-05 1.041666666666666664e-07 2.051099537037037041e-03 9.259259259259259085e-08 4.166666666666666655e-07 8.200694444444444481e-04 3.472222222222221992e-08 8.101851851851851534e-08 3.472222222222221992e-08 1.504629629629629684e-07 1.895243055555555613e-03 5.787037037037037094e-08 2.314814814814814771e-08 9.618055555555556313e-06 9.259259259259259085e-08 2.314814814814814771e-08 1.138888888888888808e-05 2.314814814814814771e-08 9.756944444444443684e-06 6.944444444444443983e-08 7.692496296296296165e-01 1.025462962962962992e-05 1.157407407407407419e-07 8.101851851851851534e-08 4.113914490740740781e+00 7.599905196759259240e+00 8.183784143518519016e+00 1.388888888888888797e-07 7.997685185185185583e-06 8.101851851851851534e-08 7.662037037037037432e-06
8.101851851851851534e-08 3.472222222222221992e-08 3.009259259259259368e-07 1.851851851851851817e-07 2.314814814814814771e-08 3.472222222222221992e-08 2.314814814814814771e-08 4.629629629629629543e-08 3.472222222222221992e-08 2.314814814814814771e-08 2.314814814814814771e-08 9.259259259259259085e-08 1.157407407407407386e-08 3.472222222222221992e-08 1.157407407407407386e-08 2.314814814814814771e-08 2.314814814814814771e-08 6.944444444444443983e-08 3.472222222222221992e-08 2.314814814814814771e-08 2.314814814814814771e-08 1.157407407407407386e-08 2.314814814814814771e-08 2.314814814814814771e-08 2.314814814814814771e-08 2.083333333333333327e-07 1.157407407407407386e-08 1.157407407407407386e-08 1.157407407407407386e-08 2.314814814814814771e-08 1.157407407407407386e-08 3.472222222222221992e-08 1.157407407407407386e-08 2.314814814814814771e-08 2.314814814814814771e-08 1.157407407407407386e-08 3.472222222222221992e-08 8.384259259259259215e-05 1.563078703703703733e-04 9.746990740740741179e-04 2.401851851851851847e-04 1.667476851851851954e-04 1.227662037037037090e-04 7.738425925925925995e-05 3.174629629629629676e-03 4.413182870370370263e-03 2.346759259259259371e-04 1.006990740740740806e-03 1.279050925925925993e-04 1.594317129629629556e-03 1.051226851851851801e-03 9.357638888888889189e-05 1.643020833333333356e-03 4.851736111111111353e-04 2.330289351851852053e-03 1.402870370370370295e-03 6.886701388888889254e-03 7.249884259259259086e-04 1.312384259259259233e-04 7.885416666666666117e-05 3.538310185185185135e-04 1.488437499999999960e-03 1.445023148148148078e-04 3.646990740740740493e-05 2.946898148148148142e-03 6.571759259259259882e-05 7.165509259259258729e-05 4.142361111111110984e-05 2.505347222222222177e-03 1.402083333333333307e-04 1.433368055555555567e-03 4.301157407407407186e-03 1.790914351851851912e-03 2.049884259259259270e-04 7.684953703703703391e-04 6.656249999999999840e-05 2.725694444444444215e-04 2.445601851851851691e-05 4.864351851851851801e-04 5.405092592592592414e-05 4.311458333333333484e-04 2.629122685185185035e-02 8.837962962962963155e-05 1.135879629629629587e-04 5.453703703703703502e-05 2.761574074074074102e-05 1.031365740740740680e-04 1.157407407407407386e-08 3.472222222222221992e-08 3.472222222222221992e-08 3.472222222222221992e-08 3.472222222222221992e-08 2.314814814814814771e-08 2.314814814814814771e-08 1.157407407407407386e-08 1.157407407407407386e-08 1.157407407407407386e-08 2.314814814814814771e-08 2.314814814814814771e-08 1.157407407407407386e-08 1.085648148148148084e-05 1.043981481481481534e-05 7.766203703703703808e-06 8.773148148148148258e-06 9.641203703703703643e-06 9.687499999999999998e-06 1.466562499999999984e-03 4.046678240740740444e-03 2.127060185185185390e-03 7.670138888888889100e-04 1.158564814814814886e-05 1.321759259259259325e-05 1.065972222222222176e-05 9.664351851851852668e-06 4.629629629629629543e-08 1.157407407407407386e-08 1.214120370370370342e-05 2.366458333333333261e-03 1.620370370370370307e-07 1.657789351851851915e-03 1.450231481481481414e-05 7.226655092592592679e-03 2.846527777777777685e-04 2.314814814814814771e-08 1.201608796296296322e-03 2.314814814814814771e-08 2.314814814814814771e-08 7.500277777777777585e-03 1.045138888888888901e-05 1.157407407407407386e-08 1.001157407407407448e-05 6.944444444444443983e-08 1.098887106481481579e+00 2.314814814814814771e-08 9.803240740740740039e-06 5.079861111111111410e-05 9.259259259259259085e-08 8.425925925925926443e-06 8.995370370370370423e-05 8.865740740740740968e-06 1.662118055555555571e-03 2.314814814814814771e-08 9.259259259259259085e-08 5.523148148148148204e-05 2.314814814814814771e-08 2.314814814814814771e-08 6.944444444444443983e-08 6.944444444444443983e-08 5.787037037037037094e-08 3.132134629629629519e+00 1.439560185185185213e-03 3.472222222222221992e-08 2.809027777777777654e-05
1.017361111111111088e-05 1.199074074074074069e-05 1.312500000000000054e-05 1.563657407407407568e-05 1.001157407407407448e-05 1.215277777777777709e-05 1.111111111111111164e-05 1.065972222222222176e-05 9.675925925925926333e-06 1.030092592592592628e-05 1.050925925925925903e-05 1.564814814814814766e-05 9.247685185185185473e-06 8.865740740740740968e-06 9.583333333333333623e-06 8.275462962962963712e-06 1.218749999999999978e-05 9.814814814814815398e-06 8.217592592592591998e-06 8.796296296296295588e-06 8.599537037037036503e-06 9.131944444444443739e-06 9.305555555555555493e-06 1.050925925925925903e-05 9.652777777777777309e-06 1.045138888888888901e-05 8.645833333333332858e-06 8.206018518518518333e-06 8.842592592592591943e-06 9.027777777777777363e-06 7.071759259259259330e-06 1.062500000000000076e-05 8.101851851851851958e-06 9.027777777777777363e-06 8.946759259259260013e-06 1.101851851851851893e-05 9.259259259259259138e-06 1.471527777777777764e-03 2.248553240740740634e-03 7.040046296296296200e-04 6.655555555555555183e-04 1.367789351851851805e-03 8.557407407407407888e-04 9.442708333333333119e-04 2.248530092592592594e-02 1.362766203703703709e-03 8.273842592592592620e-04 2.735613425925926059e-03 1.415682870370370315e-03 9.122615740740740164e-03 1.216273148148148183e-03 1.489328703703703648e-03 5.106712962962963072e-03 4.217013888888888852e-04 3.039432870370370292e-03 9.756655092592592809e-03 3.214918981481481360e-03 1.758310185185185236e-03 2.229062500000000141e-03 2.393171296296296453e-03 8.400810185185185420e-04 3.297858796296296129e-03 1.523252314814814738e-03 1.131354166666666576e-03 2.952523148148148129e-03 1.535648148148148181e-03 2.727557870370370206e-03 1.300034722222222173e-03 3.142662037037037125e-03 3.125138888888889105e-03 1.979409722222222247e-03 9.279050925925925834e-04 9.835185185185185523e-04 4.541990740740740537e-03 1.502372685185185148e-03 4.029872685185184947e-03 3.420682870370370370e-03 2.408773148148148167e-03 1.097337962962962910e-04 2.171805555555555729e-03 1.113703703703703774e-03 1.290266203703703627e-03 7.378124999999999701e-04 1.348171296296296314e-03 8.856250000000000190e-04 1.970289351851851976e-03 1.099293981481481476e-03 1.203703703703703705e-05 1.212962962962962976e-05 1.140046296296296344e-05 9.039351851851851029e-06 9.444444444444444558e-06 1.009259259259259183e-05 8.541666666666666483e-06 9.085648148148147384e-06 9.513888888888888244e-06 8.611111111111111863e-06 8.900462962962963658e-06 8.784722222222221923e-06 9.189814814814815453e-06 2.075694444444444408e-04 7.232870370370370408e-04 7.214120370370369817e-05 4.824074074074073752e-05 3.343206018518518358e-03 1.979201388888888850e-03 8.005156828703703376e-01 6.005240671296296462e+00 3.096619976851851863e+00 9.502435879629629323e-01 1.543807870370370299e-03 1.028819444444444508e-04 3.537453703703703680e-03 2.501041666666666496e-04 8.831018518518518278e-06 8.576388888888889173e-06 2.015277777777777673e-04 2.805572129629629430e+00 1.103009259259259260e-05 1.276932870370370331e-03 1.133055555555555552e-03 2.868688958333333261e+00 1.190648148148148143e-03 1.155092592592592617e-05 1.846541435185185265e-01 9.918981481481481773e-06 9.340277777777778183e-06 6.274417129629629164e-01 2.786053240740740851e-03 1.401620370370370326e-05 6.315972222222222224e-05 1.049768518518518536e-05 4.166666666666666655e-07 1.048611111111111170e-05 3.349768518518518741e-04 1.470416666666666747e-03 8.275462962962963712e-06 8.085648148148147471e-05 7.066157407407407283e-03 7.339120370370370145e-05 8.400972222222222868e-03 9.444444444444444558e-06 2.314814814814814771e-08 1.556030092592592578e-03 9.548611111111110933e-06 1.150462962962962981e-05 1.157407407407407386e-08 2.314814814814814771e-08 1.157407407407407386e-08 5.787037037037037094e-08 1.351287760416666650e+01 1.079861111111111082e-05 6.188194444444444081e-04
1.127083333333333398e-04 7.989618055555555362e-03 1.048842592592592643e-04 1.186689814814814790e-04 4.681365740740740496e-04 1.282754629629629566e-04 3.126041666666666509e-04 8.533449074074073507e-03 1.166782407407407341e-04 3.984953703703703715e-05 4.025405092592592576e-03 8.588425925925925785e-04 4.877083333333333205e-04 9.883101851851852225e-05 4.863310185185185357e-04 6.730324074074074008e-05 1.552314814814814801e-04 2.365740740740740860e-05 9.702546296296296136e-04 2.653587962962963061e-04 1.133217592592592593e-04 1.003240740740740742e-04 5.724537037037037094e-05 4.710069444444444677e-04 1.870370370370370370e-05 5.695601851851852084e-05 6.513888888888888506e-05 7.084490740740740700e-05 9.392361111111111201e-05 2.082175925925926067e-05 3.636458333333333339e-04 3.741898148148148275e-05 1.192071759259259256e-03 8.248842592592592554e-04 5.284837962962963187e-04 4.822916666666666894e-05 5.041666666666666790e-05 2.820237638888889009e+00 7.744608796296295616e-02 7.986427083333333399e-02 2.932129513888888650e-01 9.271784027777777437e-01 3.092351192129629833e+00 4.145965196759259008e+00 1.984228587962962864e-01 8.893232638888888542e-02 1.304332870370370490e-01 1.017204189814814752e+00 3.005943067129629664e+00 1.357968865740740716e-01 1.008199074074074053e+00 1.754762465277777794e+00 4.975988437499999861e+00 1.334660763888888990e+00 4.996460578703703526e+00 4.905975590277777520e+00 8.598377777777778119e-01 2.014120821759259439e+00 3.065267037037036957e+00 4.789486157407407241e+00 1.068034537037036991e+00 2.019189351851851943e-01 2.915546932870370256e+00 2.241456446759259258e+00 4.105931597222221896e+00 2.463229745370370261e-01 1.944647916666666643e-01 2.299534722222222258e-02 9.244795138888889374e-02 2.886650231481481477e+00 6.704315972222221753e-02 2.315865046296296248e-01 4.983444293981481366e+00 2.241340254629629491e+00 1.858149768518518596e-01 1.932330358796296332e+00 6.320052083333332904e-02 5.178197997685185072e+00 4.069817824074074331e+00 2.660668634259259480e-01 1.103228587962962859e+00 1.203441087962962980e-01 2.164178703703703577e-01 1.218780150462962952e+00 2.002637511574074214e+00 1.746096064814814941e-01 4.919328703703703320e-04 1.582291666666666796e-04 8.218749999999999873e-05 1.109722222222222257e-04 4.110185185185185144e-04 2.603009259259259298e-05 1.057407407407407460e-04 2.746296296296296051e-04 1.579490740740740681e-03 8.753472222222221841e-05 5.774305555555555718e-05 1.493981481481481495e-04 5.787037037037037258e-05 3.203703703703703699e-05 2.949143518518518477e-03 2.587766203703703669e-03 8.945717592592592349e-04 8.090138888888888033e-03 1.884421296296296365e-03 7.413726851851851901e-03 2.311458333333333388e-04 4.063541666666666799e-04 1.685009259259259359e-02 3.671759259259259052e-04 9.806249999999999429e-04 2.306782407407407566e-03 2.597847222222222311e-03 1.801689814814814777e-03 3.739583333333333203e-05 3.216435185185185239e-05 4.600243055555555335e-03 6.325231481481481156e-05 1.168402777777777755e-04 4.701933923611111510e+00 1.037766203703703724e-03 1.759606481481481514e-04 8.462764814814814907e-01 1.130555555555555600e-04 1.620370370370370307e-07 2.300462962962963084e-04 8.348379629629628989e-05 8.530092592592592479e-05 2.893807870370370371e-03 5.375578703703704246e-04 1.291550925925926026e-03 1.072083333333333308e-03 1.388888888888888797e-07 8.323495370370370423e-04 7.211805555555555287e-04 1.037935868055555488e+00 1.056944444444444446e-04 3.038715277777777769e-03 1.823175925925926005e-02 1.420833333333333410e-03 8.316820138888888492e-01 1.484143518518518591e-04 9.502314814814814578e-06 1.233107523148148088e-01 3.630104166666666462e-03 1.534953703703703794e-04 9.907407407407408108e-06 1.039351851851851899e-05 9.212962962962962783e-06 2.314814814814814771e-08 1.041666666666666664e-07 3.843749999999999917e-05 6.944444444444443983e-08
1.748611111111111156e-03 6.339386574074073674e-03 1.483680555555555577e-03 2.046793981481481468e-03 1.098993055555555530e-03 9.944444444444444989e-04 2.312696759259259133e-03 2.935300925925925838e-03 5.372129629629629477e-03 1.622719907407407357e-03 2.610717592592592430e-03 7.007905092592592484e-03 8.451608796296295606e-03 3.640219907407407553e-03 4.880416666666666584e-03 2.501932870370370508e-03 1.062094907407407432e-03 7.143645833333333445e-03 6.187002314814814448e-03 1.702939814814814897e-03 7.216504629629630005e-03 2.159814814814814930e-03 1.561377314814814919e-03 6.967835648148148348e-03 8.228935185185184834e-04 1.685428240740740810e-03 3.577905092592592595e-03 1.395381944444444534e-03 1.050798611111111074e-03 8.721180555555555587e-04 5.352824074074074082e-03 1.707314814814814719e-03 3.968252314814815079e-03 8.333101851851851954e-04 1.019004629629629687e-03 7.439930555555555750e-04 1.147222222222222220e-03 8.101851851851851534e-08 3.240740740740740614e-07 6.944444444444443983e-08 8.101851851851851534e-08 1.620370370370370307e-07 7.407407407407407268e-07 1.956018518518518457e-06 6.944444444444443983e-08 8.101851851851851534e-08 1.273148148148148174e-07 9.259259259259259085e-08 6.944444444444443983e-08 1.273148148148148174e-07 9.259259259259259085e-08 2.083333333333333327e-07 9.259259259259259085e-08 6.944444444444443983e-08 5.787037037037037094e-08 1.157407407407407419e-07 9.259259259259259085e-08 5.787037037037037094e-08 2.199074074074073950e-07 5.787037037037037094e-08 9.259259259259259085e-08 9.259259259259259085e-08 5.787037037037037094e-08 5.787037037037037094e-08 8.101851851851851534e-08 8.101851851851851534e-08 5.208333333333333583e-07 6.944444444444443983e-08 5.787037037037037094e-08 1.736111111111111194e-07 5.787037037037037094e-08 1.851851851851851817e-07 1.159722222222222252e-04 1.217245370370370351e-04 1.610138888888888817e-03 2.067905092592592538e-03 1.723842592592592516e-04 7.877314814814815398e-05 3.631944444444444559e-05 1.539583333333333396e-04 7.041666666666666614e-05 4.227879629629629349e-02 1.997800925925925981e-04 7.452546296296296468e-05 8.070949074074074137e-04 1.539488425925925920e-02 1.208217592592592655e-04 1.013113425925925987e-03 1.928206018518518550e-03 8.906365740740740736e-03 1.191643518518518529e-03 8.352083333333333104e-04 2.016562500000000126e-03 5.356458333333333731e-03 2.264166666666666498e-03 1.553090277777777802e-03 5.234004629629629250e-03 2.968807870370370351e-03 1.636064814814814803e-03 1.139733796296296241e-03 4.361162037037037004e-02 4.937301261574074118e+00 4.072455543981481796e+00 3.924522650462963114e+00 1.090795706018518496e+00 2.929371620370370355e+00 1.104593055555555536e-01 6.575615972222221828e-01 2.698187499999999892e-02 2.216332175925925935e-02 8.289358912037037008e-01 3.967316550925926055e+00 4.105585324074073839e+00 2.321977777777777807e-01 3.906597222222221895e-03 1.761238425925925862e-03 2.029493981481481357e-01 1.497898379629629684e-01 1.260866898148148112e-02 1.277893518518518593e-04 1.771521851851851848e+00 1.807731481481481559e-03 6.217592592592593190e-05 2.803159722222222077e-03 4.629629629629629543e-08 1.040561342592592579e-02 1.642141203703703601e-03 1.042113425925925985e-01 1.582533449074074172e-01 4.756557870370370367e-02 4.636543981481481419e-02 7.339097222222222550e-03 1.388888888888888797e-07 3.863668981481481381e-03 6.914757164351851948e+00 5.787037037037037094e-08 1.039224537037037070e-03 3.803507893518518479e+00 5.787037037037037094e-08 4.034176527777777466e+00 2.150810185185185290e-04 2.206701388888888688e-03 8.637731481481481801e-05 2.459918981481481332e-03 2.033553240740740720e-03 1.418391203703703611e-03 5.008101851851851636e-05 2.045138888888888983e-04 2.555324074074073900e-04 1.006944444444444450e-05 2.314814814814814771e-08 3.804062500000000152e-03 1.157407407407407386e-08
5.516917824074073912e-02 3.133002662037037145e-01 2.983485034722222373e+00 1.084905092592592490e+00 3.021538078703703833e-01 1.134311180555555465e+00 2.037348564814814633e+00 9.600124421296296617e-01 3.963008009259259445e+00 1.729989699074074017e-01 2.953288055555555403e+00 1.084080023148148220e+00 8.258356481481481104e-02 1.173766574074074143e+00 1.911233460648148252e+00 3.884434965277777874e+00 1.919972187499999983e+00 1.039587395833333261e+00 1.937705208333333207e-01 8.813210879629629346e-01 1.863045254629629721e-01 5.355277777777777554e-02 2.215407754629629689e-01 1.359711574074073948e-01 5.065945462962963219e+00 3.029358935185185064e+00 1.111046643518518451e+00 4.448204861111110936e-02 4.428270833333333018e-02 1.694573726851851814e-01 4.557157407407407684e-02 1.734109375000000008e-01 2.814747847222222266e+00 1.548192013888888829e-01 3.040167905092592715e+00 1.394719907407407367e-02 6.327804398148148546e-02 2.314814814814814771e-08 3.472222222222221992e-08 1.157407407407407386e-08 3.472222222222221992e-08 3.472222222222221992e-08 4.629629629629629543e-08 5.787037037037037094e-08 2.314814814814814771e-08 2.314814814814814771e-08 3.472222222222221992e-08 1.157407407407407386e-08 2.314814814814814771e-08 5.787037037037037094e-08 4.629629629629629543e-08 2.314814814814814771e-08 1.157407407407407386e-08 2.314814814814814771e-08 2.314814814814814771e-08 2.314814814814814771e-08 1.157407407407407386e-08 2.314814814814814771e-08 5.787037037037037094e-08 2.314814814814814771e-08 2.314814814814814771e-08 1.157407407407407386e-08 2.314814814814814771e-08 1.157407407407407386e-08 3.472222222222221992e-08 3.472222222222221992e-08 1.157407407407407386e-08 4.629629629629629543e-08 2.314814814814814771e-08 2.314814814814814771e-08 3.472222222222221992e-08 6.944444444444443983e-08 1.943100231481481588e-01 1.912295138888888898e-02 2.751348252314814946e+00 5.292466435185184948e-02 9.416712499999999597e-01 4.865400462962962691e-02 7.861644675925926196e-01 1.910210833333333413e+00 9.409116550925925582e-01 8.570150462962963442e-03 7.354250462962963475e-01 2.242327546296296256e-02 1.184364583333333276e-02 4.562333333333333518e-02 3.663648148148147821e-02 1.346539120370370268e-01 3.007709004629629757e+00 1.013454965277777786e+00 4.236728634259259607e+00 1.210689895833333418e+00 3.991539953703703514e+00 5.120664756944444562e+00 9.319492592592593105e-01 1.886295648148148096e+00 9.391995023148148602e-01 1.235419803240740633e+00 5.031932754629629301e+00 5.277071168981481541e+00 1.178935185185185180e-04 8.927708333333332635e-03 1.567476851851851963e-04 6.303888888888889257e-03 3.124651620370370517e-02 8.358541666666666897e-03 1.344149305555555549e-02 1.058964120370370354e-02 4.258506944444444102e-03 9.400856481481482257e-03 5.777777777777777648e-05 4.265046296296296240e-05 1.504629629629629684e-07 1.388888888888888797e-07 7.905095150462963183e+00 4.907379513888888489e+00 6.944444444444443983e-08 1.927745370370370290e-02 3.247773148148148242e-02 8.778733796296296632e-02 1.058164351851851800e-02 1.726928240740740680e-02 1.918215277777777783e-01 2.088852962962962856e+00 3.472222222222221992e-08 7.051662037037037534e-02 1.866149652777777668e-01 9.709872685185185967e-03 8.368020833333333214e-03 1.059992037037037038e+00 1.388888888888888797e-07 6.935639803240740697e+00 1.430775462962962903e-03 8.635778356481481621e-01 7.140682870370370153e-03 2.314814814814814771e-08 1.630635902777777702e+00 2.077582175925925950e-02 1.157407407407407386e-08 1.713780092592592438e-02 5.429844444444444918e-01 9.533858101851852007e-01 4.368969907407407351e-03 2.654159467592592581e+00 4.244743055555555422e-02 1.056547858796296202e+00 1.663993055555555494e-03 3.457881944444444414e-03 2.709803240740740922e-03 2.016666666666666716e-04 1.225694444444444516e-05 4.811063657407407129e-02 2.314814814814814771e-08
2.210648148148147986e-06 8.101851851851851534e-08 1.041666666666666664e-07 9.259259259259259085e-08 4.166666666666666655e-07 8.101851851851851534e-08 8.101851851851851534e-08 1.041666666666666664e-07 8.101851851851851534e-08 1.273148148148148174e-07 3.240740740740740614e-07 8.912037037037036688e-07 1.041666666666666664e-07 6.944444444444443983e-08 5.787037037037037094e-08 5.787037037037037094e-08 6.944444444444443983e-08 6.944444444444443983e-08 5.787037037037037094e-08 5.787037037037037094e-08 6.944444444444443983e-08 6.944444444444443983e-08 6.944444444444443983e-08 8.101851851851851534e-08 5.787037037037037094e-08 5.787037037037037094e-08 6.944444444444443983e-08 6.944444444444443983e-08 5.787037037037037094e-08 1.157407407407407419e-07 4.629629629629629543e-08 5.787037037037037094e-08 5.787037037037037094e-08 9.259259259259259085e-08 1.041666666666666664e-07 8.101851851851851534e-08 5.787037037037037094e-08 2.314814814814814771e-08 3.472222222222221992e-08 2.314814814814814771e-08 3.472222222222221992e-08 3.472222222222221992e-08 5.787037037037037094e-08 3.472222222222221992e-08 2.314814814814814771e-08 1.157407407407407386e-08 3.472222222222221992e-08 2.314814814814814771e-08 3.472222222222221992e-08 2.314814814814814771e-08 4.629629629629629543e-08 2.314814814814814771e-08 2.314814814814814771e-08 2.314814814814814771e-08 1.157407407407407386e-08 2.314814814814814771e-08 2.314814814814814771e-08 1.157407407407407386e-08 9.259259259259259085e-08 4.629629629629629543e-08 2.314814814814814771e-08 2.314814814814814771e-08 2.314814814814814771e-08 2.314814814814814771e-08 2.314814814814814771e-08 2.314814814814814771e-08 2.314814814814814771e-08 1.157407407407407386e-08 1.157407407407407386e-08 5.787037037037037094e-08 1.157407407407407386e-08 3.472222222222221992e-08 6.944444444444443983e-08 9.375000000000000238e-07 1.388888888888888797e-07 5.787037037037037094e-08 5.787037037037037094e-08 1.157407407407407419e-07 6.944444444444443983e-08 6.944444444444443983e-08 9.259259259259259085e-08 3.009259259259259368e-07 5.787037037037037094e-08 6.944444444444443983e-08 1.504629629629629684e-07 4.629629629629629675e-07 6.944444444444443983e-08 7.523148148148148156e-07 1.157407407407407419e-07 1.041666666666666664e-07 1.620370370370370307e-07 9.259259259259259085e-08 6.944444444444443983e-08 5.787037037037037094e-08 5.787037037037037094e-08 8.101851851851851534e-08 5.787037037037037094e-08 1.388888888888888797e-07 5.787037037037037094e-08 9.259259259259259085e-08 1.041666666666666664e-07 6.944444444444443983e-08 8.101851851851851534e-08 6.944444444444443983e-08 5.787037037037037094e-08 1.620370370370370307e-07 1.388888888888888797e-07 8.101851851851851534e-08 4.629629629629629543e-08 6.944444444444443983e-08 2.739168055555555314e-01 3.243339120370370560e-02 4.629629629629629543e-08 3.472222222222221992e-08 6.944444444444443983e-08 8.101851851851851534e-08 2.314814814814814771e-08 9.259259259259259085e-08 1.388888888888888797e-07 1.553322916666666741e-02 9.259259259259259085e-08 1.273148148148148174e-07 5.605543981481481315e-03 1.504629629629629684e-07 1.687430555555555515e-03 1.041666666666666664e-07 6.944444444444443983e-08 4.282407407407407542e-07 8.101851851851851534e-08 6.944444444444443983e-08 4.629629629629629543e-08 3.875925925925925893e-04 4.777952546296296288e-02 8.101851851851851534e-08 1.620370370370370307e-07 1.157407407407407386e-08 1.273148148148148174e-07 8.101851851851851534e-08 3.472222222222221992e-08 5.787037037037037094e-08 5.787037037037037094e-08 1.219834490740740775e-02 1.157407407407407419e-07 6.944444444444443983e-08 5.787037037037037094e-08 9.259259259259259085e-08 1.880843055555555532e-01 1.018144560185185177e-01 1.980659016203703660e+00 2.254131944444444455e-03 5.729861111111111353e-04 6.944444444444443983e-08 2.867511574074073973e-03
3.472222222222221992e-08 2.314814814814814771e-08 4.629629629629629543e-08 2.314814814814814771e-08 3.472222222222221992e-08 2.314814814814814771e-08 2.314814814814814771e-08 8.101851851851851534e-08 3.472222222222221992e-08 2.314814814814814771e-08 2.314814814814814771e-08 1.967592592592592705e-07 3.472222222222221992e-08 2.314814814814814771e-08 2.314814814814814771e-08 2.314814814814814771e-08 2.314814814814814771e-08 3.472222222222221992e-08 3.472222222222221992e-08 2.314814814814814771e-08 2.314814814814814771e-08 1.157407407407407386e-08 6.944444444444443983e-08 2.314814814814814771e-08 2.314814814814814771e-08 1.157407407407407386e-08 3.472222222222221992e-08 1.157407407407407386e-08 1.157407407407407386e-08 1.157407407407407386e-08 2.314814814814814771e-08 2.314814814814814771e-08 1.157407407407407386e-08 1.157407407407407386e-08 5.787037037037037094e-08 2.314814814814814771e-08 2.314814814814814771e-08 1.534918981481481507e-03 1.735520833333333273e-03 1.378344907407407340e-03 1.396550925925925868e-03 3.825231481481481375e-05 6.304861111111110692e-04 1.226192129629629594e-03 9.281712962962962964e-04 1.594432870370370405e-03 1.351666666666666598e-03 1.676956018518518596e-03 7.133101851851851789e-05 4.785763888888888988e-04 1.180682870370370350e-03 8.480324074074074533e-05 9.410879629629629066e-05 1.567708333333333334e-04 1.226458333333333307e-03 9.319444444444443892e-05 7.196064814814814425e-04 3.242997685185185133e-03 1.276041666666666535e-04 1.851157407407407374e-04 5.889351851851851779e-04 1.027361111111111053e-03 1.862833333333333355e-02 9.377314814814815267e-05 1.160162037037037021e-03 1.315879629629629734e-03 8.603009259259259789e-05 2.116805555555555367e-03 5.084722222222222247e-04 5.497685185185185124e-05 6.775462962962963166e-05 3.879745370370370422e-04 2.314814814814814771e-08 4.861111111111110921e-07 4.629629629629629543e-08 2.314814814814814771e-08 1.157407407407407386e-08 3.472222222222221992e-08 2.314814814814814771e-08 2.314814814814814771e-08 1.157407407407407386e-08 1.157407407407407386e-08 2.314814814814814771e-08 2.314814814814814771e-08 3.472222222222221992e-08 3.472222222222221992e-08 2.314814814814814771e-08 1.041666666666666664e-07 8.101851851851851534e-08 3.472222222222221992e-08 4.629629629629629543e-08 3.472222222222221992e-08 1.157407407407407386e-08 1.157407407407407386e-08 2.314814814814814771e-08 4.629629629629629543e-08 1.157407407407407386e-08 3.472222222222221992e-08 2.314814814814814771e-08 2.314814814814814771e-08 2.314814814814814771e-08 1.157407407407407386e-08 2.314814814814814771e-08 2.314814814814814771e-08 2.314814814814814771e-08 8.101851851851851534e-08 3.472222222222221992e-08 3.472222222222221992e-08 2.314814814814814771e-08 1.157407407407407386e-08 1.164168981481481478e-02 1.398443287037037103e-02 2.314814814814814771e-08 2.314814814814814771e-08 2.314814814814814771e-08 2.314814814814814771e-08 3.472222222222221992e-08 4.629629629629629543e-08 2.314814814814814771e-08 1.157407407407407419e-07 2.314814814814814771e-08 3.472222222222221992e-08 8.101851851851851534e-08 4.629629629629629543e-08 6.126442129629629946e-02 3.472222222222221992e-08 2.314814814814814771e-08 2.314814814814814771e-08 3.472222222222221992e-08 2.314814814814814771e-08 4.629629629629629543e-08 1.157407407407407419e-07 3.234965277777777579e-03 3.472222222222221992e-08 2.314814814814814771e-08 2.908564814814814902e-05 2.314814814814814771e-08 2.314814814814814771e-08 7.781365740740741038e-04 2.314814814814814771e-08 2.314814814814814771e-08 5.787037037037037094e-08 2.314814814814814771e-08 2.314814814814814771e-08 3.472222222222221992e-08 2.314814814814814771e-08 5.787037037037037094e-08 6.944444444444443983e-08 8.101851851851851534e-08 1.956114004629629644e-01 2.137280092592592530e-03 2.314814814814814771e-08 1.550450231481481471e-02
4.629629629629629543e-08 2.314814814814814771e-08 3.472222222222221992e-08 2.314814814814814771e-08 2.314814814814814771e-08 3.472222222222221992e-08 2.314814814814814771e-08 8.101851851851851534e-08 3.472222222222221992e-08 3.472222222222221992e-08 2.314814814814814771e-08 2.199074074074073950e-07 5.555555555555555187e-07 2.314814814814814771e-08 1.157407407407407386e-08 2.314814814814814771e-08 2.314814814814814771e-08 1.157407407407407386e-08 1.157407407407407386e-08 1.157407407407407386e-08 2.314814814814814771e-08 4.629629629629629543e-08 2.314814814814814771e-08 1.157407407407407386e-08 1.157407407407407386e-08 2.314814814814814771e-08 2.314814814814814771e-08 2.314814814814814771e-08 2.314814814814814771e-08 2.314814814814814771e-08 1.157407407407407386e-08 1.157407407407407386e-08 2.314814814814814771e-08 2.314814814814814771e-08 2.314814814814814771e-08 3.472222222222221992e-08 1.157407407407407386e-08 4.948743055555555881e-02 8.242936342592592502e-02 4.351355324074074327e-02 1.932754629629629644e-04 8.501318287037036570e-02 2.574569444444444605e-02 8.347322916666666259e-02 1.847393171296296266e-01 1.781270717592592645e-01 2.287608101851851816e-01 9.339738425925925291e-02 2.896583217592592630e-01 8.885087962962963382e-02 5.530481481481481359e-02 1.505094675925925940e-01 1.416375925925925927e-01 7.586732407407407175e-01 9.503756597222222657e-01 1.690846296296296403e-01 2.685265509259259220e-01 2.005754745370370296e-01 1.570830092592592486e-01 1.329544444444444307e-01 7.721638888888888996e-02 1.503165393518518522e-01 3.707858796296296250e-02 2.074118171296296387e-01 1.538657407407407367e-04 1.680728240740740620e-01 4.154391203703703545e-02 1.035733796296296229e-02 1.334652662037036919e-01 1.325834722222222206e-01 1.312195023148148010e-01 1.711073495370370456e-01 2.314814814814814771e-08 1.504629629629629684e-07 6.944444444444443983e-08 2.314814814814814771e-08 2.314814814814814771e-08 2.314814814814814771e-08 2.314814814814814771e-08 3.472222222222221992e-08 2.314814814814814771e-08 2.314814814814814771e-08 1.157407407407407386e-08 2.314814814814814771e-08 1.157407407407407386e-08 2.314814814814814771e-08 1.157407407407407386e-08 6.944444444444443983e-08 4.629629629629629543e-08 3.472222222222221992e-08 6.944444444444443983e-08 2.314814814814814771e-08 2.314814814814814771e-08 3.472222222222221992e-08 1.157407407407407386e-08 3.472222222222221992e-08 2.314814814814814771e-08 8.101851851851851534e-08 2.314814814814814771e-08 2.314814814814814771e-08 2.314814814814814771e-08 2.314814814814814771e-08 1.157407407407407386e-08 3.472222222222221992e-08 1.157407407407407386e-08 1.157407407407407386e-08 3.472222222222221992e-08 4.629629629629629543e-08 1.157407407407407386e-08 1.157407407407407386e-08 1.504629629629629684e-07 2.199074074074073950e-07 1.477754629629629644e-03 3.529490740740740592e-03 2.314814814814814771e-08 2.314814814814814771e-08 2.826388888888889134e-04 3.472222222222221992e-08 2.314814814814814771e-08 2.314814814814814771e-08 3.472222222222221992e-08 9.259259259259259085e-08 2.314814814814814771e-08 4.629629629629629543e-08 7.864374999999999838e-03 3.472222222222221992e-08 3.472222222222221992e-08 8.101851851851851534e-08 3.472222222222221992e-08 2.314814814814814771e-08 6.154861111111111383e-04 2.314814814814814771e-08 7.036424768518519113e-02 2.314814814814814771e-08 3.472222222222221992e-08 6.536483796296296833e-02 3.472222222222221992e-08 3.472222222222221992e-08 1.809425849537036868e+01 2.314814814814814771e-08 1.157407407407407386e-08 3.240740740740740614e-07 3.472222222222221992e-08 2.314814814814814771e-08 1.157407407407407386e-08 2.314814814814814771e-08 2.314814814814814771e-08 2.314814814814814771e-08 3.472222222222221992e-08 8.101851851851851534e-08 6.191519675925925836e-02 1.157407407407407386e-08 1.417650462962963005e-03
8.065046296296296720e-04 1.112719907407407321e-03 1.083680555555555612e-04 3.585983796296296315e-03 1.233333333333333243e-03 2.088368055555555550e-03 1.336539351851851777e-03 9.959490740740740110e-04 2.299421296296296369e-04 5.972627314814815160e-03 1.554004629629629573e-03 9.225694444444445001e-05 1.007164351851851753e-03 9.378472222222222125e-05 2.296759259259259240e-04 2.900347222222222346e-04 7.181712962962962877e-05 1.534861111111111192e-03 1.270983796296296315e-03 9.000000000000000567e-05 1.082986111111111172e-03 1.532592592592592557e-03 1.085636574074074151e-03 1.548993055555555626e-03 1.838078703703703641e-04 1.284085648148148131e-03 5.066319444444444256e-04 8.114930555555555352e-04 3.797881944444444439e-03 4.297222222222222350e-04 7.626157407407407884e-05 1.010694444444444487e-03 6.921296296296296430e-05 9.291666666666667095e-05 1.087268518518518499e-04 8.014814814814814675e-04 9.063657407407407589e-05 1.615856481481481571e-03 1.120949074074074122e-03 1.183402777777777795e-03 6.878472222222222344e-05 5.358819444444444698e-03 2.774872685185185341e-03 7.930555555555555275e-05 2.117106481481481530e-03 3.953888888888888731e-03 1.885185185185185271e-04 1.095138888888888985e-03 1.470115740740740801e-03 8.808912037037037188e-04 2.825578703703703846e-03 2.287233796296296324e-03 1.191782407407407460e-03 2.299282407407407438e-03 2.368599537037037114e-03 3.087291666666666570e-03 4.605543981481481294e-03 5.478935185185184777e-03 1.984594907407407575e-03 9.753472222222221754e-05 4.424768518518518580e-05 3.387615740740740626e-04 6.215798611111111177e-03 2.761574074074074170e-04 7.415856481481481171e-04 1.069502314814814795e-03 1.921064814814814684e-04 1.551736111111111100e-04 1.579513888888888981e-04 1.075694444444444495e-04 1.546134259259259250e-03 5.796412037037037418e-03 9.909722222222222163e-05 2.108333333333333262e-04 1.316493055555555559e-03 1.258333333333333201e-04 5.184282407407407416e-03 4.416261574074074187e-03 7.743055555555556138e-05 1.034606481481481510e-04 9.609953703703703561e-05 5.138773148148147738e-04 1.813159722222222299e-03 9.359953703703704261e-05 1.110416666666666643e-04 1.364004629629629508e-04 8.872685185185185167e-05 2.400150462962962871e-03 5.065590277777777366e-03 2.382523148148148098e-04 8.101157407407406962e-04 1.044560185185185235e-04 1.387962962962962859e-04 1.870833333333333452e-04 1.059120370370370424e-03 1.147916666666666606e-04 1.271655092592592672e-03 1.065347222222222303e-03 4.112847222222222273e-04 6.064120370370370324e-04 5.005787037037037242e-05 1.621180555555555667e-04 2.726851851851851751e-05 2.604629629629629374e-04 1.221180555555555431e-04 1.029629629629629580e-04 1.488888888888888879e-04 1.443749999999999992e-04 1.109143518518518557e-04 2.404976851851851720e-04 8.101851851851851534e-08 5.787037037037037094e-08 5.563047453703703904e-02 1.458502546296296387e-01 1.295486111111111241e-04 8.231481481481482091e-05 8.671111111111110339e-03 2.789467592592592736e-04 4.143692129629629982e-03 2.314814814814814771e-08 4.041203703703703863e-04 1.095601851851851809e-04 2.314814814814814771e-08 1.234560185185185109e-03 1.367503254629629694e+01 2.210266203703703872e-03 1.481655092592592572e-03 5.318634259259259712e-04 1.001689814814814847e-03 1.226412037037037141e-03 2.801631944444444265e-03 2.314814814814814771e-08 6.872685185185185342e-05 3.155439814814814804e-04 1.211226851851851841e-04 1.240590277777777741e-03 9.913194444444444094e-05 3.321724537037037094e-03 1.024768518518518471e-04 5.357754629629629412e-04 1.084143518518518572e-03 2.314814814814814771e-08 3.241666666666666676e-04 6.343750000000000376e-05 6.581018518518518814e-05 1.006979166666666656e-03 2.314814814814814771e-08 2.314814814814814771e-08 1.157407407407407386e-08 3.472222222222221992e-08 5.787037037037037094e-08 7.769675925925926077e-05 6.801736782407407311e+00
6.614538194444444241e-02 7.529506249999999845e-01 2.899201388888889095e-03 8.010605092592593124e-01 1.229978356481481461e-01 2.188507638888888829e-01 1.213215162037036970e-01 1.544933912037037005e-01 1.844156597222222360e-01 8.810573842592592797e-01 3.918043981481481725e-02 3.130281944444444631e-01 1.271483449074073957e-01 1.855986921296296221e-01 1.374610879629629689e-01 9.343998958333333826e-01 2.132845023148148278e-01 2.664917129629629788e-01 3.228434027777777465e-02 2.537809953703703547e-01 8.014684374999999639e-01 1.688171990740740813e-01 8.034966666666666368e-01 1.890351851851851950e-01 2.341154398148148075e-01 1.786734953703703610e-01 7.822450694444444963e-01 6.384259259259259390e-05 6.947569444444444582e-04 8.048644675925925585e-02 1.548219560185185306e-01 4.482966435185185144e-02 2.253276388888888759e-01 1.204417824074074106e-01 6.321461805555556035e-02 9.026751157407407467e-02 9.268428587962962428e-01 4.995699074074073931e-02 2.997423472222222163e+00 9.194664351851851436e-03 9.636064814814814319e-03 5.531273148148148008e-03 6.090543981481481503e-03 5.937646990740740732e-02 2.760811805555555498e+00 3.709919814814814920e+00 6.081166782407407823e-01 9.123726851851852266e-04 7.079861111111110557e-05 4.870927777777778189e+00 1.389120370370370259e-04 3.127820601851851595e-02 6.449002314814815395e-02 8.861226851851851036e-03 3.337962962962963149e-03 1.389583333333333274e-04 4.332175925925925870e-05 6.765433796296296265e-01 1.651821759259259129e-02 7.093108796296296314e-02 1.160792824074074157e-02 3.793194444444444174e-02 7.181952002314814898e+00 5.661638425925925588e-01 2.333252430555555479e-01 1.202166666666666661e-02 8.249060185185184968e-02 6.095327546296296084e-02 2.195949074074074177e-04 9.526997685185184528e-02 1.689784722222222382e-02 3.009837962962963183e-04 2.048965277777777677e-02 3.166687499999999711e-02 1.819612847222222274e-01 1.082936655092592515e+00 1.224088425925925899e-01 3.833612268518518662e-02 4.443651620370370203e-02 8.551415972222222717e-01 2.118723263888888930e-01 1.396006944444444509e-02 1.674872453703703801e-01 1.465638194444444375e-01 1.915687847222222184e-01 2.907230324074074057e-02 1.713944444444444326e-02 4.777684027777778092e-02 1.210313541666666604e-01 5.190704861111111040e-02 1.266061226851851740e-01 2.011758912037037161e-01 8.174081597222222495e-01 8.543620370370370865e-02 2.176693171296296414e-01 5.092179398148147934e-02 5.337385416666666493e-02 7.760947106481481672e-01 1.742178240740740736e-01 7.524748263888888511e-01 1.410244212962962970e-02 5.030144675925925929e-02 2.177900000000000114e-01 8.748422106481481553e-01 1.746068981481481430e-01 8.489930555555555251e-04 1.145122685185185132e-02 2.780840162037037100e-01 1.950836805555555553e-01 5.640350694444444535e-02 9.259259259259259085e-08 4.629629629629629543e-08 1.761354166666666710e-03 2.001018518518518727e-03 7.835246527777778303e-02 1.270278935185185226e-02 1.302557870370370371e-03 1.880508101851851854e-01 3.449336805555555663e-02 6.680555555555556062e-05 1.281722800925925998e-01 1.813677083333333287e-02 1.494675925925925881e-04 1.168889930555555567e-01 7.372106481481481869e-04 1.562753009259259251e-01 2.003020601851851767e-01 4.025115740740740564e-03 9.630322800925925630e-01 7.000461805555555084e-02 1.683449074074074188e-04 2.214120370370370255e-05 4.472200231481481686e-02 1.418072916666666614e-02 3.623787037037037168e-02 5.707534722222222349e-03 6.466510416666666761e-02 5.934959490740740473e-02 5.368203703703703505e-02 8.479393518518518746e-02 5.017017361111111295e-01 6.670370370370370559e-04 2.132623611111111039e-01 4.516833333333333117e-02 1.174187152777777798e-01 1.143603819444444503e-01 1.787245370370370463e-03 9.850694444444443930e-05 8.819479166666666439e-03 3.472222222222221992e-08 1.157407407407407386e-08 3.394878124999999858e-01 2.099421296296296387e-04
1.924826388888888897e-03 2.626388888888889044e-03 7.582523148148147913e-04 2.052060185185184977e-03 2.149756944444444588e-03 9.296874999999999584e-04 3.941539351851851454e-03 5.885451388888888850e-03 3.507233796296296488e-03 3.370937499999999802e-03 2.636689814814814799e-03 3.475925925925925711e-03 3.669178240740740646e-03 1.178645833333333412e-03 4.042129629629629892e-03 2.385648148148148025e-03 1.005011574074073967e-03 4.460046296296296155e-03 1.948819444444444427e-03 3.213194444444444301e-03 1.814560185185185113e-03 2.706168981481481273e-03 4.260914351851851668e-03 4.887754629629629914e-03 6.174328703703703576e-03 2.313784722222222284e-03 2.385185185185185065e-03 1.569097222222222161e-03 3.828437499999999809e-03 4.186921296296296224e-03 2.061145833333333233e-03 3.437974537037037127e-03 1.240555555555555509e-03 1.415150462962962890e-03 1.639259259259259359e-03 1.237118055555555540e-03 1.727592592592592634e-03 4.188437500000000320e-03 1.409375000000000037e-04 9.064930555555555675e-04 5.294699074074074065e-03 3.646412037037037200e-04 2.067129629629629590e-04 2.055370370370370164e-03 2.194328703703703545e-03 1.044236111111111016e-03 4.939895833333333465e-03 2.117361111111111093e-04 6.482523148148148281e-04 2.670833333333333111e-04 1.922222222222222355e-04 1.233252314814814845e-03 1.927592592592592509e-03 2.621701388888888692e-03 1.964930555555555484e-04 9.444444444444444219e-05 1.671180555555555527e-04 2.284456018518518563e-03 1.946388888888888995e-03 2.051180555555555656e-03 2.223472222222222169e-03 2.462453703703703679e-03 1.589120370370370242e-04 2.658993055555555502e-03 1.183877314814814905e-03 4.963703703703703680e-03 3.310949074074074228e-03 1.522708333333333379e-03 1.538912037037036985e-03 3.023611111111111031e-03 3.038113425925925877e-03 1.890624999999999944e-04 1.368379629629629547e-03 2.268703703703703767e-03 1.589456018518518475e-03 2.950462962962962891e-03 1.274247685185185119e-03 6.217013888888888676e-04 1.488564814814814742e-03 2.907465277777777912e-03 3.220798611111110911e-03 1.491597222222222283e-03 4.216481481481481643e-03 2.089918981481481662e-03 3.801539351851851954e-03 3.967743055555555953e-03 1.899884259259259365e-03 1.182893518518518452e-03 2.878900462962962880e-03 1.944224537037037058e-03 2.149826388888889054e-03 5.841319444444444120e-04 2.013020833333333242e-03 2.502361111111111019e-03 4.172567129629629890e-02 1.214236111111111028e-03 1.919756944444444419e-03 4.008634259259259529e-03 1.296921296296296234e-03 1.917881944444444495e-03 1.793020833333333315e-03 3.698252314814814805e-03 9.649560185185184630e-03 9.997569444444443908e-04 1.702349537037036939e-03 1.536539351851851868e-03 1.237986111111111145e-03 1.017592592592592507e-03 2.390312500000000076e-03 9.297222222222221912e-04 1.309837962962963061e-04 9.153935185185184550e-05 2.989895636574074089e+00 2.541935532407407550e+00 4.237314814814814416e-03 2.385162037037037198e-03 2.662865763888889070e+00 2.732337962962962889e-03 8.097453703703703931e-04 3.565649305555555759e-02 1.442106481481481494e-03 3.413819444444444583e-03 1.377939930555555637e-01 1.039953703703703743e-03 1.056368622685185166e+00 1.191504629629629598e-03 2.759293981481481493e-03 2.383807870370370334e-03 1.137256944444444426e-03 1.592106481481481454e-03 2.111142719907407539e+00 1.515025578703703690e-01 1.417824074074074169e-04 5.055092592592592580e-04 1.584780092592592490e-03 2.059490740740740639e-03 4.487951388888888546e-03 4.701192129629629818e-03 3.084143518518518722e-04 4.436064814814814558e-03 1.627314814814814726e-03 1.910765393518518429e-01 1.476296296296296297e-03 6.470312500000000369e-03 2.630520833333333235e-03 1.208124999999999998e-03 8.902388888888888852e-02 3.583119212962963124e-02 1.482506134259259367e-01 1.606828703703703576e-04 1.157407407407407386e-08 1.342523148148148243e-03 1.232631944444444530e-02
1.042985949074074048e+00 1.089614340277777771e+01 7.980096342592592151e+00 8.224511574074074016e-02 5.881821064814815037e-01 1.547853666666666683e+01 1.729663738425925912e+00 7.702707060185185473e-01 8.417494444444444390e-01 1.076992592592592501e+00 9.021401203703703686e+00 1.647591369212963031e+01 6.694954652777777682e+00 2.466643402777777716e+00 7.764980752314814438e+00 1.492280938657407319e+01 1.747612268518518655e-02 1.750278347222222308e+01 4.492685185185185497e-03 2.488034722222222384e-02 3.920438888888889029e+00 5.639421296296296023e-03 3.915520289351851702e+00 4.633041331018518783e+00 1.451827195601851805e+01 1.460163194444444486e-02 5.938286238425925845e+00 8.334132175925925701e-01 1.968747223379629574e+01 1.463586700231481430e+01 1.883173611111111159e-02 1.676973260416666633e+01 2.695809432870370337e+00 4.753171296296296137e-03 1.366449775462962890e+01 6.372782407407406868e-02 1.891403799768518468e+01 9.471253472222222747e-02 1.761759693287037010e+01 9.375462962962962180e-03 1.261036505787036965e+01 9.893063541666666794e-01 7.590716435185185240e-01 7.607750231481481551e-01 1.331054861111111154e-01 4.569993055555555267e-02 6.374722222222221901e-02 1.739945347222222161e+00 3.577735243055555348e+00 2.132574074074074233e-02 4.417431712962963108e-02 1.366968603009259198e+01 2.690324074074074145e-03 1.254339120370370417e-02 1.446438657407407395e-02 1.733090277777777841e-03 3.472653877314814785e+00 1.505320601851851785e-02 6.624164710648147825e+00 1.169547538194444414e+01 9.392361111111110659e-04 6.538247939814814558e+00 3.535235092592592387e+00 3.236865740740740849e-02 1.449999914351851871e+01 5.559575462962963455e-01 5.500694444444444338e-03 7.807019791666666819e+00 5.676289247685184947e+00 2.587064004629629821e+00 2.168149305555555628e-02 4.506742361111111261e-01 5.854717349537036597e+00 6.074025462962962668e-02 9.003293749999999873e-01 4.655256423611111138e+00 6.682546296296296262e+00 6.578008912037036637e-01 1.289116884259259344e+01 1.384591178240740739e+01 2.799197615740740552e+00 2.711977002314814644e+00 2.282430555555555341e-03 3.367337962962963036e-03 5.603090277777778017e-03 2.716122685185185133e-03 2.831041666666666602e-03 6.658161099537037053e+00 8.788646759259258756e-01 2.045334490740740793e-02 1.751785287037036909e+01 2.476301828703703745e+00 1.381539351851851852e-02 2.627039548611111108e+00 7.169357754629629431e-01 1.178987865740740659e+01 1.788644392361111102e+01 1.891243357638888867e+01 1.350795704861111091e+01 1.194013145833333311e+01 7.139871527777777449e-02 8.723772175925926575e+00 2.579437928240740696e+00 7.900636851851851716e+00 6.584589363425926045e+00 4.995425925925926075e-02 7.222835648148148366e-03 1.574282924768518477e+01 4.067593750000000202e-02 4.702909722222222560e-02 6.831123842592592976e-02 1.946340069444444376e+00 5.787037037037037094e-08 4.629629629629629543e-08 4.992959155092592916e+00 2.338912037037036915e-03 4.629629629629629543e-08 5.182209710648147727e+00 1.017888078703703680e-01 4.481736111111110817e-03 6.919649826388888592e+00 1.546896990740740663e-01 2.882997685185185056e-03 2.890802581018518502e+00 9.205381944444444853e-03 8.371914236111110963e-01 7.195439930555556085e-01 9.734061111111110831e-01 5.798029953703704109e+00 7.631110324074073858e+00 9.197106481481481235e-04 2.136180555555555662e-03 2.943402777777777857e-03 6.901467974537037087e+00 2.010856481481481522e-03 7.805849537037036490e-02 1.795635868055555662e+01 1.632487037037037014e-01 1.485600694444444425e-02 1.386512731481481450e-02 9.125771990740741413e-02 8.863287037037037575e-03 8.093314004629629244e-01 1.088341030092592643e+00 3.043350694444444532e-02 1.311941681712962904e+01 3.704398148148148068e-03 6.944444444444443983e-08 3.712256944444444241e-03 6.878286342592592195e-01 1.797812499999999931e-03 8.027581018518518963e-03 9.303703703703702921e-03
5.787037037037037094e-08 9.259259259259259085e-08 6.944444444444443983e-08 9.259259259259259085e-08 8.101851851851851534e-08 8.101851851851851534e-08 4.629629629629629543e-08 6.944444444444443983e-08 4.282407407407407542e-07 4.629629629629629543e-08 4.629629629629629543e-08 3.472222222222221992e-08 5.787037037037037094e-08 5.787037037037037094e-08 3.472222222222221992e-08 3.472222222222221992e-08 3.472222222222221992e-08 5.787037037037037094e-08 3.472222222222221992e-08 3.472222222222221992e-08 3.472222222222221992e-08 3.472222222222221992e-08 3.472222222222221992e-08 6.944444444444443983e-08 3.472222222222221992e-08 5.787037037037037094e-08 3.472222222222221992e-08 4.629629629629629543e-08 3.472222222222221992e-08 3.472222222222221992e-08 3.472222222222221992e-08 2.314814814814814771e-08 3.472222222222221992e-08 5.787037037037037094e-08 3.472222222222221992e-08 3.472222222222221992e-08 3.472222222222221992e-08 6.944444444444443983e-08 1.273148148148148174e-07 3.472222222222221992e-08 6.365740740740740340e-07 3.703703703703703634e-07 4.629629629629629543e-08 6.944444444444443983e-08 4.629629629629629543e-08 4.629629629629629543e-08 5.787037037037037094e-08 5.787037037037036961e-07 1.041666666666666664e-07 3.472222222222221992e-08 3.472222222222221992e-08 4.629629629629629543e-08 2.314814814814814771e-08 1.273148148148148174e-07 3.472222222222221992e-08 3.472222222222221992e-08 2.314814814814814771e-08 8.101851851851851534e-08 3.472222222222221992e-08 3.472222222222221992e-08 3.472222222222221992e-08 3.472222222222221992e-08 2.314814814814814771e-08 3.472222222222221992e-08 3.472222222222221992e-08 3.472222222222221992e-08 5.787037037037037094e-08 3.472222222222221992e-08 2.314814814814814771e-08 4.629629629629629543e-08 3.472222222222221992e-08 4.629629629629629543e-08 4.629629629629629543e-08 5.787037037037037094e-08 1.041666666666666664e-07 1.041666666666666664e-07 3.472222222222221992e-08 3.472222222222221992e-08 3.472222222222221992e-08 2.314814814814814771e-08 5.787037037037037094e-08 3.472222222222221992e-08 3.472222222222221992e-08 4.629629629629629543e-08 3.472222222222221992e-08 3.472222222222221992e-08 2.314814814814814771e-08 1.388888888888888797e-07 6.944444444444443983e-08 9.259259259259259085e-08 1.736111111111111194e-07 9.259259259259259085e-08 3.472222222222221992e-08 3.472222222222221992e-08 5.787037037037037094e-08 1.157407407407407419e-07 3.472222222222221992e-08 4.629629629629629543e-08 3.472222222222221992e-08 3.472222222222221992e-08 4.629629629629629543e-08 4.629629629629629543e-08 3.472222222222221992e-08 4.629629629629629543e-08 3.472222222222221992e-08 2.314814814814814771e-08 4.629629629629629543e-08 3.472222222222221992e-08 2.314814814814814771e-08 3.472222222222221992e-08 3.472222222222221992e-08 6.944444444444443983e-08 9.259259259259259085e-08 3.472222222222221992e-08 3.472222222222221992e-08 5.787037037037037094e-08 2.314814814814814771e-08 1.412037037037037133e-06 5.787037037037037094e-08 5.787037037037036961e-07 4.629629629629629543e-08 7.407407407407407268e-07 4.513888888888888788e-07 5.787037037037037094e-08 3.472222222222221992e-08 3.472222222222221992e-08 9.259259259259259085e-08 1.157407407407407419e-07 5.787037037037036961e-07 9.259259259259259085e-08 1.192129629629629659e-06 3.819444444444444522e-07 4.629629629629629543e-08 3.472222222222221992e-08 2.662037037037037235e-07 1.314085648148148209e-03 3.472222222222221992e-08 2.662037037037037235e-07 2.777777777777777593e-07 3.472222222222221992e-08 3.472222222222221992e-08 2.662037037037037235e-07 2.893518518518518481e-07 3.240740740740740614e-07 4.629629629629629543e-08 3.472222222222221992e-08 2.777777777777777593e-07 2.314814814814814771e-08 3.240740740740740614e-07 4.629629629629629543e-08 1.720117708333333273e-01 1.226851851851851925e-06 2.777777777777777593e-07
4.629629629629629543e-08 9.259259259259259085e-08 2.430555555555555460e-07 5.787037037037037094e-08 3.472222222222221992e-08 3.472222222222221992e-08 6.944444444444443983e-08 3.472222222222221992e-08 3.935185185185185409e-07 2.314814814814814771e-08 1.157407407407407419e-07 4.629629629629629543e-08 3.472222222222221992e-08 3.472222222222221992e-08 3.472222222222221992e-08 3.472222222222221992e-08 2.314814814814814771e-08 2.314814814814814771e-08 2.314814814814814771e-08 3.472222222222221992e-08 2.314814814814814771e-08 3.472222222222221992e-08 3.472222222222221992e-08 1.273148148148148174e-07 2.314814814814814771e-08 4.629629629629629543e-08 2.314814814814814771e-08 3.472222222222221992e-08 2.314814814814814771e-08 2.314814814814814771e-08 2.314814814814814771e-08 2.314814814814814771e-08 2.314814814814814771e-08 5.787037037037037094e-08 2.314814814814814771e-08 2.314814814814814771e-08 3.472222222222221992e-08 3.472222222222221992e-08 9.259259259259259085e-08 3.472222222222221992e-08 1.041666666666666664e-07 8.101851851851851534e-08 2.314814814814814771e-08 4.629629629629629543e-08 3.472222222222221992e-08 8.101851851851851534e-08 4.629629629629629543e-08 1.273148148148148174e-07 4.629629629629629543e-08 3.472222222222221992e-08 3.472222222222221992e-08 3.472222222222221992e-08 3.472222222222221992e-08 3.472222222222221992e-08 2.314814814814814771e-08 2.314814814814814771e-08 2.314814814814814771e-08 3.472222222222221992e-08 2.314814814814814771e-08 2.314814814814814771e-08 2.314814814814814771e-08 2.314814814814814771e-08 4.629629629629629543e-08 2.314814814814814771e-08 2.314814814814814771e-08 2.314814814814814771e-08 2.314814814814814771e-08 2.314814814814814771e-08 3.472222222222221992e-08 3.472222222222221992e-08 2.314814814814814771e-08 2.314814814814814771e-08 3.472222222222221992e-08 3.472222222222221992e-08 4.629629629629629543e-08 2.314814814814814771e-08 2.314814814814814771e-08 2.314814814814814771e-08 2.314814814814814771e-08 3.472222222222221992e-08 2.314814814814814771e-08 8.101851851851851534e-08 3.472222222222221992e-08 2.314814814814814771e-08 3.472222222222221992e-08 3.472222222222221992e-08 2.314814814814814771e-08 5.787037037037037094e-08 4.629629629629629543e-08 3.472222222222221992e-08 2.893518518518518481e-07 3.472222222222221992e-08 2.314814814814814771e-08 2.314814814814814771e-08 2.314814814814814771e-08 4.629629629629629543e-08 2.314814814814814771e-08 2.314814814814814771e-08 2.314814814814814771e-08 3.472222222222221992e-08 3.472222222222221992e-08 2.314814814814814771e-08 3.472222222222221992e-08 2.314814814814814771e-08 2.314814814814814771e-08 2.314814814814814771e-08 3.472222222222221992e-08 4.629629629629629543e-08 2.314814814814814771e-08 2.314814814814814771e-08 3.472222222222221992e-08 4.629629629629629543e-08 1.388888888888888797e-07 1.041666666666666664e-07 3.472222222222221992e-08 5.787037037037037094e-08 1.273148148148148174e-07 2.893518518518518481e-07 3.472222222222221992e-08 2.430555555555555460e-07 3.472222222222221992e-08 1.504629629629629684e-07 2.083333333333333327e-07 4.629629629629629543e-08 3.472222222222221992e-08 3.472222222222221992e-08 4.629629629629629543e-08 6.944444444444443983e-08 1.157407407407407419e-07 5.787037037037037094e-08 2.083333333333333327e-07 1.504629629629629684e-07 4.629629629629629543e-08 3.472222222222221992e-08 9.259259259259259085e-08 3.472222222222222389e-07 3.472222222222221992e-08 9.259259259259259085e-08 9.259259259259259085e-08 2.314814814814814771e-08 4.629629629629629543e-08 9.259259259259259085e-08 9.259259259259259085e-08 8.101851851851851534e-08 2.314814814814814771e-08 2.314814814814814771e-08 1.041666666666666664e-07 1.041666666666666664e-07 4.513888888888888788e-07 3.472222222222221992e-08 1.257832175925925958e-02 2.199074074074073950e-07 9.259259259259259085e-08
