0.000000000000000000e+00 0.000000000000000000e+00 0.000000000000000000e+00 0.000000000000000000e+00 0.000000000000000000e+00 0.000000000000000000e+00 0.000000000000000000e+00 0.000000000000000000e+00 0.000000000000000000e+00 0.000000000000000000e+00 0.000000000000000000e+00 0.000000000000000000e+00 0.000000000000000000e+00 0.000000000000000000e+00 0.000000000000000000e+00 0.000000000000000000e+00 0.000000000000000000e+00 0.000000000000000000e+00 0.000000000000000000e+00 0.000000000000000000e+00 0.000000000000000000e+00 0.000000000000000000e+00 0.000000000000000000e+00 0.000000000000000000e+00 0.000000000000000000e+00 0.000000000000000000e+00 0.000000000000000000e+00 0.000000000000000000e+00 0.000000000000000000e+00 0.000000000000000000e+00 0.000000000000000000e+00 0.000000000000000000e+00 0.000000000000000000e+00 0.000000000000000000e+00 0.000000000000000000e+00 0.000000000000000000e+00 0.000000000000000000e+00 0.000000000000000000e+00 0.000000000000000000e+00 0.000000000000000000e+00 0.000000000000000000e+00 0.000000000000000000e+00 0.000000000000000000e+00 0.000000000000000000e+00 0.000000000000000000e+00 0.000000000000000000e+00 0.000000000000000000e+00 0.000000000000000000e+00 0.000000000000000000e+00 0.000000000000000000e+00 0.000000000000000000e+00 0.000000000000000000e+00 0.000000000000000000e+00 0.000000000000000000e+00 0.000000000000000000e+00 0.000000000000000000e+00 0.000000000000000000e+00 0.000000000000000000e+00 0.000000000000000000e+00 0.000000000000000000e+00 0.000000000000000000e+00 0.000000000000000000e+00 0.000000000000000000e+00 0.000000000000000000e+00 0.000000000000000000e+00 0.000000000000000000e+00 0.000000000000000000e+00 0.000000000000000000e+00 0.000000000000000000e+00 0.000000000000000000e+00 0.000000000000000000e+00 0.000000000000000000e+00 0.000000000000000000e+00 0.000000000000000000e+00 0.000000000000000000e+00 0.000000000000000000e+00 0.000000000000000000e+00 0.000000000000000000e+00 0.000000000000000000e+00 0.000000000000000000e+00 0.000000000000000000e+00 0.000000000000000000e+00 0.000000000000000000e+00 0.000000000000000000e+00 0.000000000000000000e+00 0.000000000000000000e+00 0.000000000000000000e+00 0.000000000000000000e+00 0.000000000000000000e+00 0.000000000000000000e+00 0.000000000000000000e+00 0.000000000000000000e+00 0.000000000000000000e+00 0.000000000000000000e+00 0.000000000000000000e+00 0.000000000000000000e+00 0.000000000000000000e+00
4.976851851851851808e-07 2.685185185185185201e-06 7.407407407407407268e-07 4.398148148148147900e-07 6.597222222222222115e-07 4.745370370370370562e-07 1.388888888888888955e-06 5.439814814814814299e-07 4.513888888888888788e-07 6.481481481481481227e-07 5.092592592592592695e-07 6.365740740740740340e-07 5.439814814814814299e-07 5.092592592592592695e-07 4.745370370370370562e-07 6.250000000000000511e-07 1.030092592592592628e-06 1.550925925925925986e-06 6.828703703703703890e-07 5.092592592592592695e-07 9.490740740740741125e-07 1.230324074074074151e-05 1.018518518518518539e-06 8.321759259259260067e-06 4.398148148148147900e-07 9.155092592592592763e-06 5.787037037037036961e-07 7.638888888888889043e-07 4.629629629629629543e-08 8.912037037037036688e-07 4.050925925925925767e-07 3.935185185185185409e-07 3.935185185185185409e-07 7.407407407407407268e-07 9.259259259259259350e-07 1.157407407407407419e-07 4.629629629629629543e-08 3.472222222222221992e-08 4.513888888888888788e-07 8.784722222222221923e-06 5.208333333333333583e-07 4.629629629629629543e-08 5.787037037037036961e-07 5.671296296296296074e-07 6.944444444444443983e-08 8.101851851851851534e-08 9.490740740740741125e-07 2.314814814814814771e-08 2.314814814814814771e-08 6.712962962962963002e-07 2.314814814814814771e-08 1.261574074074073979e-06 6.828703703703703890e-07 1.875000000000000048e-06 6.365740740740740340e-07 5.902777777777777849e-07 5.208333333333333583e-07 1.612268518518518656e-05 5.324074074074074470e-07 5.324074074074074470e-07 1.493055555555555542e-06 5.671296296296296074e-07 1.134259259259259215e-06 5.787037037037036961e-07 1.817129629629629604e-06 6.250000000000000511e-07 5.555555555555555187e-07 4.976851851851851808e-07 6.018518518518518736e-07 4.398148148148147900e-07 6.828703703703703890e-07 6.018518518518518736e-07 5.092592592592592695e-07 5.092592592592592695e-07 6.944444444444443983e-08 5.671296296296296074e-07 1.273148148148148174e-07 5.208333333333333583e-07 1.168981481481481481e-06 3.703703703703703634e-07 4.398148148148147900e-07 4.050925925925925767e-07 4.513888888888888788e-07 1.028935185185185261e-05 7.858796296296296518e-06 9.259259259259259138e-06 9.351851851851851848e-06 9.120370370370370073e-06 1.274305555555555604e-05 1.472222222222222225e-05 1.287037037037036974e-05 1.322916666666666692e-05 2.314814814814814771e-08 1.331018518518518596e-05 1.188657407407407432e-05 1.343749999999999967e-05 1.251157407407407426e-05
4.305555555555555931e-06 8.749999999999999233e-06 8.773148148148148258e-06 2.002314814814814812e-06 2.650462962962962935e-06 2.106481481481481611e-06 6.539351851851852095e-06 6.446759259259259385e-06 2.199074074074073897e-06 6.400462962962963030e-06 4.513888888888888682e-06 2.777777777777777911e-06 2.650462962962962935e-06 4.305555555555555931e-06 3.842592592592592381e-06 3.090277777777777884e-06 2.604166666666666580e-06 6.956018518518518442e-06 4.583333333333333214e-06 2.118055555555555699e-06 7.951388888888889228e-06 1.956018518518518457e-06 5.775462962962963084e-06 1.712962962962963017e-06 2.210648148148147986e-06 1.539351851851851897e-06 6.168981481481481255e-06 4.641203703703704081e-06 3.009259259259259368e-07 5.057870370370370429e-06 3.622685185185185119e-06 4.618055555555555904e-06 2.696759259259259290e-06 6.215277777777777610e-06 4.687499999999999589e-06 3.472222222222221992e-08 1.273148148148148174e-07 6.944444444444443983e-08 2.094907407407407522e-06 2.696759259259259290e-06 2.835648148148148355e-06 1.620370370370370307e-07 4.606481481481481392e-06 4.374999999999999617e-06 2.430555555555555460e-07 1.041666666666666664e-07 5.833333333333333105e-06 8.101851851851851534e-08 6.944444444444443983e-08 7.025462962962962975e-06 6.944444444444443983e-08 6.828703703703703890e-06 2.141203703703703877e-06 5.844907407407407617e-06 2.199074074074073897e-06 2.870370370370370197e-06 5.127314814814814962e-06 9.791666666666666374e-06 4.814814814814814989e-06 5.324074074074074047e-06 7.349537037037037460e-06 9.317129629629629159e-06 8.136574074074074648e-06 4.629629629629629569e-06 6.585648148148148450e-06 1.221064814814814880e-05 2.824074074074074266e-06 4.085648148148147822e-06 4.768518518518518634e-06 1.956018518518518457e-06 2.569444444444444313e-06 2.592592592592592491e-06 3.993055555555555959e-06 4.201388888888888709e-06 9.259259259259259085e-08 4.780092592592592299e-06 1.157407407407407419e-07 3.819444444444444204e-06 5.949074074074073992e-06 1.840277777777777781e-06 3.043981481481481529e-06 1.875000000000000048e-06 3.125000000000000150e-06 3.298611111111111057e-06 2.407407407407407495e-06 1.608796296296296218e-06 3.240740740740740614e-06 3.703703703703703740e-06 4.675925925925925924e-06 4.074074074074074156e-06 4.016203703703703289e-06 3.564814814814814675e-06 6.944444444444443983e-08 2.210648148148147986e-06 3.055555555555555617e-06 2.511574074074073870e-06 2.523148148148147958e-06
8.221759259259259602e-04 1.110833333333333247e-03 1.031481481481481529e-03 8.979166666666666546e-04 9.555671296296296699e-04 7.856134259259259321e-04 7.927893518518518146e-04 6.328240740740740614e-04 4.529629629629629544e-04 9.121527777777777880e-04 1.116006944444444425e-03 8.928125000000000514e-04 7.689930555555555321e-04 6.596180555555555434e-04 5.719791666666667078e-04 1.007395833333333234e-03 8.096990740740741188e-04 1.530706018518518483e-03 8.297569444444444870e-04 7.529166666666667080e-04 7.532638888888889281e-04 6.906250000000000496e-04 1.166655555555555501e-01 7.927006944444443814e-02 1.842759259259259264e-02 1.611234953703703787e-02 9.431365740740741029e-04 8.557407407407407888e-04 9.259259259259259085e-08 4.935069444444444182e-04 6.079398148148148443e-04 8.281365740740741265e-04 1.143564814814814921e-03 1.546736111111111141e-03 9.656481481481480949e-04 2.314814814814814771e-08 3.472222222222221992e-08 3.472222222222221992e-08 7.668981481481481699e-04 4.897800925925925456e-04 3.905787037037036931e-04 3.472222222222221992e-08 4.945370370370370371e-04 4.858564814814814799e-04 5.787037037037037094e-08 3.472222222222221992e-08 5.366319444444443958e-04 2.314814814814814771e-08 2.314814814814814771e-08 5.323263888888889314e-04 3.472222222222221992e-08 4.096180555555555382e-04 7.264004629629629804e-04 7.678905092592593074e-02 9.765393518518518086e-04 9.701620370370370649e-04 9.725115740740740986e-04 5.115393518518518900e-04 5.089004629629629520e-04 1.000289351851851817e-03 9.166319444444444168e-04 9.593634259259258999e-04 8.094328703703704058e-04 9.820023148148148903e-04 1.033726851851851864e-03 9.782754629629629092e-04 8.346412037037036517e-04 9.152430555555555363e-04 4.250704861111111177e-02 7.499884259259259741e-04 9.141550925925926016e-04 6.315972222222221953e-04 4.514497800925925675e-01 9.805139814814815002e-01 3.472222222222221992e-08 4.011111111111111127e-03 5.787037037037037094e-08 6.413535879629629621e-02 8.259490740740741072e-04 8.191203703703703364e-04 5.265393518518518209e-04 9.544097222222222695e-04 2.723148148148148043e-04 4.430196759259259591e-03 6.119791666666667043e-04 7.836204629629629492e-01 8.775115740740740662e-04 8.034490740740740482e-04 7.792361111111110799e-04 9.149074074074073576e-04 6.043749999999999860e-04 9.829282407407408106e-04 2.314814814814814771e-08 3.966898148148148323e-04 4.572453703703703901e-04 5.631828703703703563e-04 8.504629629629629128e-04
1.041666666666666664e-07 3.703703703703703634e-07 1.157407407407407419e-07 1.388888888888888797e-07 5.208333333333333583e-07 9.259259259259259085e-08 9.259259259259259085e-08 2.083333333333333327e-07 1.967592592592592705e-07 1.273148148148148174e-07 9.259259259259259085e-08 1.620370370370370307e-07 1.620370370370370307e-07 1.504629629629629684e-07 4.629629629629629675e-07 9.259259259259259085e-08 1.041666666666666664e-07 1.041666666666666664e-07 8.101851851851851534e-08 2.777777777777777593e-07 1.099537037037036949e-06 8.101851851851851534e-08 7.937037037037036934e-04 2.024074074074074133e-04 5.239351851851852242e-04 1.538310185185185310e-04 8.101851851851851534e-08 8.938657407407407532e-04 3.876157407407407264e-04 3.587962962962962747e-07 9.259259259259259085e-08 9.259259259259259085e-08 1.041666666666666664e-07 9.259259259259259085e-08 9.259259259259259085e-08 2.372037037037037083e-03 3.665625000000000263e-04 1.245162037037037027e-03 9.259259259259259085e-08 1.041666666666666664e-07 1.851851851851851817e-07 2.908680555555555520e-04 1.041666666666666664e-07 1.041666666666666664e-07 1.177395833333333246e-03 1.683333333333333231e-04 3.009259259259259368e-07 2.544456018518518377e-03 2.244791666666666637e-04 1.041666666666666664e-07 1.395960648148148126e-03 2.662037037037037235e-07 9.259259259259259085e-08 1.532048611111111198e-03 9.259259259259259085e-08 1.041666666666666664e-07 2.199074074074073950e-07 3.472222222222222389e-07 1.157407407407407419e-07 2.199074074074073950e-07 9.259259259259259085e-08 2.893518518518518481e-07 1.620370370370370307e-07 1.273148148148148174e-07 1.041666666666666664e-07 2.777777777777777593e-07 9.259259259259259085e-08 8.101851851851851534e-08 3.232870370370370216e-04 1.388888888888888797e-07 8.101851851851851534e-08 1.967592592592592705e-07 8.961805555555555540e-04 5.718055555555555435e-04 1.512812500000000051e-03 2.314398148148148326e-03 9.895601851851851174e-04 5.949884259259258928e-04 4.166666666666666655e-07 8.101851851851851534e-08 6.944444444444443983e-08 8.101851851851851534e-08 6.944444444444443983e-08 6.555439814814814506e-04 8.101851851851851534e-08 4.470370370370370210e-04 8.101851851851851534e-08 9.259259259259259085e-08 6.944444444444443983e-08 2.430555555555555460e-07 1.041666666666666664e-07 6.944444444444443983e-08 6.781481481481480998e-04 9.259259259259259085e-08 9.259259259259259085e-08 9.259259259259259085e-08 8.101851851851851534e-08
8.101851851851851534e-08 8.101851851851851534e-08 9.259259259259259085e-08 6.944444444444443983e-08 1.967592592592592705e-07 6.944444444444443983e-08 6.944444444444443983e-08 1.157407407407407419e-07 1.157407407407407419e-07 1.157407407407407419e-07 5.787037037037037094e-08 6.944444444444443983e-08 9.259259259259259085e-08 5.787037037037037094e-08 6.944444444444443983e-08 8.101851851851851534e-08 5.787037037037037094e-08 6.944444444444443983e-08 5.787037037037037094e-08 8.101851851851851534e-08 3.240740740740740614e-07 4.629629629629629543e-08 1.157407407407407419e-07 1.157407407407407419e-07 1.041666666666666664e-07 5.787037037037037094e-08 6.944444444444443983e-08 4.513888888888888788e-07 2.554710300925925881e-01 1.504629629629629684e-07 4.629629629629629543e-08 4.629629629629629543e-08 6.944444444444443983e-08 6.944444444444443983e-08 4.629629629629629543e-08 4.534259259259259579e-03 3.535763888888888962e-04 4.084456481481481549e-01 6.944444444444443983e-08 4.629629629629629543e-08 8.101851851851851534e-08 6.443787037037036758e-02 8.101851851851851534e-08 5.787037037037037094e-08 5.706192129629629635e-03 1.196370706018518471e+00 2.314814814814814838e-07 3.589209490740740555e-02 9.107298032407407096e-01 4.629629629629629543e-08 7.743343287037036671e-01 4.629629629629629543e-08 4.629629629629629543e-08 1.041666666666666664e-07 6.944444444444443983e-08 6.944444444444443983e-08 1.041666666666666664e-07 5.787037037037037094e-08 4.629629629629629543e-08 2.199074074074073950e-07 5.787037037037037094e-08 5.787037037037037094e-08 1.388888888888888797e-07 5.787037037037037094e-08 4.629629629629629543e-08 8.101851851851851534e-08 5.787037037037037094e-08 5.787037037037037094e-08 2.893518518518518481e-07 6.944444444444443983e-08 6.944444444444443983e-08 4.629629629629629543e-08 8.101851851851851534e-08 9.259259259259259085e-08 1.284377766203703697e+00 8.101851851851851534e-08 2.693252314814814988e-03 6.944444444444443983e-08 1.041666666666666664e-07 4.629629629629629543e-08 3.472222222222221992e-08 4.629629629629629543e-08 4.629629629629629543e-08 1.157407407407407419e-07 4.629629629629629543e-08 5.787037037037037094e-08 3.472222222222221992e-08 5.787037037037037094e-08 3.472222222222221992e-08 5.787037037037037094e-08 4.629629629629629543e-08 4.629629629629629543e-08 9.295667939814814540e-01 6.944444444444443983e-08 3.472222222222221992e-08 6.944444444444443983e-08 4.629629629629629543e-08
9.172489699074074521e-01 9.504751157407406725e-02 1.178308020833333414e+00 8.572229398148147883e-01 1.195826585648148255e+00 1.582982835648148123e+00 4.382639236111111058e-01 7.761163773148148648e-01 1.440694444444444444e-02 3.820231481481481395e-02 2.749084490740740794e-01 1.907149027777777839e+00 1.784183900462962935e+00 9.543965046296296606e-01 1.673922939814814770e+00 1.818132037037037074e+00 9.914923611111110813e-02 1.959760833333333396e+00 8.953357291666667050e-01 1.023519583333333260e+00 1.261290219907407417e+00 2.121733796296296215e-02 4.629629629629629543e-08 1.041666666666666664e-07 2.314814814814814771e-08 2.314814814814814771e-08 1.680646273148148184e+00 2.314814814814814771e-08 8.767592592592593102e-04 6.541642361111110748e-02 2.983094305555555437e+00 9.270255324074073711e-01 1.793287546296296275e+00 1.610560706018518529e+00 1.074189629629629605e+00 1.509259259259259309e-05 1.010321724537037058e+00 5.015046296296296174e-05 1.072673888888888927e+00 1.623170138888888753e-02 1.563809027777777680e-02 1.413958333333333256e-03 2.109742557870370572e+00 7.579783796296296616e-01 1.137512835648148091e+00 1.362511574074074146e-03 5.609023611111111363e-01 1.593437500000000019e-03 1.087199074074073979e-03 9.190665972222221702e-01 2.155578703703703823e-03 6.700001273148148417e-01 2.803851122685184993e+00 2.314814814814814771e-08 1.369200648148148236e+00 2.025497719907407568e+00 1.740105868055555449e+00 1.208388530092592505e+00 5.186030092592592775e-03 7.704936921296295926e-01 3.759600289351851643e+00 2.972127754629629415e+00 2.867319618055555352e+00 1.806332337962962997e+00 1.811671400462963044e+00 2.033697002314814650e+00 2.536743518518518314e-01 8.281537962962962629e-01 1.388888888888888797e-07 2.033436979166666880e+00 1.821920381944444500e+00 3.828048657407407518e+00 3.472222222222221992e-08 3.472222222222221992e-08 9.847106481481481856e-04 3.472222222222221992e-08 8.668981481481481883e-06 1.157407407407407386e-08 1.189937743055555552e+00 9.137518865740740237e-01 2.408884027777777881e-01 1.297899768518518404e-01 4.109343750000000323e-02 1.157407407407407386e-08 6.894671527777778142e-01 1.157407407407407386e-08 6.998289814814814269e-01 1.444852418981481534e+00 7.529469328703704001e-01 1.235252951388888798e+00 9.502862037037037579e-01 1.992304328703703664e+00 5.683912037037036581e-04 1.068518425925925941e+00 1.692702013888888857e+00 9.279677083333333076e-01 3.751200231481481573e-02
3.176898148148148311e-03 9.710648148148147668e-05 2.136354166666666610e-03 1.886076388888888958e-03 1.356585648148148212e-03 2.295960648148148101e-03 8.097222222222222830e-05 1.346006944444444377e-03 6.495370370370370642e-05 2.518865740740740787e-04 1.333246527777777815e-02 3.830370370370370266e-03 2.994733796296296120e-03 1.790798611111111063e-03 2.836793981481481371e-03 3.459699074074074239e-03 8.676157407407407386e-04 1.600254629629629640e-03 5.102511574074074414e-03 1.782638888888888945e-03 7.812500000000000163e-05 1.799884259259259319e-03 9.259259259259259085e-08 3.472222222222221992e-08 3.472222222222221992e-08 2.314814814814814771e-08 1.259641203703703791e-03 4.629629629629629543e-08 9.530300925925926439e-03 2.702916666666666835e-03 6.152777777777777412e-04 3.288217592592592581e-03 2.965773611111111041e-01 6.275925925925925682e-04 6.514502314814814982e-03 1.567129629629629634e-04 8.711805555555555969e-04 2.822585648148148024e-02 5.485925925925926212e-03 8.622800925925926119e-03 4.047152777777777988e-03 1.803428125000000048e-01 1.123263888888888869e-04 1.719305555555555517e-03 6.529282407407407040e-04 1.869484143518518604e-01 2.588645833333333424e-03 7.809027777777778232e-05 1.502314814814814771e-05 3.914872685185185296e-03 1.645226851851851885e-02 1.625185185185185240e-03 2.061597222222222043e-03 4.629629629629629543e-08 2.873958333333333508e-04 7.161678240740741025e-03 1.144537037037037007e-03 1.991585648148148143e-03 2.358715277777777720e-03 4.672361111111111506e-03 3.550520833333333480e-03 1.777106481481481506e-03 1.668506944444444464e-03 5.456759259259259288e-03 5.017893518518518753e-03 1.988437500000000187e-03 3.049560185185185100e-03 2.056342592592592684e-03 1.388888888888888797e-07 7.895833333333333263e-04 2.034131944444444312e-03 1.707164351851851855e-03 3.472222222222221992e-08 9.259259259259259085e-08 2.917499999999999954e-03 4.629629629629629543e-08 1.068287037037037078e-04 4.629629629629629543e-08 1.198414351851851767e-03 1.134259259259259335e-03 1.733402777777777719e-03 4.295138888888888786e-05 7.696064814814814652e-04 3.472222222222221992e-08 1.637627314814814848e-03 3.472222222222221992e-08 8.107361111111110324e-03 4.349918981481481518e-03 9.580208333333332937e-04 2.755729166666666743e-03 2.600925925925925801e-04 8.896064814814814547e-04 1.110914351851851863e-03 4.801168981481481780e-03 1.596562500000000108e-03 8.186921296296296091e-04 3.711805555555555431e-03
3.338317129629629898e-01 1.996377314814814976e-03 2.171706909722222356e+00 5.985829861111111039e-02 4.146123425925925865e+00 2.524322916666666416e-01 1.981378587962963067e-01 1.193879791666666579e+00 2.918981481481481370e-05 6.804255902777778253e-01 2.255254629629629623e-03 1.056525462962962930e-02 8.704398148148147739e-04 5.108583333333333032e-02 3.588090277777777719e-03 1.901284722222222178e-03 3.108417824074074035e-02 1.159505555555555567e-01 1.744537037037037063e-03 2.701620370370370178e-04 1.147686805555555578e-01 1.429017361111111113e-02 2.013194444444444515e-04 3.070601851851851975e-05 1.699074074074074026e-05 1.162847222222222261e-04 3.885879629629629753e-04 6.015046296296296086e-05 6.509722222222222732e-04 1.126186342592592517e-02 5.236844907407407074e-02 1.592592592592592579e-05 5.787037037037037094e-08 1.909074074074074145e-02 5.259409722222222611e-03 3.587962962962962747e-07 1.054320601851851807e-01 2.537673611111111206e-03 2.133819444444444262e-03 9.376504629629629382e-04 4.253587962962963355e-03 9.864236111111110948e-04 9.238703703703703835e-03 1.506944444444444407e-05 9.502685879629629850e-01 7.493287037037036583e-04 5.482687268518519064e-01 9.510416666666666314e-05 1.719097222222222229e-04 1.541921296296296226e-03 3.010486111111110915e-03 2.998053298611111028e+00 9.063013425925925404e-01 8.002314814814814371e-05 5.368434953703703494e-01 1.037592592592592559e-02 9.540092592592593068e-03 2.071759259259259260e-05 1.599537037037037117e-05 2.675960648148148231e-03 9.196277777777778217e-01 5.886134259259259358e-03 8.718648958333333754e-01 9.728240740740740859e-04 4.247777777777777403e-03 1.637268518518518587e-04 1.491273148148148254e-03 9.229745370370370360e-04 3.974537037037037247e-05 1.971414328703703811e+00 1.089459375000000063e-01 8.148148148148148313e-06 3.140046296296295999e-05 2.415046296296296266e-04 8.946643518518518920e-04 1.428888888888888830e-03 5.324074074074074470e-07 3.033564814814814891e-05 7.955929745370370343e-01 1.927026249999999941e+00 7.337962962962962948e-06 6.967698148148148141e-01 2.327893518518518636e-04 2.045138888888888983e-05 3.292294560185185404e+00 2.769675925925925837e-05 6.378368055555555527e-03 1.277048611111111179e-03 1.146510763888888840e-01 1.902399305555555614e-02 5.730640046296296003e-02 2.953426192129629424e+00 1.477280092592592534e-03 1.128402777777777867e-03 2.028761759259259279e+00 5.283564814814814694e-05 4.646412037037037437e-03
4.405034722222222511e-03 7.326956018518518236e-03 5.515671296296296294e-03 4.678680555555555717e-03 1.960532407407407363e-03 7.995138888888888868e-04 1.462986111111111084e-03 6.614004629629629184e-04 3.541087962962962896e-03 1.388278935185185102e-02 1.574074074074074037e-05 1.995370370370370359e-05 2.632916666666666652e-03 9.511608796296295784e-03 1.556712962962963031e-05 1.986111111111111088e-05 2.455300925925925880e-03 2.406747685185185379e-03 1.668981481481481480e-05 6.840277777777777555e-06 1.558680555555555503e-04 5.778935185185184913e-04 2.042429155092592374e+00 1.329526388888888855e+00 7.316324421296296343e-01 2.513218298611111123e+00 2.470300925925926136e-03 1.086409780092592703e+00 1.489583333333333400e-05 2.438657407407407614e-03 1.173425925925925851e-03 1.413483796296296363e-03 4.196051851851851922e-01 1.756921296296296356e-03 1.942129629629629466e-05 1.620370370370370307e-07 1.517361111111111044e-05 1.893807870370370350e-03 1.739583333333333379e-05 1.493055555555555500e-05 1.619212962962962856e-05 1.444444444444444412e-05 5.169930555555555217e-03 2.288495370370370423e-03 2.762037037037036913e-04 1.762731481481481387e-05 2.185740740740740699e-03 7.544304745370370435e-01 1.736111111111111194e-07 1.431712962962963041e-05 1.534722222222222220e-05 1.309768518518518486e-03 5.189016203703703499e-03 1.748239583333333416e-02 6.839826388888889212e-03 1.496527777777777769e-05 6.258229166666666281e-03 1.435879629629629561e-04 2.576967592592592721e-04 2.636574074074074113e-05 1.882488148148148133e+00 1.487268518518518498e-05 1.003194444444444359e-03 1.962962962962963080e-05 1.665509259259259211e-05 1.293715277777777745e-03 6.793981481481481200e-06 9.629629629629629978e-06 1.117979942129629700e+00 1.591851851851851891e-03 2.288935185185185083e-03 9.984953703703703190e-05 2.217371666666666741e+00 9.226464004629629789e-01 7.916666666666666538e-06 2.080482534722222443e+00 1.157407407407407419e-07 2.941962534722222244e+00 4.049085648148148010e-03 2.288182870370370544e-03 9.994212962962963477e-05 3.245451388888888865e-03 1.843101851851851845e-03 9.123153356481481513e-01 1.365416666666666688e-03 4.153136574074074022e-02 7.037037037037036640e-06 3.839079513888888906e-01 9.268287037037036902e-04 3.902488425925926003e-03 2.991828703703703577e-03 2.055254629629629532e-03 1.754780092592592503e-03 7.361111111111111125e-06 1.742546296296296291e-03 1.988310185185185135e-04 7.199074074074073883e-06
1.324212962962963017e-03 7.037013888888888659e-03 1.430381944444444409e-03 2.371944444444444317e-03 1.584490740740740843e-05 1.365740740740740778e-05 2.034041053240740915e+00 3.065331863425925896e+00 1.119629629629629707e-03 7.889525462962962768e-03 2.803703703703703653e-03 2.600578703703703472e-04 2.192256944444444591e-03 1.398418981481481561e-02 2.464930555555555711e-04 1.273379629629629677e-04 1.583333333333333308e-05 1.780092592592592732e-05 6.975347222222222192e-04 1.273958333333333377e-04 4.615046296296296344e-04 3.678460648148148149e-03 5.444780092592592206e-03 4.214895833333333515e-03 4.493252314814814505e-03 4.398923611111111263e-03 7.556481481481481946e-04 3.707731481481481555e-03 1.326736111111111052e-04 5.593865740740740396e-03 1.074381956018518602e+00 1.736111111111111194e-07 5.126851851851852056e-03 1.488425925925925865e-05 1.835416666666666783e-04 5.787037037037037094e-08 2.691550925925925903e-04 1.488425925925925865e-05 1.856527777777777690e-03 1.949675925925925882e-03 1.319641203703703731e-03 4.244791666666666461e-04 3.140439814814814656e-03 2.430555555555555460e-07 6.191205451388889003e+00 1.617361111111111137e-04 4.174267361111111407e-02 1.612523148148148084e-03 9.259259259259259085e-08 5.088425925925926362e-04 3.977129629629629938e-03 2.182846064814814718e-02 1.832175925925926089e-05 3.080185185185185370e-03 5.282974537037037413e-03 1.663043981481481491e-03 2.918067129629629830e-03 9.606481481481480954e-07 1.736111111111111194e-07 1.386736111111111155e-03 2.646990740740740581e-05 1.511226851851851815e-04 1.686342592592592486e-05 3.289583333333333378e-04 6.843055555555555133e-04 1.636326273148148158e-01 1.536689814814814895e-04 7.262847222222222404e-04 8.681712962962962474e-04 9.074074074074073718e-06 8.425925925925926443e-06 1.620370370370370307e-07 4.016087962962962840e-04 1.399317129629629695e-03 1.056712962962962939e-04 2.173981481481481598e-03 3.472222222222221992e-08 9.610451388888888863e-03 9.201388888888889118e-06 6.354166666666666675e-06 1.851851851851851817e-07 1.573680555555555596e-03 8.365914351851851810e-03 1.029938657407407365e-02 7.847222222222222852e-06 5.180601851851852034e-03 2.379201388888889032e-03 1.193402777777777821e-03 8.055555555555555603e-06 2.370081018518518327e-03 2.492210648148148345e-03 7.453703703703703835e-06 1.675601851851851948e-03 1.314016203703703744e-03 2.389911458333333349e-01 2.011631018518518499e-01 7.498379629629630012e-04
1.435185185185185141e-05 1.784722222222222198e-05 1.662037037037036942e-05 2.273148148148148150e-05 8.999421296296296596e-04 1.327662037037037081e-04 1.447812500000000098e-03 1.425717592592592575e-03 1.375000000000000049e-05 1.494212962962963036e-05 2.314814814814814838e-07 1.967592592592592705e-07 1.575231481481481572e-05 9.872685185185185418e-06 2.546296296296296348e-07 1.967592592592592705e-07 1.515625000000000045e-04 4.282870370370370260e-04 1.967592592592592705e-07 1.851851851851851817e-07 2.979675925925925981e-03 3.443148148148148305e-03 3.050752314814814733e-03 1.635428240740740679e-03 2.697164351851852066e-03 1.948865740740740810e-03 1.292824074074074146e-05 1.359953703703703776e-05 2.083333333333333327e-07 1.303240740740740783e-05 5.314965277777777830e-03 8.101851851851851534e-08 1.525000000000000097e-03 2.457523148148148024e-04 1.851851851851851817e-07 2.314814814814814771e-08 3.240740740740740614e-07 5.757523148148148548e-04 4.282407407407407542e-07 1.967592592592592705e-07 2.893518518518518481e-07 1.967592592592592705e-07 1.876157407407407372e-05 1.504629629629629684e-07 1.775462962962962927e-05 2.777777777777777593e-07 3.817893518518518641e-03 1.410879629629629597e-05 2.314814814814814771e-08 6.597222222222222115e-07 1.736111111111111194e-07 1.529965277777777877e-03 7.940624999999999550e-04 2.190972222222222247e-05 1.538194444444444489e-05 8.564814814814815084e-07 1.913194444444444456e-05 1.273148148148148174e-07 8.101851851851851534e-08 1.736111111111111194e-07 7.932754629629629661e-04 1.736111111111111194e-07 8.629629629629629456e-04 2.546296296296296348e-07 1.620370370370370307e-07 1.477245370370370301e-03 8.333333333333333309e-07 5.208333333333333583e-07 2.517714903935185333e+01 1.063495370370370462e-03 3.052546296296296041e-04 9.259259259259259085e-08 7.337962962962962948e-06 9.355857638888888383e-02 1.967592592592592705e-07 9.907407407407408108e-06 2.314814814814814771e-08 2.647731481481481377e-03 8.826041666666666280e-04 6.939814814814815108e-04 6.944444444444443983e-08 6.250000000000000300e-06 6.493055555555555740e-06 4.688402777777777447e-03 6.831018518518518115e-05 2.196400462962962933e-03 1.273148148148148174e-07 6.465910185185185233e-01 3.887615740740740853e-04 7.500000000000000190e-06 7.870370370370370183e-06 7.575810185185185425e-04 2.771863425925925883e-02 1.851851851851851817e-07 3.763564814814814637e-03 6.319872685185185315e-03 1.967592592592592705e-07
1.031099537037036967e-03 2.018657407407407380e-03 1.658101851851851794e-04 9.320254629629629506e-04 1.620370370370370307e-07 1.736111111111111194e-07 2.693287037037036936e-05 1.438657407407407410e-05 2.329629629629629737e-04 8.347916666666666246e-04 8.101851851851851534e-08 2.662037037037037235e-07 7.553935185185185232e-04 1.702199074074073966e-04 2.199074074074073950e-07 6.944444444444443983e-08 1.851851851851851817e-07 2.199074074074073950e-07 9.259259259259259085e-08 8.101851851851851534e-08 2.629791666666666562e-03 1.154884259259259362e-03 1.581018518518518575e-05 6.458333333333333050e-06 7.361111111111111125e-06 5.902777777777777637e-06 5.409259259259259272e-04 2.178634259259259066e-03 9.259259259259259085e-08 1.334143518518518469e-04 1.353009259259259238e-05 3.472222222222221992e-08 1.615740740740740587e-05 1.736111111111111194e-07 9.259259259259259085e-08 9.438657407407407759e-04 2.430555555555555460e-07 2.314814814814814838e-07 1.851851851851851817e-07 2.199074074074073950e-07 1.273148148148148174e-07 9.259259259259259085e-08 5.770717592592592695e-04 3.472222222222221992e-08 2.033217592592592650e-04 1.273148148148148174e-07 1.840277777777777824e-05 8.518518518518519017e-04 2.314814814814814771e-08 1.041666666666666664e-07 8.101851851851851534e-08 1.680555555555555484e-05 2.199074074074073950e-07 4.821527777777777986e-04 2.069166666666666637e-03 4.629629629629629675e-07 6.685532407407407179e-04 4.629629629629629543e-08 2.314814814814814771e-08 8.101851851851851534e-08 1.851851851851851817e-07 8.101851851851851534e-08 3.009259259259259262e-06 1.041666666666666664e-07 6.944444444444443983e-08 1.344907407407407334e-05 7.407407407407407268e-07 4.166666666666666655e-07 1.062569444444444542e-03 2.199074074074073950e-07 1.620370370370370307e-07 2.314814814814814771e-08 1.033564814814814795e-04 1.026088703703703642e+00 8.101851851851851534e-08 1.465196759259259187e-03 1.129768518518518448e-03 9.074074074074073718e-06 2.314814814814814838e-07 1.388888888888888797e-07 3.472222222222221992e-08 5.851736111111110724e-04 1.033796296296296302e-04 7.453703703703703835e-06 1.620370370370370307e-07 6.886574074074073910e-06 5.787037037037037094e-08 9.479166666666667248e-06 1.620370370370370307e-07 1.082754629629629583e-04 9.193287037037036705e-05 6.365740740740740340e-07 7.858796296296296518e-06 2.083333333333333327e-07 1.032569444444444463e-03 8.831018518518518278e-06 1.041666666666666664e-07
2.662037037037037235e-07 3.240740740740740614e-07 1.967592592592592705e-07 3.009259259259259368e-07 8.101851851851851534e-08 8.101851851851851534e-08 1.751388888888888754e-04 3.300347222222222311e-04 3.356481481481481501e-07 1.851851851851851817e-07 3.472222222222221992e-08 2.314814814814814771e-08 1.851851851851851817e-07 1.967592592592592705e-07 4.629629629629629543e-08 2.314814814814814771e-08 8.101851851851851534e-08 2.083333333333333327e-07 3.472222222222221992e-08 2.314814814814814771e-08 1.866898148148148101e-05 6.990740740740741132e-06 2.407638888888888849e-04 1.552557870370370376e-03 1.897025462962962988e-03 1.387962962962962859e-04 3.125000000000000256e-07 1.655092592592592573e-06 2.314814814814814771e-08 2.893518518518518481e-07 1.540277777777777782e-04 2.314814814814814771e-08 1.443749999999999992e-04 9.259259259259259085e-08 2.314814814814814771e-08 3.786816898148148258e+00 6.944444444444443983e-08 1.388888888888888797e-07 3.472222222222221992e-08 4.629629629629629543e-08 3.472222222222221992e-08 3.472222222222221992e-08 3.240740740740740614e-07 3.472222222222221992e-08 1.736111111111111194e-07 3.472222222222221992e-08 1.504189814814814756e-03 2.083333333333333327e-07 2.089618055555555499e-03 8.101851851851851534e-08 2.314814814814814771e-08 8.419444444444444241e-04 1.041666666666666664e-07 7.523148148148148156e-07 1.736111111111111194e-07 1.504629629629629684e-07 7.175925925925925493e-07 4.629629629629629543e-08 2.314814814814814771e-08 2.314814814814814771e-08 6.944444444444443983e-08 3.472222222222221992e-08 6.134259259259259624e-07 3.472222222222221992e-08 2.314814814814814771e-08 4.992013888888888716e-04 1.504629629629629684e-07 1.504629629629629684e-07 7.731481481481481118e-06 1.157407407407407419e-07 6.944444444444443983e-08 2.314814814814814771e-08 1.851851851851851817e-07 6.818159722222221983e-03 2.314814814814814771e-08 1.620370370370370307e-07 3.956666504629629433e+00 3.081006944444444375e-03 4.745370370370370562e-07 6.944444444444443983e-08 3.472222222222221992e-08 1.504629629629629684e-07 1.388888888888888797e-07 3.504907407407407537e-03 9.259259259259259085e-08 1.003368055555555523e-03 2.314814814814814771e-08 1.772916666666666619e-04 5.787037037037037094e-08 1.273148148148148174e-07 1.504629629629629684e-07 8.101851851851851534e-08 6.500347222222222030e-04 2.314814814814814771e-08 7.523148148148148367e-06 1.547291666666666650e-03 3.472222222222221992e-08
2.083333333333333327e-07 3.125000000000000256e-07 9.259259259259259085e-08 1.736111111111111194e-07 3.472222222222221992e-08 2.314814814814814771e-08 2.083333333333333327e-07 6.250000000000000511e-07 1.504629629629629684e-07 8.101851851851851534e-08 2.314814814814814771e-08 2.314814814814814771e-08 9.259259259259259085e-08 9.259259259259259085e-08 3.472222222222221992e-08 2.314814814814814771e-08 3.472222222222221992e-08 4.629629629629629543e-08 2.314814814814814771e-08 2.314814814814814771e-08 1.624652777777777868e-04 7.288078703703703299e-04 3.009259259259259368e-07 1.504629629629629684e-07 2.662037037037037235e-07 1.504629629629629684e-07 2.546296296296296348e-07 7.407407407407407268e-07 2.314814814814814771e-08 1.851851851851851817e-07 2.083333333333333327e-07 1.965624999999999870e-04 1.620370370370370307e-07 3.472222222222221992e-08 2.314814814814814771e-08 5.940277777777777397e-04 5.787037037037037094e-08 8.101851851851851534e-08 4.629629629629629543e-08 3.472222222222221992e-08 3.472222222222221992e-08 2.314814814814814771e-08 1.504629629629629684e-07 7.545023148148148357e-04 9.259259259259259085e-08 4.629629629629629543e-08 2.083333333333333327e-07 1.388888888888888797e-07 4.072680428240740724e+00 1.041666666666666664e-07 2.314814814814814771e-08 4.166666666666666655e-07 3.472222222222221992e-08 1.851851851851851817e-07 8.101851851851851534e-08 1.273148148148148174e-07 4.166666666666666655e-07 2.096087962962962792e-03 1.106261574074074178e-03 2.314814814814814771e-08 4.629629629629629543e-08 3.472222222222221992e-08 5.787037037037037094e-08 3.472222222222221992e-08 2.314814814814814771e-08 2.777777777777777593e-07 1.388888888888888797e-07 1.041666666666666664e-07 1.018055555555555576e-04 3.472222222222221992e-08 3.472222222222221992e-08 1.999131944444444437e-03 8.101851851851851534e-08 7.766203703703703808e-06 2.314814814814814771e-08 9.259259259259259085e-08 5.053935185185185180e-04 3.125000000000000256e-07 2.314814814814814771e-08 1.157407407407407386e-08 7.352546296296296477e-04 6.944444444444443983e-08 6.944444444444443983e-08 1.388888888888888797e-07 2.314814814814814771e-08 1.388888888888888797e-07 1.157407407407407386e-08 1.388888888888888797e-07 2.314814814814814771e-08 6.944444444444443983e-08 5.787037037037037094e-08 2.314814814814814771e-08 1.388888888888888797e-07 3.472222222222221992e-08 1.160682870370370297e-03 1.504629629629629684e-07 2.314814814814814771e-08
6.944444444444443983e-08 2.083333333333333327e-07 3.472222222222221992e-08 1.504629629629629684e-07 3.472222222222221992e-08 2.314814814814814771e-08 1.504629629629629684e-07 1.273148148148148174e-07 8.101851851851851534e-08 3.472222222222221992e-08 1.732291666666666702e-03 5.326736111111111515e-04 2.314814814814814771e-08 3.472222222222221992e-08 4.919212962962962905e-04 2.659108796296296134e-03 2.314814814814814771e-08 8.101851851851851534e-08 6.502546296296296416e-04 8.188078703703703491e-04 2.314814814814814838e-07 2.199074074074073950e-07 2.314814814814814838e-07 6.944444444444443983e-08 6.944444444444443983e-08 9.259259259259259085e-08 6.944444444444443983e-08 1.504629629629629684e-07 5.625810185185184647e-04 4.629629629629629543e-08 1.967592592592592705e-07 6.651872303240740969e+00 9.259259259259259085e-08 2.314814814814814771e-08 5.688136574074073755e-03 5.868300393518518732e+00 1.591099537037037135e-03 3.472222222222221992e-08 2.851215277777777602e-03 1.336863425925926023e-03 8.334259259259259355e-04 3.845833333333333482e-04 3.472222222222221992e-08 4.812222303240741184e+00 3.472222222222221992e-08 6.141087962962962993e-04 9.259259259259259085e-08 3.472222222222221992e-08 3.870370370370370262e-04 4.456481481481481405e-04 9.306712962962963029e-05 1.273148148148148174e-07 4.629629629629629543e-08 1.157407407407407419e-07 2.314814814814814771e-08 8.656539351851851027e-03 5.787037037037037094e-08 3.940929560185185032e+00 5.632554282407407520e+00 1.694814814814814795e-03 2.314814814814814771e-08 1.256831018518518583e-02 4.629629629629629543e-08 1.200972222222222198e-03 2.024988425925925740e-03 1.041666666666666664e-07 9.320717592592592249e-04 1.210358796296296400e-03 1.851851851851851817e-07 3.472222222222221992e-08 2.314814814814814771e-08 4.099270868055555184e+00 3.472222222222221992e-08 1.434143518518518460e-04 2.661342592592592536e-04 1.157407407407407386e-08 1.178196344907407322e+01 1.967592592592592705e-07 2.314814814814814771e-08 3.472222222222221992e-08 4.108742118055555892e+00 3.472222222222221992e-08 3.472222222222221992e-08 6.944444444444443983e-08 1.157407407407407386e-08 5.787037037037037094e-08 3.793287037037037178e-04 1.273148148148148174e-07 1.157407407407407386e-08 1.157407407407407386e-08 1.157407407407407386e-08 3.472222222222221992e-08 5.787037037037037094e-08 1.380891203703703621e-03 1.273148148148148174e-07 1.041666666666666664e-07 8.321412037037037536e-04
2.314814814814814771e-08 2.314814814814814838e-07 2.314814814814814771e-08 6.944444444444443983e-08 1.618043981481481373e-03 6.168981481481481018e-04 4.629629629629629543e-08 1.041666666666666664e-07 5.787037037037037094e-08 2.314814814814814771e-08 3.792254618055555415e+00 3.791394155092592477e+00 2.314814814814814771e-08 2.314814814814814771e-08 4.010901435185185271e+00 3.982017743055555670e+00 1.136643518518518602e-03 8.570370370370370555e-03 3.901809178240740916e+00 5.126825011574074331e+00 1.967592592592592705e-07 6.944444444444443983e-08 4.629629629629629543e-08 3.472222222222221992e-08 4.629629629629629543e-08 2.314814814814814771e-08 5.787037037037037094e-08 8.101851851851851534e-08 4.128434351851852036e+00 2.314814814814814771e-08 3.472222222222221992e-08 6.944444444444443983e-08 3.472222222222221992e-08 1.341180555555555529e-03 3.723288935185185000e+00 4.861111111111110921e-07 3.977603402777777575e+00 7.241319444444444539e-04 2.077274814814814796e+00 2.537455891203703739e+00 3.691326226851851633e+00 3.874584641203703494e+00 5.787037037037037094e-08 3.927083333333333424e-04 3.472222222222221992e-08 4.658185416666666967e+00 2.314814814814814771e-08 3.472222222222221992e-08 2.943201180555555574e+00 3.887818263888888737e+00 3.910582858796296080e+00 3.472222222222221992e-08 3.422592592592592527e-03 4.629629629629629543e-08 2.314814814814814771e-08 4.099950717592592220e+00 4.629629629629629543e-08 1.977199074074073928e-03 4.358449074074074157e-04 4.269392858796296153e+00 8.223726851851852074e-04 4.072594456018518549e+00 1.105798611111111218e-03 4.031857280092592255e+00 4.019268518518518185e+00 4.629629629629629543e-08 4.015770428240740486e+00 3.938800810185185242e+00 9.259259259259259085e-08 1.083865740740740709e-03 2.581666666666666572e-03 3.248148148148148335e-04 2.314814814814814771e-08 4.166666666666666655e-07 5.746100717592592666e+00 2.314814814814814771e-08 9.259259259259259085e-08 2.314814814814814771e-08 4.165162037037037205e-04 9.067476851851852390e-04 2.264120370370370386e-04 2.314814814814814771e-08 2.314814814814814771e-08 1.157407407407407386e-08 2.658761574074074239e-03 2.314814814814814771e-08 3.847133263888888877e+00 5.787037037037037094e-08 1.428819444444444364e-03 2.314814814814814771e-08 2.314814814814814771e-08 5.356828703703703926e-04 2.314814814814814771e-08 3.700763969907407525e+00 5.787037037037037094e-08 3.472222222222221992e-08 3.705203136574073852e+00
1.013101851851851837e-03 8.676041666666666971e-04 7.284953703703703426e-04 1.653738425925925905e-03 3.804267719907407308e+00 3.747057037037036853e+00 4.629629629629629543e-08 3.472222222222221992e-08 1.922488425925926014e-03 1.654108796296296230e-02 3.034027777777777634e-04 3.610416666666666830e-04 7.719826388888888918e-03 3.689085648148147933e-03 3.507291666666666695e-04 4.702777777777777946e-04 3.937287175925925808e+00 5.667926689814814623e+00 6.465393518518518104e-04 3.625925925925925779e-04 3.472222222222221992e-08 2.314814814814814771e-08 3.472222222222221992e-08 1.157407407407407386e-08 3.472222222222221992e-08 3.472222222222221992e-08 1.279409722222222146e-03 1.327604166666666603e-03 2.134490740740740728e-04 1.999189814814814753e-03 3.472222222222221992e-08 1.157407407407407386e-08 4.629629629629629543e-08 3.949648460648148340e+00 2.226157407407407273e-04 2.314814814814814771e-08 2.977083333333333101e-04 3.609414282407407359e+00 8.101851851851851534e-08 2.199074074074073950e-07 3.708796296296296407e-04 2.040046296296296367e-04 5.691319444444444811e-04 6.189145833333333652e-02 1.401712962962962895e-03 2.884259259259259155e-04 2.314814814814814771e-08 3.256030092592592483e-03 1.273148148148148174e-07 2.307870370370370501e-04 2.349884259259259244e-04 5.787037037037037094e-08 4.033081967592592854e+00 9.046527777777777684e-04 7.953935185185185197e-04 5.550347222222221707e-04 1.692094907407407350e-03 3.005487592592592794e+00 2.967192129629629693e-02 3.481134259259259229e-04 4.122106527777777529e+00 4.245370370370370162e-04 4.172884398148148044e+00 1.433206018518518553e-03 4.225810185185185312e-04 3.472222222222221992e-08 2.684722222222222458e-04 2.738657407407407533e-04 2.314814814814814771e-08 3.949125405092592800e+00 5.551774016203704143e+00 2.949551006944444609e+00 5.818402777777778026e-04 1.851851851851851817e-07 8.465740740740740258e-04 7.358680555555555808e-04 2.314814814814814771e-08 5.787037037037037094e-08 3.942567060185185213e+00 3.781534421296296244e+00 6.704369872685185250e+00 1.174166666666666674e-03 1.228328703703703700e-02 2.314814814814814771e-08 3.629686354166666629e+00 2.314814814814814771e-08 2.366435185185185178e-04 1.157407407407407386e-08 5.017814409722221924e+00 1.300324074074073969e-03 2.057083333333333507e-03 3.839445520833333347e+00 2.314814814814814771e-08 5.787037037037037094e-08 3.472222222222221992e-08 1.157407407407407386e-08 8.101851851851851534e-08
3.654412418981481281e+00 3.892995138888888818e+00 4.601317650462963371e+00 3.956270104166666801e+00 2.963310185185185253e-04 4.411458333333333204e-04 4.819097222222222228e-04 1.744641203703703762e-03 3.897731122685185401e+00 4.007324027777777964e+00 6.020804050925925743e+00 2.013087280092592746e+00 4.009669421296296221e+00 4.813117268518518621e+00 6.976725810185184784e+00 2.862089571759259155e+00 2.532175925925925892e-04 3.349884259259259156e-04 6.000854907407407346e+00 5.708495868055555533e+00 3.472222222222221992e-08 1.157407407407407386e-08 3.162650462962963028e-03 1.543379629629629572e-03 1.701215277777777838e-03 4.328124999999999833e-04 3.954220405092592650e+00 3.885328750000000220e+00 1.166737562500000003e+01 3.871125925925925859e+00 1.509571759259259330e-03 1.072916666666666714e-05 2.288831018518518601e-03 2.573611111111110935e-04 1.403438532407407457e+01 1.039351851851851899e-05 3.773727962962962756e+00 3.709143518518518735e-04 3.472222222222221992e-08 3.472222222222221992e-08 2.215434930555555404e+00 9.900574525462962683e+00 3.931754768518518350e+00 6.944444444444443983e-08 3.850516134259259093e+00 2.002442083333333400e+00 8.440856481481481691e-04 4.003927986111111004e+00 3.472222222222221992e-08 1.991936851851851875e+00 1.063805868055555548e+00 6.849259259259258929e-03 3.287499999999999949e-04 3.866181875000000101e+00 5.963441412037036926e+00 1.996520636574074103e+01 5.339721678240740843e+00 6.944444444444443983e-08 1.851851851851851817e-07 8.745942685185184473e+00 4.133680555555555480e-04 4.023932407407407652e+00 3.523842592592592630e-04 5.901367766203703624e+00 9.677293287037036507e-01 2.288842592592592751e-03 1.842159062499999944e+00 2.935736840277777926e+00 2.314814814814814771e-08 4.007523148148148294e-04 3.644907407407407471e-04 1.273148148148148174e-07 4.081073865740740381e+00 3.472222222222221992e-08 2.858990856481481435e-01 3.928573252314814912e+00 9.467592592592591889e-06 1.251041666666666578e-03 3.123611111111111293e-04 2.259606481481481470e-04 1.041666666666666664e-07 3.896489606481481349e+00 3.768992442129629694e+00 1.619965277777777679e-03 2.107523148148148190e-04 2.698125000000000002e-03 4.961554340277777975e+00 9.787847222222222521e-04 9.365509259259259620e-04 4.404773009259259631e+00 3.841413229166666721e+00 6.944444444444443983e-08 6.979050925925926307e-04 4.079598599537036741e+00 1.157407407407407386e-08 1.104571759259259352e-03 5.074751539351852081e+00
2.444328703703703876e-04 3.239930555555555576e-04 3.611805555555555602e-04 2.748726851851851808e-04 4.170454618055555507e+00 3.927690115740740673e+00 4.073158958333332968e+00 3.746230914351851737e+00 6.429861111111111020e-04 2.346527777777777728e-04 9.259259259259259085e-08 1.504629629629629684e-07 5.059953703703704096e-04 4.248611111111110991e-04 5.092592592592592695e-07 4.166666666666666655e-07 7.206604201388889130e+00 2.222393275462962947e+00 6.944444444444443983e-08 2.083333333333333327e-07 7.505555555555555244e-04 8.894791666666666732e-04 4.964800023148147723e+00 3.612373379629629788e+00 3.902623796296296188e+00 4.961057581018518903e+00 4.300462962962963180e-04 1.984606481481481562e-04 8.101851851851851534e-08 2.358564814814814747e-04 5.721282569444444022e+00 5.913773148148148686e-04 3.945781793981481655e+00 9.938516134259259616e+00 6.944444444444443983e-08 2.082523148148148124e-04 1.388888888888888797e-07 3.915813113425925973e+00 9.618055555555556313e-06 1.116898148148148166e-05 2.314814814814814838e-07 1.157407407407407419e-07 2.637499999999999871e-04 2.314814814814814771e-08 4.043634259259259079e-04 1.273148148148148174e-07 3.996581851851851663e+00 1.863310185185185078e-04 9.212962962962962783e-06 1.099537037037036949e-06 1.041666666666666664e-07 3.953023518518518298e+00 1.185899206018518548e+01 3.560300925925925742e-04 4.397337962962963027e-04 2.546296296296296348e-07 4.819560185185184972e-04 2.314814814814814771e-08 2.314814814814814771e-08 6.944444444444443983e-08 2.147755324074073879e+00 8.101851851851851534e-08 2.281006944444444445e-03 5.787037037037037094e-08 5.787037037037037094e-08 4.034666469907407738e+00 1.157407407407407419e-07 8.101851851851851534e-08 3.177233796296296490e-03 2.113155902777777762e+00 1.612534359953703600e+01 3.472222222222221992e-08 3.258101851851851654e-04 3.472222222222221992e-08 8.101851851851851534e-08 4.004282407407407465e-04 6.608796296296296966e-05 4.852091585648148353e+00 2.236579872685185322e+00 2.120089861111110974e+00 2.314814814814814771e-08 2.618402777777777764e-04 2.271643518518518489e-04 5.013095092592593005e+00 5.102609606481481208e+00 3.846665532407407273e+00 5.787037037037037094e-08 4.158942592592592469e+00 2.680557361111111092e+00 3.489814814814814732e-04 7.002430555555555144e-04 1.114617192129629686e+01 3.678864432870370571e+00 6.944444444444443983e-08 3.204502314814814973e-03 3.679823321759259080e+00 9.259259259259259085e-08
4.932333622685185048e+00 1.821851273148148209e+00 2.209425983796296400e+00 2.895678657407407375e+00 3.587962962962962747e-07 9.259259259259259085e-08 2.568634259259259004e-04 2.085300925925925939e-04 1.579249628472222255e+01 1.110300806712962896e+01 2.314814814814814771e-08 1.041666666666666664e-07 3.960520243055555500e+00 2.117528402777777874e+00 3.472222222222221992e-08 1.273148148148148174e-07 3.935185185185185409e-07 9.953703703703703616e-07 2.314814814814814771e-08 5.787037037037037094e-08 4.038964270833333536e+00 3.488854942129629766e+00 3.645370370370370214e-04 7.294791666666666872e-04 4.934374999999999525e-04 2.111689814814814777e-04 9.000380520833333620e+00 1.099272835648148039e+00 2.314814814814814771e-08 2.002590844907407241e+00 6.944444444444443983e-08 4.159340277777777428e-03 5.390046296296296209e-04 8.101851851851851534e-08 2.314814814814814771e-08 1.676458333333333403e-03 3.472222222222221992e-08 2.199074074074073950e-07 5.720023148148147907e-04 1.139467592592592610e-04 2.314814814814814771e-08 1.157407407407407419e-07 3.961682939814815008e+00 1.119212962962962899e-05 1.757776585648148204e+00 3.472222222222221992e-08 5.347337962962962809e-04 2.203269961805555610e+01 1.055972222222222251e-03 3.472222222222221992e-08 4.629629629629629543e-08 2.622337962962962708e-04 2.430555555555555460e-07 4.024273229166666965e+00 1.054568981481481371e+00 1.157407407407407386e-08 1.687134548611111118e+00 8.055555555555555603e-06 9.618055555555556313e-06 2.314814814814814771e-08 6.944444444444443983e-08 2.314814814814814771e-08 2.511979166666666700e-03 2.314814814814814771e-08 2.314814814814814771e-08 3.690277777777778000e-04 3.472222222222221992e-08 2.314814814814814771e-08 3.834615347222222415e+00 6.944444444444443983e-08 3.356481481481481501e-07 1.070601851851851811e-05 6.966364791666666889e+00 2.394363425925926086e-03 2.314814814814814771e-08 4.848543101851851667e+00 2.696944444444444519e-03 2.753240740740740995e-04 5.787037037037037094e-08 1.273148148148148174e-07 1.126157407407407437e-05 8.067284988425926784e+00 1.614333547453703588e+01 3.163310185185185235e-04 5.787037037037037094e-08 6.563773148148148223e-04 2.314814814814814771e-08 4.539120370370370119e-04 6.944444444444443983e-08 3.720052372685185293e+00 2.184443310185185005e+00 5.208333333333333583e-07 6.944444444444443983e-08 2.314814814814814771e-08 3.541410706018518706e+00 6.944444444444443983e-08 2.314814814814814771e-08
1.041666666666666664e-07 1.041666666666666664e-07 1.157407407407407419e-07 3.819444444444444522e-07 3.472222222222221992e-08 4.629629629629629543e-08 1.168750475694444368e+01 6.025404259259259376e+00 6.134259259259259624e-07 6.018518518518518736e-07 1.244212962962962888e-05 1.209490740740740707e-05 4.166666666666666655e-07 1.157407407407407419e-07 9.872685185185185418e-06 1.096064814814814891e-05 3.472222222222221992e-08 4.629629629629629543e-08 1.028935185185185261e-05 1.107638888888888895e-05 3.179166666666666512e-04 6.944444444444443983e-08 9.110686458333333571e-01 7.944498368055555204e+00 1.025099434027777789e+01 1.326021697916666753e+01 1.041666666666666664e-07 8.101851851851851534e-08 1.037037037037036996e-05 6.944444444444443983e-08 3.472222222222221992e-08 2.859877835648148015e+00 6.040725532407407172e+00 2.314814814814814771e-08 1.199074074074074069e-05 4.818954178240741015e+00 1.092592592592592622e-05 3.472222222222221992e-08 3.285624999999999917e-03 2.714525462962962855e-03 1.381944444444444417e-05 1.270833333333333335e-05 1.620370370370370307e-07 1.374305555555555426e-04 9.490740740740741125e-07 1.424768518518518504e-05 3.165585914351851660e+00 2.546296296296296348e-07 2.617210648148148022e-03 1.050925925925925903e-05 9.293981481481481828e-06 3.022778668981481509e+00 3.472222222222221992e-08 8.101851851851851534e-08 1.157407407407407419e-07 1.145833333333333346e-05 8.101851851851851534e-08 3.333217592592592807e-04 7.768518518518517863e-05 9.502314814814814578e-06 1.157407407407407386e-08 9.340277777777778183e-06 6.770141689814814789e+00 9.467592592592591889e-06 9.479166666666667248e-06 2.722352349537036975e+00 1.115740740740740800e-05 9.594907407407407288e-06 3.524768518518518658e-04 1.157407407407407386e-08 3.472222222222221992e-08 1.526550925925925992e-03 1.273148148148148174e-07 4.901403368055555987e+00 8.703703703703702878e-06 9.259259259259259085e-08 1.724147916666666780e-01 1.715003343749999942e+01 2.314814814814814771e-08 3.472222222222221992e-08 1.101400462962962880e-03 5.787037037037037094e-08 5.787037037037037094e-08 8.080793240740741012e+00 1.157407407407407386e-08 1.321154810185185191e+01 1.145833333333333346e-05 3.882882488425925871e+00 2.314814814814814771e-08 5.787037037037037094e-08 9.259259259259259085e-08 8.101851851851851534e-08 3.291248449074073879e+00 9.143518518518519098e-06 6.944444444444443983e-08 1.216227528935185198e+01 9.178240740740740094e-06
2.314814814814814771e-08 3.472222222222221992e-08 2.314814814814814771e-08 9.259259259259259085e-08 1.143518518518518443e-05 8.784722222222221923e-06 3.009259259259259368e-07 1.157407407407407419e-07 2.893518518518518481e-07 2.314814814814814771e-08 6.872175925925925674e-03 1.055208333333333345e-04 2.777777777777777593e-07 2.314814814814814771e-08 8.690972222222221677e-05 1.493402777777777795e-04 1.141203703703703710e-05 1.240740740740740789e-05 4.664351851851852089e-05 2.114004629629629578e-04 2.466393185185185288e+01 2.102064293981481313e+00 1.967592592592592705e-07 5.787037037037037094e-08 5.787037037037037094e-08 6.944444444444443983e-08 2.314814814814814771e-08 3.472222222222221992e-08 1.687962962962962833e-04 1.157407407407407386e-08 9.652777777777777309e-06 5.994212962962963150e-05 6.944444444444444777e-07 1.246527777777777791e-05 1.394791666666666576e-04 5.711805555555555554e-05 1.167361111111111176e-04 1.423611111111111137e-05 1.623328159722222219e+00 4.862115127314814877e+00 5.282060185185185643e-04 2.980671296296296259e-04 6.944444444444443983e-08 5.649814814814814977e-03 5.787037037037037094e-08 2.609722222222222261e-04 1.041666666666666664e-07 2.314814814814814771e-08 9.227263425925925633e-01 1.861921296296296306e-04 3.062731481481481273e-04 8.101851851851851534e-08 9.837962962962962729e-06 2.314814814814814771e-08 4.629629629629629543e-08 1.160416666666666638e-04 2.314814814814814771e-08 5.799305555555555377e-04 1.228437499999999929e-03 5.531250000000000278e-05 9.189814814814815453e-06 1.900462962962962848e-04 8.101851851851851534e-08 7.767361111111111005e-05 1.638078703703703658e-04 6.944444444444443983e-08 1.894363425925925859e-03 3.166759259259259354e-03 1.844488449074074055e+00 1.098379629629629624e-05 9.502314814814814578e-06 1.290358796296296393e-03 2.314814814814814771e-08 4.282407407407407542e-07 8.405092592592592151e-05 2.314814814814814771e-08 8.879826388888888491e-03 5.787037037037037094e-08 9.490740740740740913e-06 9.097222222222222743e-06 1.848194444444444407e-03 2.314814814814814771e-08 1.157407407407407386e-08 1.273148148148148174e-07 9.236111111111111808e-06 4.629629629629629543e-08 6.392939814814814622e-04 6.944444444444443983e-08 9.988425925925925459e-06 2.314814814814814771e-08 2.314814814814814771e-08 1.197916666666666703e-05 5.787037037037037094e-08 1.908796296296296293e-04 1.109614684027777720e+01 5.787037037037037094e-08 2.314814814814814700e-05
1.021990740740740723e-05 9.328703703703704518e-06 1.081018518518518449e-05 9.016203703703703698e-06 3.917129629629629564e-04 1.450231481481481380e-04 2.314814814814814771e-08 3.472222222222221992e-08 1.130787037037037073e-05 9.745370370370370019e-06 2.523900462962963033e-03 8.694791666666666207e-04 1.158564814814814886e-05 1.008101851851851817e-05 9.451041666666666835e-04 1.745925925925925944e-03 1.576273148148148152e-04 1.488194444444444547e-03 1.607766203703703701e-03 2.377881944444444617e-03 3.125000000000000256e-07 6.944444444444443983e-08 5.787037037037037094e-08 1.157407407407407386e-08 1.157407407407407386e-08 2.314814814814814771e-08 1.021990740740740723e-05 1.128472222222222170e-05 9.797916666666665712e-04 1.096064814814814891e-05 8.994212962962963565e-05 1.012362962962962964e-01 3.472222222222221992e-08 3.647800925925925972e-04 1.741747685185185152e-03 2.129695254629629664e-01 1.042083333333333230e-03 8.458796296296295855e-04 5.401620370370370484e-05 1.346759259259259188e-04 7.098229166666666749e-03 1.677152777777777843e-03 1.065972222222222176e-05 1.123176921296296316e+00 1.621527777777777927e-05 4.593182870370370735e-03 2.314814814814814771e-08 1.171296296296296256e-05 5.144675925925925968e-05 3.025520833333333187e-03 9.812962962962963002e-04 3.472222222222221992e-08 9.258333333333333042e-04 9.687499999999999998e-06 1.120370370370370435e-05 3.061574074074074198e-03 9.768518518518519043e-06 2.874700034722222242e+00 2.853683275462962854e+00 9.744791666666666793e-04 1.609097222222222266e-03 1.395462962962962933e-03 2.314814814814814771e-08 1.172222222222222285e-03 2.163356481481481380e-03 1.157407407407407386e-08 5.342071759259259082e-03 2.518379629629629527e-03 2.777777777777777593e-07 5.733796296296296026e-05 9.780092592592593047e-05 2.234807662037037179e+00 1.172453703703703623e-05 1.736111111111111194e-07 1.610312499999999982e-03 1.005787037037037084e-05 1.878729085648148223e+00 3.472222222222221992e-08 2.414745370370370483e-03 1.382060185185185171e-04 2.888261516203703749e+00 1.091435185185185256e-05 8.981481481481481008e-06 1.157407407407407386e-08 7.066319444444444080e-04 2.314814814814814771e-08 6.051620370370370833e-04 2.314814814814814771e-08 5.496527777777778130e-04 8.518518518518519153e-06 8.634259259259259193e-06 2.903009259259259475e-04 2.314814814814814771e-08 2.954074074074074241e-03 6.944444444444443983e-08 2.314814814814814771e-08 1.000787037037037010e-03
2.163657407407407380e-04 9.599884259259258744e-04 4.291666666666666855e-05 4.024305555555555871e-05 1.524027777777777794e-03 3.406307870370370305e-03 1.215277777777777709e-05 1.340277777777777698e-05 1.434143518518518460e-04 2.394907407407407445e-04 4.726029814814815211e+00 3.910921643518518565e+00 1.707870370370370282e-04 6.252314814814815202e-05 3.939587662037037141e+00 8.052789814814814706e-01 2.923368055555555355e-03 1.811747685185185119e-03 1.055144398148148088e+00 1.120679398148148181e-01 3.472222222222221992e-08 2.314814814814814771e-08 9.293981481481481828e-06 9.386574074074074538e-06 9.155092592592592763e-06 8.784722222222221923e-06 1.512268518518518530e-04 3.476527777777777602e-03 5.841612604166666500e+00 1.987962962962963077e-04 5.236898148148148510e-03 2.783981481481481463e-03 1.135416666666666708e-05 1.586793981481481562e-03 2.090871666666666684e+00 2.283217592592592493e-04 1.898514050925925956e+00 1.797650462962962917e-03 6.989416666666666000e-02 2.051233217592592639e-01 7.026063310185185484e-01 8.435489814814814968e-01 9.030208333333333663e-04 1.504629629629629684e-07 5.118055555555555352e-05 1.875522268518518443e+00 9.907407407407408108e-06 7.726851851851851991e-05 6.662694444444444697e-02 9.597762384259259649e-01 9.019446527777778000e-01 1.223379629629629613e-05 4.995567129629629316e-03 1.546759259259259170e-04 3.096527777777777798e-04 3.921812835648148088e+00 2.592592592592592491e-05 5.821759259259259270e-05 5.040509259259259254e-05 5.870654421296296555e+00 4.394155092592592730e-03 6.780279664351851920e+00 9.953703703703704463e-06 5.955856412037037195e+00 5.787584120370370400e+00 8.877314814814814633e-06 3.860022974537037133e+00 1.967592592592592705e-07 3.472222222222221992e-08 2.117800925925925754e-03 4.080092592592592625e-03 1.101273148148148125e-04 1.825925925925925937e-04 1.096064814814814891e-05 6.840045949074074372e+00 4.010416666666666795e-05 1.372182870370370310e-02 8.726851851851851903e-06 5.519618055555555389e-03 4.272719907407407369e-03 5.787037037037037094e-08 1.126585648148148043e-03 6.030092592592592698e-05 9.641203703703703643e-06 5.533449074074074311e-03 8.379629629629630088e-06 8.214716435185184795e-02 9.930555555555555439e-06 7.301203703703703848e-03 3.073379629629629790e-04 7.972222222222222503e-05 1.100983796296296302e-03 9.108796296296296408e-06 3.186390740740740468e-01 1.157407407407407386e-08 9.537037037037037268e-06 3.550260416666666669e-02
7.094212962962963189e-04 6.967974537037037279e-03 2.132025462962963171e-03 1.961828703703703911e-03 7.508310648148147637e-01 9.199378819444444799e-01 1.034375000000000003e-04 1.173032407407407357e-04 2.952106481481481335e-03 2.260277777777777719e-03 5.502314814814814590e-05 6.768518518518517951e-05 1.710729166666666605e-03 1.021944444444444463e-03 4.358796296296296485e-05 4.704861111111111104e-05 1.765895486111111135e+00 7.809572916666667197e-01 1.504629629629629684e-07 1.157407407407407419e-07 1.018518518518518454e-05 1.164351851851851888e-05 1.502199074074073984e-04 7.164351851851851870e-05 8.496527777777777325e-05 8.664004629629629139e-04 1.239768518518518520e-03 4.399212962962963276e-03 6.785879629629628957e-05 1.736516203703703659e-03 3.166879629629629905e-02 9.271070601851852389e-02 1.123495370370370376e-04 2.261699652777777736e-01 1.959351851851851706e-02 3.005532407407407285e-03 7.733796296296295851e-05 9.184559027777777773e-01 2.231480324074074095e-02 2.132866898148148144e-02 4.915509259259258926e-05 5.168981481481481512e-05 1.251851851851851867e-03 3.472222222222221992e-08 1.485138888888888923e-03 5.417824074074073954e-05 2.692013888888888646e-04 4.862418981481481453e-03 1.204494212962962940e-02 1.122106481481481468e-04 4.918981481481481534e-05 5.213425925925925606e-04 7.890740740740740918e-04 2.876956018518518707e-03 2.511770833333333303e-03 1.736111111111111194e-07 7.394328703703703307e-04 2.932543703703703653e+00 8.707592592592593161e-03 1.144791666666666733e-04 1.893455729166666712e+00 6.944444444444443983e-08 1.034490740740740688e-04 1.157407407407407419e-07 6.944444444444443983e-08 1.569444444444444435e-04 3.835152777777777605e-02 3.472222222222221992e-08 9.710648148148147329e-06 7.051398391203703930e+00 1.071920393518518422e+00 7.180947916666666764e-01 1.427164351851851771e-03 4.922453703703703464e-05 5.787037037037037094e-08 8.122939814814815473e-03 3.089114039351851915e+00 7.400462962962963450e-05 3.052282280092592615e+00 5.170882858796296055e+00 2.314814814814814771e-08 2.541643518518518600e-03 1.319282407407407470e-03 5.121527777777777960e-05 1.214349849537037063e+00 1.819444444444444549e-05 5.787037037037037094e-08 1.269965277777777846e-03 4.236432673611111532e+00 1.952303240740740778e-03 3.429629629629629695e-03 9.432964583333333097e-01 2.785879629629629646e-05 6.944444444444443983e-08 9.872685185185185418e-06 1.473518518518518537e-03 9.889652777777778458e-03
1.906449745370370374e+00 1.877843020833333432e+00 1.715906168981481406e+00 8.629210995370369952e-01 1.435995370370370247e-04 4.469907407407407737e-05 2.132974537037036957e-03 1.503101851851851821e-03 1.957590567129629644e+00 4.746425416666666841e+00 2.180736342592592691e-01 3.045815972222222223e-01 1.053481018518518525e-01 8.584699652777777468e-01 5.102686342592592517e-02 7.350638888888888500e-02 1.504629629629629684e-07 8.101851851851851534e-08 3.472222222222221992e-08 2.314814814814814771e-08 9.159722222222221552e-05 5.234953703703703606e-05 2.122708333333333218e-03 4.052893518518518173e-03 1.036805555555555571e-03 1.628564814814814892e-03 2.165043518518518506e-01 8.452459953703703732e-01 6.844907407407407191e-05 1.140109143518518581e-01 1.041666666666666664e-07 1.482871527777777747e-02 3.201446759259259350e-03 1.041666666666666664e-07 1.273148148148148174e-07 1.991459490740740690e-02 2.494704745370370236e-01 2.692476851851851932e-04 1.273148148148148174e-07 6.481481481481481227e-07 6.398906249999999907e-02 1.284188657407407327e-02 9.122535185185185469e-01 4.629629629629629543e-08 3.937910856481481314e+00 1.623611111111111153e-04 9.168819444444444716e-03 1.149509594907407450e+00 6.944444444444443983e-08 2.395977777777777706e-01 2.919423726851851919e-01 7.288773148148147956e-04 9.299768518518518627e-04 2.766599537037037204e-02 2.236907407407407247e-02 5.787037037037037094e-08 1.854595057870370267e+00 3.119118055555555533e-02 5.137731481481481430e-05 1.459374999999999898e-04 2.311172453703703653e-02 2.314814814814814771e-08 2.849722222222222240e-03 4.629629629629629543e-08 2.314814814814814771e-08 9.103761574074074880e-03 3.633101851851852095e-04 4.629629629629629543e-08 2.652777777777777922e-05 6.944444444444443983e-08 1.026913194444444358e-02 1.183680555555555603e-04 8.071792986111111290e+00 1.165428240740740747e-03 2.314814814814814771e-08 1.088441550925925982e+00 6.044560185185184932e-04 1.224918981481481562e-03 3.692115740740740948e-02 2.794560185185185081e-04 2.314814814814814771e-08 6.182499409722222339e+00 5.008775972222221817e+00 1.830162037037037044e-03 6.944444444444443983e-08 4.157546296296296337e-03 1.157407407407407386e-08 7.542939814814814386e-04 2.853240740740740715e-04 5.787037037037037094e-08 4.726692500000000408e+00 1.388888888888888797e-07 2.853715277777777934e-03 1.157407407407407386e-08 7.973379629629629361e-05 2.185104166666666792e-03 5.376435185185185484e-03
4.365740740740741023e-05 4.597222222222222459e-05 5.819444444444444198e-05 5.184027777777777446e-05 1.369995486111111049e-01 6.355311342592592783e-02 1.892322442129629634e+00 2.842211944444444249e+00 4.458333333333333056e-05 7.055555555555555690e-05 6.048611111111111240e-05 6.115219907407407757e-03 1.851851851851851817e-07 9.259259259259259085e-08 2.021093750000000147e-02 1.105469907407407443e-02 4.629629629629629543e-08 4.629629629629629543e-08 3.472222222222221992e-08 4.629629629629629543e-08 2.272337962962962983e-03 3.190856481481481582e-03 2.932338229166666643e+00 1.956324664351851927e+00 5.787037037037037094e-08 5.787037037037037094e-08 1.041666666666666664e-07 1.628703703703703769e-04 6.408564814814814257e-05 5.172561342592592315e-02 4.629629629629629543e-08 8.101851851851851534e-08 5.042597222222221925e-02 6.944444444444443983e-08 4.629629629629629543e-08 2.723947916666666705e-02 6.975474537037036973e-03 5.707175925925926088e-05 2.314814814814814771e-08 1.736111111111111194e-07 1.663649305555555541e-02 4.644675925925926012e-05 7.692129629629629978e-05 7.637731481481481888e-05 6.668981481481482058e-05 5.008101851851851636e-05 4.781872372685184835e+00 6.854675925925925520e-03 3.472222222222221992e-08 6.848379629629629121e-05 1.243331018518518440e-02 1.054457511574073969e+00 9.934128240740740523e-01 5.424768518518518492e-05 1.157407407407407419e-07 3.472222222222221992e-08 4.738425925925926257e-05 6.106886574074073953e-02 4.685856481481481817e-02 6.380787037037037460e-05 3.877574259259259470e+00 2.314814814814814771e-08 2.791365046296296337e-01 3.472222222222221992e-08 3.472222222222221992e-08 7.020788449074074400e+00 4.842245370370370236e-04 1.252199074074074141e-04 5.874733796296296301e-03 3.472222222222221992e-08 1.273148148148148174e-07 2.887069675925925671e-01 9.259259259259259085e-08 1.855092592592592644e-03 2.314814814814814771e-08 1.401999999999999948e-02 9.505742939814815218e-01 1.047256944444444407e-03 6.944444444444443983e-08 7.385234027777777266e-01 9.079259259259259141e-03 7.127314814814814786e-05 6.944444444444443983e-08 1.779134803240740803e+00 2.314814814814814771e-08 9.259259259259259085e-08 2.314814814814814771e-08 5.787037037037037094e-08 7.523526273148147814e-01 2.314814814814814771e-08 9.368449074074074179e-03 3.472222222222221992e-08 8.570797453703703495e-01 1.157407407407407386e-08 3.293599537037037155e-03 1.982694907407407392e-01 6.944444444444443983e-08
1.507409953703703620e-01 1.943226041666666626e-01 1.987988078703703809e-01 6.709791666666665988e-02 3.455741898148147889e-02 2.523680555555555486e-03 1.610300925925926049e-04 5.989583333333333006e-05 1.861954861111111276e-02 1.925013888888889024e-01 7.223379629629630104e-05 6.780052314814815073e-01 2.314814814814814771e-08 2.314814814814814771e-08 8.101851851851851534e-08 5.787037037037036961e-07 4.629629629629629543e-08 1.157407407407407386e-08 1.687326388888888817e-03 5.741435185185185357e-04 3.840200729166666882e+00 7.665704861111111157e-02 6.582175925925925672e-05 3.069112268518518413e-02 4.629629629629629543e-08 2.314814814814814771e-08 2.314814814814814771e-08 9.017160879629629311e-02 9.101858796296295739e-02 8.536268287037036551e-01 2.314814814814814771e-08 3.472222222222221992e-08 3.614004629629629446e-04 5.787037037037037094e-08 4.629629629629629543e-08 6.944444444444443983e-08 9.317210648148147381e-03 5.406706018518518675e-02 3.472222222222221992e-08 1.504629629629629684e-07 1.388888888888888797e-07 1.342770370370370281e-01 1.007976770833333369e+00 1.792631134259259351e-01 1.407098263888888756e-01 2.611411458333333102e-01 5.317129629629629848e-05 8.101851851851851534e-08 2.314814814814814771e-08 2.107754629629629561e-04 8.101851851851851534e-08 2.199074074074073950e-07 5.994212962962963150e-05 8.507261574074073684e-02 3.472222222222221992e-08 9.576620370370370321e-04 3.284629166666666600e-01 1.085534722222222283e-02 1.468846064814814840e-02 5.195927083333333474e-02 3.613425925925926017e-05 3.786458333333333191e-04 2.216782407407407384e-04 2.312916666666666680e-03 3.279513888888889103e-04 8.101851851851851534e-08 6.276387731481480881e-02 9.903278935185184928e-02 1.736111111111111194e-07 4.629629629629629543e-08 5.787037037037037094e-08 6.944444444444443983e-08 5.787037037037037094e-08 6.944444444444443983e-08 5.750231481481481817e-04 1.524884259259259248e-04 5.787037037037037094e-08 6.944444444444443983e-08 2.314814814814814771e-08 5.787037037037037094e-08 5.914195601851851558e-02 9.882377546296295945e-01 4.629629629629629543e-08 6.944444444444443983e-08 2.314814814814814771e-08 1.157407407407407419e-07 6.610532407407406982e-04 2.314814814814814771e-08 1.666310185185185255e-02 2.314814814814814771e-08 1.525321759259259252e-02 3.472222222222221992e-08 1.673486111111111008e-02 2.652777777777777922e-05 5.787037037037037094e-08 1.088655092592592626e-02 2.314814814814814771e-08
1.681526620370370206e-02 2.755645833333333211e-02 3.356174768518518231e-02 9.572766203703703125e-03 1.027893518518518479e-04 8.000000000000000654e-05 6.775870370370370988e-02 9.815742361111111647e-01 1.372171296296296333e-02 7.938067129629629987e-03 2.101026620370370288e-02 2.495416666666666616e-03 2.314814814814814771e-08 8.101851851851851534e-08 2.314814814814814771e-08 2.199074074074073950e-07 1.047615740740740669e-03 1.052893518518518545e-04 6.955456018518518801e-02 2.194262615740740774e-01 1.212593749999999956e-02 5.714178240740741023e-03 1.988637384259259178e-01 1.915621527777777722e-02 2.314814814814814771e-08 1.157407407407407386e-08 5.787037037037037094e-08 1.467300925925925890e-02 3.819972222222222519e-02 1.314594907407407379e-02 1.075208333333333398e-03 2.314814814814814771e-08 1.703819444444444381e-04 5.711116898148148324e-02 3.303124999999999855e-04 2.314814814814814771e-08 5.774768518518518488e-03 1.232773148148148118e-02 4.321875000000000087e-04 3.041666666666666694e-04 5.787037037037037094e-08 1.059641203703703700e-03 1.297685185185185085e-04 1.952731481481481506e-03 5.116988425925925871e-02 1.140478009259259309e-02 8.186567129629629402e-02 2.314814814814814771e-08 3.506597222222222038e-04 8.327511574074073983e-03 3.472222222222221992e-08 3.472222222222221992e-08 2.135554745370370489e-01 1.919440972222222208e-02 4.629629629629629543e-08 9.498813657407407796e-01 1.016805555555555518e-03 1.388888888888888797e-07 4.050925925925925767e-07 2.605217592592592654e-02 2.744311342592592462e-02 6.159512731481481262e-02 2.718292974537037221e+00 1.080823726851851824e-01 1.979631134259259295e-01 4.629629629629629543e-08 5.492743055555555400e-03 1.538541666666666682e-04 6.944444444444443983e-08 4.657870370370370159e-04 4.629629629629629543e-08 2.314814814814814771e-08 2.314814814814814771e-08 2.314814814814814771e-08 1.529789236111111228e-01 1.779050925925925949e-04 2.314814814814814771e-08 1.157407407407407386e-08 2.314814814814814771e-08 2.314814814814814771e-08 1.275000000000000092e-04 1.041666666666666664e-07 2.314814814814814771e-08 3.472222222222221992e-08 5.021990740740740712e-04 2.314814814814814771e-08 1.352337962962962825e-01 2.314814814814814771e-08 5.787037037037037094e-08 3.100034722222222341e-03 1.157407407407407419e-07 6.024884259259259125e-04 6.691203703703703766e-04 3.588408564814814933e-02 2.314814814814814771e-08 1.041666666666666664e-07 2.314814814814814771e-08
8.101851851851851534e-08 5.555555555555555187e-07 1.388888888888888797e-07 2.430555555555555460e-07 2.237847222222222234e-04 2.644560185185185230e-04 1.716678240740740838e-03 4.350694444444444412e-05 2.199074074074073950e-07 1.041666666666666664e-07 1.998541666666666695e-03 3.481134259259259229e-04 1.280925925925926025e-03 6.262384259259259206e-04 2.314814814814814771e-08 4.861111111111110921e-07 4.253642361111110992e-02 2.060585300925925900e-01 6.555497685185185039e-03 3.227696759259259147e-03 2.308985509259259050e+00 9.495486111111110794e-03 8.406909722222221867e-03 1.571655092592592591e-03 1.003819444444444442e-04 1.404652777777777670e-03 1.689849537037037015e-03 3.240740740740740614e-07 6.944444444444443983e-08 1.273148148148148174e-07 1.592155902777777909e-01 8.155324074074073951e-04 5.244212962962963216e-05 7.456833333333333369e-02 1.425850231481481378e-01 2.314814814814814771e-08 5.898321759259259403e-03 3.472222222222222389e-07 1.772333912037037107e-01 7.701664351851851553e-02 2.314814814814814771e-08 2.972233796296296169e-03 8.477789351851851285e-02 9.259259259259259085e-08 3.703703703703703634e-07 8.101851851851851534e-08 6.521274305555554984e-02 2.777777777777777593e-07 1.760317824074074111e-01 1.504629629629629684e-07 2.314814814814814771e-08 5.787037037037037094e-08 1.510879629629629595e-03 1.157407407407407419e-07 2.271875000000000131e-04 9.834444444444444267e-03 2.784560185185185055e-03 1.041666666666666664e-07 5.787037037037037094e-08 1.388888888888888797e-07 8.133622685185184706e-03 1.500486111111111074e-03 1.891666666666666659e-04 2.410995370370370365e-04 3.217893518518518368e-03 2.314814814814814771e-08 8.352060185185184588e-03 9.364918981481482052e-02 4.629629629629629543e-08 6.292456944444444478e-01 1.096192129629629686e-03 2.314814814814814771e-08 4.270023148148147899e-04 2.314814814814814771e-08 5.216921296296295890e-03 1.306203472222222106e-01 2.314814814814814771e-08 2.314814814814814771e-08 6.026585648148148101e-03 1.157407407407407386e-08 6.535879629629629656e-05 3.472222222222221992e-08 3.060300925925926057e-04 3.472222222222221992e-08 7.450555555555556098e-02 1.228356481481481476e-04 1.544675925925925904e-03 2.374467592592592515e-03 2.314814814814814771e-08 3.538648148148148403e-02 3.472222222222221992e-08 1.810496875000000006e-01 8.173888888888888524e-03 1.822106481481481407e-04 1.157407407407407386e-08 2.314814814814814771e-08 7.873842592592592113e-05
3.472222222222221992e-08 2.314814814814814838e-07 4.629629629629629543e-08 3.472222222222221992e-08 8.200807870370370456e-02 1.511063310185185304e-01 5.848239583333333241e-02 7.557796296296295790e-02 6.944444444444443983e-08 3.472222222222221992e-08 8.495752314814815354e-03 1.708981481481481463e-03 8.849952546296296907e-02 2.463630324074073952e-01 8.387731481481481145e-05 4.294907407407407549e-04 2.892974537037037216e-03 1.338668981481481481e-03 1.559435648148148057e-01 6.790742592592592386e-01 3.009259259259259368e-07 1.041666666666666664e-07 1.157407407407407419e-07 5.787037037037037094e-08 2.317168981481481510e-02 2.200917476851851906e-01 2.153749189814814780e-01 1.157407407407407419e-07 2.314814814814814771e-08 3.472222222222221992e-08 1.137696759259259303e-03 1.393899074074074207e-01 2.828005000000000102e+00 2.180974652777777911e-01 1.128703703703703678e-04 1.506828703703703585e-04 6.543784722222222537e-03 3.472222222222221992e-08 3.251342592592592565e-03 1.886805555555555686e-04 8.556712962962962417e-05 1.662554398148148246e-02 1.051839120370370341e-02 3.472222222222221992e-08 1.273148148148148174e-07 2.314814814814814771e-08 9.259259259259259085e-08 6.432291666666666236e-04 2.383912037037037141e-04 1.157407407407407386e-08 1.683912037037036931e-04 7.734837962962963108e-04 2.812696759259259230e-02 8.101851851851851534e-08 1.943873379629629528e-01 7.040809942129629739e+00 9.641689814814814741e-03 6.944444444444443983e-08 4.629629629629629543e-08 3.472222222222221992e-08 9.259259259259259085e-08 7.960411840277777706e+00 5.247199074074074265e-03 5.879836805555555684e-02 3.785074189814814805e+00 4.861111111111110836e-05 1.041666666666666664e-07 2.162897685185185270e-01 5.418171296296296147e-04 5.844513888888888675e-03 2.982784027777777847e-01 2.793115856481481751e-01 2.811188333333333400e+00 1.534606481481481466e-04 7.938933206018518263e+00 5.790393518518518502e-04 6.540509259259259800e-05 9.805902777777777100e-04 7.334068865740740462e-01 5.562499999999999682e-05 2.020694444444444317e-03 3.472222222222221992e-08 1.327550462962963085e-01 4.820601851851851822e-05 3.389699074074074055e-04 2.382609953703703626e-02 4.800425925925926041e-02 6.459229166666666244e-02 1.157407407407407386e-08 1.815416666666666567e-03 1.157407407407407386e-08 1.641365740740740762e-03 6.456562499999999628e-03 3.154166666666666447e-04 5.968749999999999663e-04 2.314814814814814771e-08 7.565550925925926262e-02
2.314814814814814771e-08 4.629629629629629543e-08 3.472222222222221992e-08 3.472222222222221992e-08 1.454799768518518464e-02 1.118424768518518596e-02 7.515671296296296336e-03 4.662476851851851678e-03 4.629629629629629543e-08 2.314814814814814771e-08 4.629629629629629675e-07 3.472222222222222389e-07 4.288773148148148327e-03 4.117916666666666427e-03 3.636340277777777574e-02 6.922446759259259785e-02 4.847425046296296003e+00 8.606394675925925775e-01 3.356481481481481501e-07 8.101851851851851534e-08 3.472222222222221992e-08 2.314814814814814771e-08 5.787037037037037094e-08 1.157407407407407386e-08 8.957870370370370596e-04 4.992361111111111045e-04 2.877870370370370478e-03 3.472222222222221992e-08 2.314814814814814771e-08 3.472222222222221992e-08 2.011228472222222341e-01 1.361615740740740668e-02 6.062500000000000316e-05 6.944444444444443983e-08 8.334682870370370422e-02 2.457496527777777717e-02 1.504629629629629684e-07 2.314814814814814771e-08 1.259018518518518516e-02 1.066484953703703692e-02 1.018726041666666721e-01 1.041666666666666664e-07 1.041666666666666664e-07 8.101851851851851534e-07 5.787037037037037094e-08 2.314814814814814771e-08 3.472222222222221992e-08 2.744734953703703573e-02 1.220425925925925845e-02 2.314814814814814771e-08 3.900539351851851910e-02 5.277556712962962887e-02 5.727743055555555365e-03 3.472222222222221992e-08 5.607060185185185411e-04 4.203344907407407377e-03 6.944444444444443983e-08 8.994212962962963565e-05 9.415509259259259209e-05 3.472222222222221992e-08 3.472222222222221992e-08 1.035589120370370396e-02 1.865740740740740836e-04 5.308842592592592433e-03 4.268287037037036798e-04 5.811313657407407574e-02 3.472222222222221992e-08 5.787037037037037094e-08 1.689474421296296158e-01 7.812500000000000163e-06 2.891006944444444310e-03 1.736111111111111194e-07 1.551284722222222127e-03 1.282528819444444523e-01 8.668634259259258741e-04 9.259259259259259085e-08 1.481982663194444427e+01 2.152771759259259343e-01 1.661342592592592515e-03 1.055659722222222156e-03 9.722222222222222688e-06 1.259953703703703615e-04 1.132314814814814729e-03 6.270699074074073676e-02 6.444444444444444482e-05 1.124351851851851858e-03 9.411666666666667139e-03 1.255127314814814821e-03 2.251157407407407339e-05 3.112420231481481281e+00 1.102083333333333333e-04 1.881915057870370278e+00 7.779988425925926307e-03 8.473842592592592060e-04 1.854029282407407275e-01 3.842592592592592381e-05 4.520254629629629384e-04
4.851851851851851768e-04 7.027546296296296709e-04 6.054398148148148242e-05 7.094907407407407846e-05 8.101851851851851534e-08 8.101851851851851534e-08 6.944444444444443983e-08 8.101851851851851534e-08 2.960300925925925795e-04 1.720717592592592644e-04 8.101851851851851534e-08 3.472222222222221992e-08 5.897691469907407225e+00 8.404282407407407621e-04 1.656255787037037158e-02 7.322384259259259384e-03 1.041666666666666664e-07 3.356481481481481501e-07 1.736111111111111194e-07 1.157407407407407386e-08 4.976851851851851808e-07 1.157407407407407386e-08 3.472222222222221992e-08 2.314814814814814771e-08 2.761582731481481368e+00 1.572115381944444445e+00 1.649364930555555553e+00 1.485763888888889006e-04 1.292245370370370412e-04 2.962962962962962924e-04 1.425925925925925870e-05 1.616898148148148123e-05 1.071405439814814842e-01 5.787037037037037094e-08 1.050034722222222168e-03 1.205555555555555525e-04 3.472222222222221992e-08 4.172337962962962979e-04 1.066817129629629582e-03 4.408333333333333331e-04 1.642361111111111203e-05 3.472222222222221992e-08 3.472222222222221992e-08 1.462152777777777713e-04 8.084490740740740613e-05 1.031249999999999994e-04 4.629629629629629543e-08 2.363622685185185184e-03 3.166331018518518409e-03 4.645370370370370127e-04 5.345717592592592882e-03 4.203807870370370771e-03 1.967592592592592705e-07 7.777777777777778151e-05 2.047358101851851908e-01 2.107542581018518657e+00 2.314814814814814771e-08 1.709040162037037125e-01 1.668332175925926059e-02 4.160995370370370347e-04 3.472222222222221992e-08 7.174691712962962598e+00 6.944444444444443983e-08 6.785482175925925397e-01 1.230287500000000062e-01 1.219293981481481574e-03 2.314814814814814771e-08 5.787037037037037094e-08 1.266655092592592659e-03 1.565624999999999905e-04 2.809632974537036976e+00 1.157407407407407419e-07 1.120806712962963032e-02 1.829305555555555589e-03 9.900249664351852275e+00 1.157407407407407386e-08 8.129629629629629229e-04 1.158900462962962922e-03 5.391902777777778100e-02 1.139664351851851776e-03 1.698842592592592722e-04 3.307913194444444399e-02 2.072717962962963067e+00 1.747812500000000017e-03 8.116898148148147553e-05 7.818090277777778319e-02 1.125497685185185108e-03 1.487295138888888868e-02 2.318455902777777911e-01 8.565972222222222705e-05 8.204289351851852541e-02 9.390046296296295858e-04 6.944444444444443983e-08 1.114174768518518509e-02 2.827199074074074206e-04 1.018627662037037002e-01 9.506196759259259721e-02
1.489920486111111220e-01 1.147516550925925943e-01 1.103753472222222254e-01 1.840458564814814735e-01 2.314814814814814771e-08 1.157407407407407386e-08 2.314814814814814771e-08 1.157407407407407386e-08 5.568826388888888784e-02 2.637630324074073940e-01 1.851851851851851817e-07 1.041666666666666664e-07 1.323414351851851878e-03 1.163993055555555484e-03 6.907824398148147971e+00 5.347222222222222394e-05 2.314814814814814771e-08 4.629629629629629543e-08 9.490740740740741125e-07 8.217592592592592422e-07 1.585532407407407355e-04 2.226736111111111245e-04 7.508912037037037031e-04 2.804398148148147985e-04 5.787037037037037094e-08 6.944444444444443983e-08 6.944444444444443983e-08 2.315995370370370170e-03 1.843945833333333340e-01 6.773004629629629514e-02 4.808333333333333296e-04 2.580787037037037251e-04 6.957094907407407498e-03 6.944444444444443983e-08 6.844573182870369976e+00 1.743529282407407510e-01 4.629629629629629543e-08 5.393812500000000343e-02 1.974965277777777743e-03 2.627688657407407577e-02 2.438854166666666861e-03 2.314814814814814771e-08 4.629629629629629543e-08 5.366383333333333283e-01 1.661726851851851872e-01 2.825722569444444332e-01 1.601388888888888903e-04 6.877081134259259265e+00 1.005646759259259254e-01 6.342906249999999413e-02 8.086948379629629313e-01 6.944444444444443983e-08 4.629629629629629543e-08 8.494942129629629024e-02 9.069444444444444591e-05 3.205231481481481647e-03 2.314814814814814771e-08 1.149340277777777773e-03 1.609490740740740706e-04 3.496012731481481367e-02 7.131944444444444930e-05 1.464699074074073994e-03 2.314814814814814771e-08 9.259259259259259085e-08 1.252152777777777812e-03 1.086387569444444479e+00 1.440509259259259163e-04 5.787037037037037094e-08 1.870596840277777728e+00 8.125347222222221956e-04 5.787037037037037094e-08 1.157407407407407419e-07 4.147650462962963226e-03 8.073077314814814942e-01 1.657754629629629736e-04 2.314814814814814771e-08 3.370781250000000340e-02 1.539491782407407472e+00 3.198784722222222220e-03 6.286805555555555029e-04 2.164178240740740819e-03 2.902835648148148311e-03 6.284722222222222142e-06 9.305555555555555493e-06 6.329884259259259058e-03 4.475694444444444739e-05 2.910532407407407578e-04 6.944444444444443983e-08 5.405324074074073677e-03 2.115046296296296292e-04 2.446956018518518447e-03 2.894106886574074000e+00 2.314814814814814771e-08 5.787037037037037094e-08 4.096612268518518701e-02 9.894907407407406517e-04 2.449375000000000163e-03
5.073865740740740767e-03 3.105208333333333518e-03 3.015300925925926048e-03 1.047002314814814844e-03 3.472222222222221992e-08 2.314814814814814771e-08 2.314814814814814771e-08 2.314814814814814771e-08 8.259189814814814692e-03 2.384004629629629581e-03 1.570601851851851835e-04 4.365740740740741023e-05 9.800447222222222754e-01 7.846006944444443645e-03 1.580219907407407354e-03 4.215393518518518708e-04 9.143518518518518463e-07 1.192129629629629659e-06 2.012615740740740814e-04 5.574074074074074364e-05 8.294607638888888967e-01 1.260446412037037056e-01 1.070428240740740715e-02 6.038081018518518667e-02 2.314814814814814771e-08 2.314814814814814771e-08 2.314814814814814771e-08 9.883564814814815511e-04 5.535983796296296659e-03 5.570358796296296343e-03 3.561824236111111208e+00 2.858553240740740933e-03 2.430555555555555460e-07 5.787037037037037094e-08 1.834050925925925822e-03 2.626620370370370524e-04 2.458333333333333095e-04 1.739166666666666639e-03 1.012773148148148235e-02 3.382233796296296377e-03 1.652571180555555685e-01 3.001041666666666723e-04 5.649305555555556068e-04 1.245717592592592482e-04 4.637372685185185348e-03 5.445127314814814969e-03 3.299001157407407264e-02 2.004560185185185178e-03 8.101851851851851534e-08 9.055555555555556274e-03 2.314814814814814838e-07 2.314814814814814771e-08 6.944444444444443983e-08 1.215231481481481414e-03 7.542367708333332921e-01 7.027796701388888678e+00 9.761574074074073828e-05 5.185405092592593017e-03 7.036663194444443825e-02 7.125358796296296301e-03 1.123623032407407435e-01 6.068150821759259017e+00 2.314814814814814771e-08 3.472222222222221992e-08 1.331453819444444464e-01 8.101851851851851534e-08 2.054824074074074192e-01 5.787037037037037094e-08 2.952002314814814853e-03 7.435517442129629728e+00 1.157407407407407386e-08 1.157407407407407419e-07 2.086228078703703748e+00 8.458449074074074611e-04 1.628480208333333290e-01 5.668287037037037217e-04 1.452291666666666618e-03 4.134259259259259181e-04 6.279282407407407469e-04 1.282870370370370252e-04 4.098268263888888541e+00 7.581018518518518388e-06 7.492129629629629183e-04 2.473958333333333543e-04 1.483865740740740674e-03 4.238773148148147762e-03 1.920296840277777806e+00 2.314814814814814771e-08 1.014754629629629687e-02 1.884664351851851778e-03 5.724144675925926101e-02 2.014699074074073973e-04 1.157407407407407386e-08 3.472222222222221992e-08 1.020567129629629732e-03 8.059591087962962863e-01 8.182870370370371003e-06
2.949685891203703836e+00 8.045428587962962785e-01 5.766924340277777894e+00 7.843921180555555317e-01 7.593171296296296431e-04 1.240277777777777808e-04 8.333333333333333055e-05 1.557175925925926045e-04 2.458009259259259175e-03 3.643936342592592886e-02 6.178619212962963014e-02 1.116961111111111071e-01 1.269212962962963090e-04 3.377546296296296351e-04 1.266212152777777822e-01 1.499674421296296190e-01 2.581134259259259037e-04 6.478819444444444166e-04 4.883150462962963095e-02 7.085674872685185477e+00 2.130034722222222399e-03 3.458113425925926111e-03 1.230821759259259195e-03 1.603194444444444415e-03 6.828703703703703890e-07 6.250000000000000511e-07 7.175925925925925493e-07 1.120253935185185207e-01 8.847222222222222087e-05 7.113486481481481327e+00 4.479398148148148041e-04 2.992640023148148032e+00 2.314814814814814771e-08 9.259259259259259085e-08 1.097430409722222144e+01 7.559090277777777422e-02 1.795142592592592623e-01 1.906932291666666723e-01 2.975228009259259232e-02 8.925312615740740307e-01 6.944444444444443983e-08 1.574246064814814883e-01 1.145721064814814866e-01 1.028009259259259300e-04 1.850798611111111004e-03 6.312542361111110889e-01 9.005196759259259665e-03 1.204426271990740815e+01 2.314814814814814771e-08 2.847668483796296446e+00 4.629629629629629543e-08 7.870370370370370818e-07 1.104976851851851834e-04 2.963874409722222047e+00 6.944444444444443983e-08 3.568217592592592448e-03 7.950987962962963174e-01 5.992222222222222568e-03 5.492245370370370857e-04 5.483658564814814645e-02 7.410902777777777541e-03 7.620081018518518219e-03 4.067129629629629957e-05 9.143518518518518463e-07 7.546296296296296545e-06 2.314814814814814771e-08 3.402430555555555460e-04 5.787037037037037094e-08 9.314536226851851675e-01 5.066388888888888505e-03 6.365740740740740340e-07 5.787037037037037094e-08 5.787037037037037094e-08 2.975241979166666884e+00 2.453703703703703494e-04 7.471567129629629322e-01 7.027148946759258941e+00 7.160278935185185323e-02 1.833217592592592668e-04 3.142625000000000279e-02 5.787037037037037094e-08 2.617592592592592692e-04 1.089746096064814829e+01 2.157118055555555351e-03 3.559944664351851973e+00 2.854618055555555554e-03 1.388888888888888797e-07 6.481481481481481227e-07 4.645138888888888755e-04 3.115208541666666608e+00 1.269895833333333380e-03 1.170611111111111158e-02 2.857592592592592563e-03 6.828703703703703890e-07 1.015288252314814788e+00 1.576238425925926027e-03 1.169097222222222277e-04
1.273148148148148174e-07 1.157407407407407419e-07 8.101851851851851534e-08 1.157407407407407419e-07 3.927940972222222077e-02 2.412222222222222198e-02 1.206064467592592587e-01 3.065625000000000207e-03 3.018784722222222182e-03 1.589594907407407406e-03 5.411469907407407375e-03 1.573263888888888802e-03 9.163442361111111545e-01 5.853194444444444720e-03 1.157407407407407419e-07 2.083333333333333327e-07 4.938261574074073734e-02 1.811532858796296219e+00 2.797248958333333202e-01 4.449768518518518374e-04 1.104551273148148133e-01 1.731066400462963006e+00 1.499982638888888893e-02 3.753481134259259444e-01 1.346782407407407433e-03 1.607370370370370463e-02 2.635532407407407398e-04 1.157407407407407419e-07 1.328472222222222153e-04 4.834212962962962899e-03 9.259259259259259085e-08 1.388888888888888797e-07 3.472222222222221992e-08 4.629163773148148309e-01 2.893518518518518481e-07 9.153993055555555841e-03 3.931446759259259530e-03 6.944444444444443983e-08 9.259259259259259085e-08 9.259259259259259085e-08 3.472222222222221992e-08 7.376770833333333270e-03 2.431493055555555664e-03 6.153935185185184812e-05 2.406064814814814871e-03 9.259259259259259085e-08 1.436803124999999903e-01 3.703703703703703634e-07 7.870370370370370818e-07 3.703703703703703634e-07 9.259259259259259350e-07 1.440509259259259163e-04 8.499358217592593023e-01 5.515277777777777366e-04 2.314814814814814771e-08 5.058156250000000326e-02 6.096562500000000419e-03 8.050439814814814091e-03 3.595185185185185203e-03 8.050231481481481344e-04 3.793556909722222148e+00 6.951947106481481065e+00 7.869004629629629266e-02 1.295486111111111241e-04 3.092129629629629568e-04 8.101851851851851534e-07 6.965307523148147606e-01 4.273084490740740593e-01 2.083333333333333327e-07 6.959350810185185310e-01 4.885648148148148294e-04 3.809692939814814938e-01 2.314814814814814771e-08 9.259259259259259085e-08 2.717499999999999864e-03 3.775717592592592667e-03 3.815428240740740759e-03 1.871643518518518578e-03 8.742006828703703381e-01 1.027233796296296272e-03 2.314814814814814771e-08 1.834490740740740700e-03 5.868287037037036658e-04 2.992917939814814798e-01 2.008274305555555680e-02 5.761807870370370260e-02 2.314814814814814771e-08 6.691041666666666318e-03 5.787037037037037094e-08 9.536458333333333636e-04 7.319542673611111105e+00 2.381481481481481383e-04 2.132513425925925965e-01 3.924652777777777666e-04 5.787037037037037094e-08 5.787037037037037094e-08 6.616435185185185483e-04
3.472222222222221992e-08 3.472222222222221992e-08 2.314814814814814771e-08 3.472222222222221992e-08 1.503379629629629684e-03 1.059745370370370398e-03 3.448726851851851693e-03 2.199444444444444407e-03 1.844973263888888826e-01 6.971615162037037017e-01 5.275668981481481529e-02 2.416694675925925850e-01 1.391400462962962990e-03 4.774270833333333491e-03 3.472222222222221992e-08 6.944444444444443983e-08 3.771296296296296029e-04 1.246261574074074112e-03 6.944444444444443983e-08 2.707197916666666607e-02 8.101851851851851534e-08 5.787037037037037094e-08 1.041666666666666664e-07 5.787037037037037094e-08 2.098506527777777908e+00 1.863279166666666764e-01 4.052371481481481297e+00 4.629629629629629543e-08 8.688186111111111387e-01 8.262281944444443971e-01 2.314814814814814771e-08 5.787037037037037094e-08 9.906250000000000233e-05 4.311898148148148036e-03 3.472222222222221992e-08 6.771713425925925955e-01 4.661065347222222321e+00 2.314814814814814771e-08 2.314814814814814771e-08 6.944444444444443983e-08 7.638888888888889043e-07 9.406302893518518893e-01 9.096683912037036857e-01 7.739591435185184942e-02 9.754151620370370146e-02 3.472222222222221992e-08 1.504629629629629684e-07 3.472222222222221992e-08 1.148101851851851757e-03 4.629629629629629543e-08 2.634641203703703711e-03 1.704460520833333437e+00 8.409722222222222295e-04 2.851989907407407543e+00 7.986111111111110647e-07 2.893518518518518481e-07 1.988585601851851958e+00 3.389140046296296171e-02 1.708889814814814889e-01 2.089393865740740708e-01 8.101851851851851534e-08 4.636689814814814624e-04 3.396516203703703676e-03 1.654754976851851855e-01 1.681644942129629561e+00 1.862847222222222335e-04 9.259259259259259085e-08 6.807060185185185306e-04 3.472222222222221992e-08 8.101851851851851534e-08 2.648811342592592710e-02 1.692812500000000090e-03 6.134259259259259624e-07 1.157407407407407386e-08 4.237962962962963016e-04 8.101851851851851534e-08 9.259259259259259085e-08 9.275664351851852230e-01 5.787037037037037094e-08 1.140164201388888854e+00 6.134259259259259624e-07 6.641164351851851499e-01 5.787037037037037094e-08 1.903668981481481445e-03 7.295333333333332837e-02 6.944444444444443983e-08 7.523148148148148156e-07 3.470821759259259433e-03 2.314814814814814771e-08 4.823993055555555326e-03 2.837685185185185276e-03 2.508900115740740899e-01 3.587777777777777840e-03 5.918891666666666884e-01 2.314814814814814771e-08 2.314814814814814771e-08 1.232326388888888881e-02
8.449074074074074197e-07 8.449074074074074197e-07 7.638888888888889043e-07 1.006944444444444450e-06 1.415478009259259207e-02 2.100244201388888676e+00 9.917551157407407114e-01 2.879652430555555420e-01 8.101851851851851534e-08 6.597222222222222115e-07 1.041666666666666664e-07 6.712962962962963002e-07 1.090363263888888934e+00 7.590469444444444269e-01 9.606481481481480954e-07 9.837962962962962729e-07 1.003408553240740630e+00 1.242332175925925895e-02 5.787037037037037094e-08 9.863402777777778227e-03 2.314814814814814771e-08 1.157407407407407386e-08 5.787037037037037094e-08 1.157407407407407386e-08 9.964849537037037686e-03 3.863541666666666817e-04 2.087152777777777726e-04 7.986111111111110647e-07 6.944444444444443983e-08 1.504629629629629684e-07 7.523148148148148156e-07 1.111111111111111037e-06 4.615846064814815158e-02 2.984400416666666889e+00 7.870370370370370818e-07 1.388888888888888797e-07 6.712962962962963002e-07 7.407407407407407268e-07 8.449074074074074197e-07 1.412037037037037133e-06 6.686805555555556078e-04 3.009259259259259368e-07 1.157407407407407419e-07 3.687847222222222243e-04 9.259259259259259085e-08 7.638888888888889043e-07 1.388888888888888797e-07 8.101851851851851534e-07 6.460021643518518708e-01 1.041666666666666717e-06 2.806647233796296437e+00 2.512268518518518713e-04 2.050473541666666843e+00 1.388888888888888797e-07 5.841087962962963290e-04 3.472222222222221992e-08 1.504629629629629684e-07 9.724143518518519116e-03 3.819444444444444522e-07 6.944444444444443983e-08 2.314814814814814771e-08 7.492357175925925539e-01 1.043839548611111168e+00 4.400393518518518760e-03 1.504629629629629684e-07 7.067935416666666359e-01 2.314814814814814771e-08 2.983138344907407369e+00 1.585648148148148252e-06 3.472222222222221992e-08 4.767939814814814697e-04 5.231157789351851939e+00 4.738425925925926257e-05 8.101851851851851534e-07 1.952181087962962858e+00 2.314814814814814771e-08 3.472222222222221992e-08 1.041666666666666664e-07 1.157407407407407386e-08 6.944444444444443983e-08 4.027083333333333144e-04 8.101851851851851534e-08 1.157407407407407386e-08 6.944444444444443983e-08 5.787037037037037094e-08 2.314814814814814771e-08 6.597222222222221607e-05 3.166782407407407436e-04 6.250000000000000511e-07 2.414814814814814894e-04 1.736396238425925942e+00 8.101851851851851534e-08 1.001207152777777720e+00 1.579398148148148133e-03 7.060185185185185665e-07 6.250000000000000511e-07 5.787037037037037094e-08
5.618981481481481743e-04 4.284374999999999989e-04 3.017013888888888957e-04 1.995451388888889056e-03 9.259259259259259085e-08 9.259259259259259085e-08 8.101851851851851534e-08 8.101851851851851534e-08 2.314814814814814771e-08 3.472222222222221992e-08 3.472222222222221992e-08 2.199074074074073950e-07 1.388888888888888797e-07 8.101851851851851534e-08 6.274305555555555539e-04 1.036481481481481542e-03 4.084953703703703707e-04 4.972314814814814826e-03 6.944444444444443983e-08 3.760879629629629425e-04 8.101851851851851534e-07 9.027777777777777575e-07 1.238425925925926014e-06 6.250000000000000511e-07 1.038655243055555566e+00 2.029293506944444658e+00 1.082780370370370449e+00 4.288888888888888634e-04 2.314814814814814771e-08 5.787037037037037094e-08 1.429259259259259241e-03 3.232268518518518433e-03 8.101851851851851534e-08 2.199074074074073950e-07 6.095254629629629720e-04 9.259259259259259085e-08 3.472222222222221992e-08 4.324074074074073931e-04 1.549953703703703780e-03 5.901041666666666198e-04 2.715449351851851656e+00 4.629629629629629543e-08 3.472222222222221992e-08 1.486542824074074155e-02 3.472222222222221992e-08 4.100659722222222553e-03 1.550925925925925986e-06 6.199074074074074512e-04 2.721527777777777574e-03 2.715509259259259525e-04 7.928240740740740203e-05 1.243750000000000010e-04 3.009259259259259368e-07 8.101851851851851534e-08 1.751659722222222160e-02 9.722222222222221841e-07 2.314814814814814771e-08 9.490740740740741125e-07 4.629629629629629543e-08 6.944444444444443983e-08 7.870370370370370818e-07 1.041666666666666664e-07 1.388888888888888797e-07 3.155381944444444597e-03 3.472222222222221992e-08 3.254675925925926139e-02 8.217592592592592422e-07 1.157407407407407419e-07 5.835763888888889032e-04 7.986111111111110647e-07 2.485057870370370459e-02 1.736111111111111194e-07 9.288711805555555090e-02 7.967013888888888930e-04 6.944444444444443983e-08 8.101851851851851534e-07 6.944444444444444777e-07 4.629629629629629543e-08 6.365740740740740340e-07 1.157407407407407386e-08 6.077372685185184788e-03 2.314814814814814771e-08 6.365740740740740340e-07 2.314814814814814771e-08 4.629629629629629543e-08 6.365740740740740340e-07 4.114530092592592891e-02 3.913854872685185171e+00 4.171481481481481741e-03 4.629629629629629543e-08 5.787037037037037094e-08 4.629629629629629543e-08 5.787037037037037094e-08 1.730619907407407454e-01 2.856504629629629845e-03 4.711805555555555777e-04 2.314814814814814771e-08
8.956229282407407455e-01 2.085446655092592749e+00 8.371888194444444542e-01 1.166763888888888885e-02 2.314814814814814771e-08 3.472222222222221992e-08 2.314814814814814771e-08 3.472222222222221992e-08 7.754629629629629931e-07 1.122685185185185126e-06 7.754629629629629931e-07 1.157407407407407392e-06 3.472222222222221992e-08 2.314814814814814771e-08 4.008973379629629519e-02 7.690642129629630119e-01 1.429432870370370423e-01 2.181886574074073937e-03 6.944444444444443983e-08 7.560138888888888811e-03 2.227638888888888811e-03 6.454513888888888757e-04 1.352893518518518518e-04 1.835185185185185140e-04 3.671365740740740666e-03 5.095138888888888851e-04 9.564814814814814404e-05 6.325734953703703034e-02 7.407407407407407268e-07 1.053240740740740805e-06 1.862967592592592453e-02 7.433795254629629312e-01 2.314814814814814771e-08 3.472222222222221992e-08 7.284300925925925319e-02 7.986111111111110647e-07 8.912037037037036688e-07 7.944702893518518216e-01 6.007123842592592550e-02 8.154359953703703423e-02 1.422615740740740785e-03 1.678240740740740751e-06 1.099537037037036949e-06 2.848495370370370157e-04 7.986111111111110647e-07 2.896850057870370421e+00 5.390393518518518537e-04 2.873793981481481338e-02 6.807870370370370378e-04 1.932244293981481453e+00 2.688931134259259226e-01 5.560185185185185288e-05 8.101851851851851534e-08 1.261574074074073979e-06 7.986250000000000293e-03 3.818287037037036837e-05 1.539351851851851897e-06 4.629629629629629543e-08 1.180555555555555570e-06 9.606481481481480954e-07 4.668287037037037305e-04 3.472222222222221992e-08 3.472222222222221992e-08 7.013541666666666405e-04 9.953703703703703616e-07 2.217156249999999856e-02 1.331780092592592564e-02 2.314814814814814771e-08 1.092229460648148098e+01 5.404398148148147757e-04 1.681805555555555528e-03 5.787037037037037094e-08 3.517013888888888642e-04 3.257793472222222153e+00 1.157407407407407386e-08 6.952777777777777342e-04 5.210648148148148062e-05 6.597222222222222115e-07 1.125810185185185177e-04 6.365740740740740340e-07 5.682466435185185016e-02 8.449074074074074197e-07 1.418599537037037008e-03 6.250000000000000511e-07 8.796296296296295800e-07 3.531712962962963061e-04 2.758449074074074189e-03 6.446832175925926167e-02 5.581398611111111352e-01 2.314814814814814771e-08 2.314814814814814771e-08 7.754629629629629931e-07 1.157407407407407386e-08 2.212847222222222169e-04 3.710006944444444593e-02 7.705998726851851499e-01 6.712962962962963002e-07
7.233009259259259340e-03 4.551400462962962822e-03 8.313657407407406977e-05 1.144325231481481409e-02 7.407407407407407268e-07 7.870370370370370818e-07 7.407407407407407268e-07 7.754629629629629931e-07 1.127638888888888961e-03 4.559490740740740583e-04 3.679166666666666740e-04 2.490173611111110973e-03 1.006944444444444450e-06 9.606481481481480954e-07 3.284247685185185187e-03 3.352048611111111201e-03 3.860949074074073936e-03 1.946388888888888995e-03 2.314814814814814771e-08 2.127590277777777900e-02 1.123377314814814898e-02 4.999710648148148091e-03 2.665707395833333493e+00 2.563942430555555596e+00 3.361445601851852094e-02 2.744478703703703726e+00 7.776620370370369937e-05 3.068865740740740929e-03 3.863310185185185445e-04 3.040277777777777922e-04 5.113773148148147672e-04 1.912377314814814669e-02 7.523148148148148156e-07 9.143518518518518463e-07 1.017554398148148159e-02 9.791782407407407466e-04 8.099537037037036547e-05 1.997268518518518447e-03 1.004513888888888991e-03 2.525428240740740845e-03 4.299768518518518523e-04 1.430486111111111108e-03 2.754780092592592523e-03 4.685937499999999999e-03 1.186921296296296297e-04 8.928240740740740115e-05 1.940882361111111010e+00 3.576967592592592633e-04 8.093865740740740231e-04 2.165393518518518318e-03 6.775462962962963166e-05 3.034347256944444293e+00 1.076388888888888983e-06 7.940393518518518720e-04 1.222800925925925845e-04 7.379953703703703675e-03 2.983217592592592431e-04 2.766203703703703822e-06 3.812152777777777913e-04 1.625138888888888857e-03 2.115450138888888887e+00 6.250000000000000511e-07 1.006944444444444450e-06 6.238739583333333116e-02 2.716932870370370422e-03 2.396446759259259190e-03 1.977404224537037125e+00 9.606481481481480954e-07 1.630462962962963072e-02 1.812947291666666683e+00 6.462210879629629590e-01 3.136574074074074239e-06 1.286458333333333410e-04 1.849756944444444452e-03 6.365740740740740340e-07 3.919444444444444365e-04 1.827232523148148158e-01 7.374652777777777500e-04 4.147056712962962632e-02 2.551620370370370327e-04 1.848263888888888873e-04 1.938425925925925961e-04 7.651785532407406887e-01 6.034606481481481072e-04 7.927430555555555402e-04 6.446375925925925676e-01 8.820601851851852149e-05 4.284733796296296034e-03 3.249652777777777522e-04 6.250000000000000511e-07 6.712962962962963002e-07 3.041898148148148066e-04 6.365740740740740340e-07 1.385236342592592595e-01 5.845138888888888650e-04 5.227627314814815157e-03 1.707754629629629596e-04
2.845837962962962861e-02 3.462402777777777441e-02 4.015416666666666440e-02 1.439004629629629705e-03 4.356481481481481414e-05 4.259259259259259237e-05 2.089699074074074169e-04 5.861111111111111426e-04 1.704474537037036982e-02 1.631629166666666575e-01 7.395348379629629321e-01 7.487231944444444620e-01 1.294675925925925898e-04 1.169618055555555472e-03 1.395501157407407454e-02 4.056533564814814724e-02 5.979166666666666267e-04 4.320138888888888987e-04 2.314814814814814771e-08 8.415509259259259297e-05 2.551851851851851699e-04 2.480671296296296032e-04 1.211226851851851841e-04 1.274780092592592631e-02 4.604886574074074090e-02 1.355790509259259188e-02 9.038310185185185683e-03 2.414893518518518647e-02 5.411307870370370143e-03 2.332574074074074064e-02 1.642583449074073998e-01 4.325578703703703660e-04 6.961805555555555444e-05 8.701388888888888823e-05 1.426273148148148029e-04 1.923129629629629495e-02 1.440882638888889011e-01 1.201648148148148215e-02 2.631217048611111053e+00 4.772319444444444309e-02 3.420412037037037084e-02 4.025157777777777390e+00 1.947141770833333396e+00 5.117129629629629459e-04 6.217085416666666697e-01 7.708260416666666559e-02 3.073657407407407328e-03 1.846237268518518410e-02 3.583265046296296025e-02 3.550863425925925715e-02 2.620640046296296433e-02 5.823344907407407289e-03 8.900462962962963319e-05 3.326599537037037285e-02 5.676689814814814966e-03 2.540277777777777695e-04 1.050662499999999999e-01 4.071874999999999974e-04 5.867673611111110833e-03 8.543070138888888554e-01 9.607175925925925475e-04 1.218622685185185217e-03 3.762777777777777648e-03 6.512037037037037533e-04 6.458377314814814363e-02 1.067791203703703645e-01 3.979027777777777511e-03 3.137696759259259345e-03 3.688305555555555781e-02 3.332979166666666382e-02 3.910196759259259094e-03 5.784606481481481500e-04 7.210648148148147887e-05 6.332794560185185384e-01 1.740856481481481465e-04 3.065162037037037030e-04 4.772800925925925670e-04 5.955133171296296268e+00 1.284267361111111026e-02 2.717875937500000116e+00 1.849319236111111042e+00 3.231110486111111069e+00 4.217511574074074045e-03 7.254314120370369823e-01 2.339270833333333393e-03 1.746326388888888928e-02 6.695601851851851996e-05 1.018021562499999977e+00 1.756883101851852008e-02 2.213078703703703811e-04 3.366550925925926047e-04 1.064225902777777844e+00 4.336921296296296293e-04 9.929398148148148241e-05 6.303456944444444376e-01 4.982670138888888739e-02 7.767882754629629183e-01
3.077314814814814735e-04 5.855324074074074424e-04 1.400572916666666633e-02 2.586666666666666801e-03 2.771678240740740786e-03 7.996412037037036249e-03 1.726813611111111202e+00 1.591447916666666532e-02 2.966990740740740526e-03 4.851377314814814441e-03 1.343437500000000014e-02 2.844143518518518418e-03 2.304890740740740684e-01 2.096069143518518363e+00 3.547685185185185295e-04 3.670254629629629865e-04 1.152185185185185257e-02 2.492025462962962814e-03 3.723103935185185231e-01 1.201706018518518444e-02 2.767281064814814950e+00 4.150967592592592903e-02 2.780106250000000112e-01 2.276476851851851751e-02 2.151462962962963008e-02 8.347812499999999331e-03 6.704120370370370702e-03 4.047685185185184980e-04 6.886631944444444355e-03 1.370569444444444396e-02 5.787037037037037094e-08 4.629629629629629543e-08 2.465937499999999814e-03 1.066292592592592570e-01 2.005011574074073988e-03 1.046152777777777793e-02 2.136828703703703720e-03 3.515856481481481242e-04 1.618439814814814914e-02 3.346759259259259284e-04 6.944444444444443983e-08 1.011825231481481430e-02 1.474972222222222136e-02 9.873206018518519006e-03 5.311574074074073811e-04 1.392355324074074155e-02 1.070646990740740760e-02 1.862440972222222102e-02 3.330208333333333349e-04 4.032986111111111103e-04 5.491805555555555329e-03 9.079005787037036646e-02 5.144006944444444451e-02 2.669166666666666476e-03 8.181273148148147586e-03 2.696151469907407616e+00 1.212915509259259242e-02 6.453377430555555794e-01 2.780763888888889042e-03 1.069252314814814891e-02 2.443228009259259398e-02 7.380641203703704190e-02 1.753499074074074127e-01 8.035671180555555848e-01 5.324074074074074470e-07 3.140567129629629438e-03 1.764343634259259164e-01 3.189478668981481579e+00 7.860763888888888922e-04 5.787037037037036961e-07 4.146781249999999946e-02 7.960946759259258931e-02 6.404487500000000111e-01 1.472900462962963009e-02 1.717748657407407453e+00 1.041951388888888962e-02 1.066737268518518598e-02 1.703322916666666700e-02 3.172570601851851940e-02 1.197557870370370356e-02 4.629629629629629543e-08 3.240740740740740614e-07 3.472222222222221992e-08 3.472222222222221992e-08 8.345520833333333263e-03 3.302711805555555435e-02 1.612144675925926071e-02 1.802944444444444516e-02 1.582668981481481427e-02 8.349627893518518640e-01 2.756886053240740875e+00 6.330208333333333087e-04 2.729897002314814802e+00 3.798166666666666358e-02 6.824525462962963140e-02 6.533680555555555812e-04 6.944444444444443983e-08
5.787037037037037094e-08 1.157407407407407419e-07 4.745370370370370562e-07 7.870370370370370818e-07 4.629629629629629543e-08 5.787037037037037094e-08 1.261574074074073979e-06 2.314814814814814838e-07 3.472222222222221992e-08 4.629629629629629543e-08 6.944444444444443983e-08 9.259259259259259085e-08 3.009259259259259368e-07 3.472222222222221992e-08 4.629629629629629543e-08 4.629629629629629543e-08 6.944444444444443983e-08 4.513888888888888788e-07 1.967592592592592705e-07 4.629629629629629543e-08 4.629629629629629543e-08 3.472222222222221992e-08 4.629629629629629543e-08 3.472222222222221992e-08 2.546296296296296348e-07 3.472222222222222389e-07 1.284722222222222157e-06 2.430555555555555460e-07 5.787037037037037094e-08 3.703703703703703634e-07 2.314814814814814771e-08 1.273148148148148174e-07 8.101851851851851534e-08 8.101851851851851534e-08 8.101851851851851534e-08 3.703703703703703634e-07 4.629629629629629543e-08 6.944444444444443983e-08 4.861111111111110921e-07 1.851851851851851817e-07 5.787037037037037094e-08 5.439814814814814299e-07 8.101851851851851534e-08 1.388888888888888797e-07 4.629629629629629543e-08 5.787037037037037094e-08 3.472222222222221992e-08 5.787037037037037094e-08 3.472222222222221992e-08 3.472222222222221992e-08 1.273148148148148174e-07 9.259259259259259085e-08 3.935185185185185409e-07 4.629629629629629543e-08 4.629629629629629543e-08 6.944444444444443983e-08 8.101851851851851534e-07 4.278530092592592454e-03 5.787037037037037094e-08 5.787037037037037094e-08 3.472222222222221992e-08 5.787037037037037094e-08 4.629629629629629543e-08 8.101851851851851534e-07 1.041666666666666664e-07 6.944444444444443983e-08 1.388888888888888797e-07 3.472222222222222389e-07 2.314814814814814771e-08 1.041666666666666664e-07 5.787037037037037094e-08 3.472222222222221992e-08 2.893518518518518481e-07 1.041666666666666664e-07 2.662037037037037235e-07 3.472222222222221992e-08 3.472222222222221992e-08 3.240740740740740614e-07 3.472222222222221992e-08 6.944444444444443983e-08 2.314814814814814771e-08 8.101851851851851534e-08 2.314814814814814771e-08 2.314814814814814771e-08 2.662037037037037235e-07 2.546296296296296348e-07 3.009259259259259368e-07 5.092592592592592695e-07 5.787037037037037094e-08 5.439814814814814299e-07 3.356481481481481501e-07 2.314814814814814771e-08 3.472222222222221992e-08 3.472222222222221992e-08 2.430555555555555460e-07 3.472222222222221992e-08 2.314814814814814771e-08
4.629629629629629543e-08 3.472222222222221992e-08 3.472222222222221992e-08 4.629629629629629543e-08 2.314814814814814771e-08 4.629629629629629543e-08 3.356481481481481501e-07 4.629629629629629543e-08 3.472222222222221992e-08 3.472222222222221992e-08 4.629629629629629543e-08 5.787037037037037094e-08 3.472222222222221992e-08 2.314814814814814771e-08 3.472222222222221992e-08 2.314814814814814771e-08 4.629629629629629543e-08 4.629629629629629543e-08 4.629629629629629543e-08 3.472222222222221992e-08 2.314814814814814771e-08 2.314814814814814771e-08 5.787037037037037094e-08 2.314814814814814771e-08 9.259259259259259085e-08 1.041666666666666664e-07 7.175925925925925493e-07 4.629629629629629543e-08 3.472222222222221992e-08 5.439814814814814299e-07 1.273148148148148174e-07 1.620370370370370307e-07 3.472222222222221992e-08 6.944444444444443983e-08 5.787037037037037094e-08 1.504629629629629684e-07 3.472222222222221992e-08 1.273148148148148174e-07 2.893518518518518481e-07 1.736111111111111194e-07 2.199074074074073950e-07 4.629629629629629543e-08 5.787037037037037094e-08 8.101851851851851534e-08 3.472222222222221992e-08 3.472222222222221992e-08 3.472222222222221992e-08 8.101851851851851534e-08 4.629629629629629543e-08 3.472222222222221992e-08 1.273148148148148174e-07 1.157407407407407419e-07 2.430555555555555460e-07 3.472222222222221992e-08 2.314814814814814771e-08 4.629629629629629543e-08 2.314814814814814838e-07 4.513888888888888788e-07 4.629629629629629543e-08 5.787037037037037094e-08 3.472222222222221992e-08 2.314814814814814771e-08 3.472222222222221992e-08 4.629629629629629675e-07 1.388888888888888797e-07 5.787037037037037094e-08 6.944444444444443983e-08 6.944444444444444777e-07 3.472222222222221992e-08 1.620370370370370307e-07 4.629629629629629543e-08 3.472222222222221992e-08 1.041666666666666664e-07 4.629629629629629543e-08 8.101851851851851534e-08 3.472222222222221992e-08 2.314814814814814771e-08 1.157407407407407419e-07 3.472222222222221992e-08 3.472222222222221992e-08 1.041666666666666664e-07 1.157407407407407419e-07 9.259259259259259085e-08 9.259259259259259085e-08 1.041666666666666664e-07 1.041666666666666664e-07 5.787037037037037094e-08 1.388888888888888797e-07 2.314814814814814771e-08 1.388888888888888797e-07 9.259259259259259085e-08 3.472222222222221992e-08 3.472222222222221992e-08 3.472222222222221992e-08 8.101851851851851534e-08 2.314814814814814771e-08 1.157407407407407419e-07
