0.000000000000000000e+00 0.000000000000000000e+00 0.000000000000000000e+00 0.000000000000000000e+00 0.000000000000000000e+00 0.000000000000000000e+00 0.000000000000000000e+00 0.000000000000000000e+00 0.000000000000000000e+00 0.000000000000000000e+00 0.000000000000000000e+00 0.000000000000000000e+00 0.000000000000000000e+00 0.000000000000000000e+00 0.000000000000000000e+00 0.000000000000000000e+00 0.000000000000000000e+00 0.000000000000000000e+00 0.000000000000000000e+00 0.000000000000000000e+00 0.000000000000000000e+00 0.000000000000000000e+00 0.000000000000000000e+00 0.000000000000000000e+00 0.000000000000000000e+00 0.000000000000000000e+00 0.000000000000000000e+00 0.000000000000000000e+00 0.000000000000000000e+00 0.000000000000000000e+00 0.000000000000000000e+00 0.000000000000000000e+00 0.000000000000000000e+00 0.000000000000000000e+00 0.000000000000000000e+00 0.000000000000000000e+00 0.000000000000000000e+00 0.000000000000000000e+00 0.000000000000000000e+00 0.000000000000000000e+00 0.000000000000000000e+00 0.000000000000000000e+00 0.000000000000000000e+00 0.000000000000000000e+00 0.000000000000000000e+00 0.000000000000000000e+00 0.000000000000000000e+00 0.000000000000000000e+00 0.000000000000000000e+00 0.000000000000000000e+00 0.000000000000000000e+00 0.000000000000000000e+00 0.000000000000000000e+00 0.000000000000000000e+00 0.000000000000000000e+00 0.000000000000000000e+00 0.000000000000000000e+00 0.000000000000000000e+00 0.000000000000000000e+00 0.000000000000000000e+00 0.000000000000000000e+00 0.000000000000000000e+00 0.000000000000000000e+00 0.000000000000000000e+00 0.000000000000000000e+00 0.000000000000000000e+00 0.000000000000000000e+00 0.000000000000000000e+00 0.000000000000000000e+00 0.000000000000000000e+00 0.000000000000000000e+00 0.000000000000000000e+00 0.000000000000000000e+00 0.000000000000000000e+00 0.000000000000000000e+00 0.000000000000000000e+00 0.000000000000000000e+00 0.000000000000000000e+00 0.000000000000000000e+00 0.000000000000000000e+00 0.000000000000000000e+00 0.000000000000000000e+00 0.000000000000000000e+00 0.000000000000000000e+00 0.000000000000000000e+00 0.000000000000000000e+00 0.000000000000000000e+00 0.000000000000000000e+00 0.000000000000000000e+00 0.000000000000000000e+00 0.000000000000000000e+00 0.000000000000000000e+00 0.000000000000000000e+00 0.000000000000000000e+00 0.000000000000000000e+00 0.000000000000000000e+00 0.000000000000000000e+00 0.000000000000000000e+00 0.000000000000000000e+00 0.000000000000000000e+00 0.000000000000000000e+00 0.000000000000000000e+00 0.000000000000000000e+00 0.000000000000000000e+00 0.000000000000000000e+00 0.000000000000000000e+00 0.000000000000000000e+00 0.000000000000000000e+00 0.000000000000000000e+00 0.000000000000000000e+00 0.000000000000000000e+00 0.000000000000000000e+00 0.000000000000000000e+00 0.000000000000000000e+00 0.000000000000000000e+00 0.000000000000000000e+00 0.000000000000000000e+00 0.000000000000000000e+00 0.000000000000000000e+00 0.000000000000000000e+00 0.000000000000000000e+00 0.000000000000000000e+00 0.000000000000000000e+00 0.000000000000000000e+00 0.000000000000000000e+00 0.000000000000000000e+00 0.000000000000000000e+00 0.000000000000000000e+00 0.000000000000000000e+00 0.000000000000000000e+00 0.000000000000000000e+00 0.000000000000000000e+00 0.000000000000000000e+00 0.000000000000000000e+00 0.000000000000000000e+00 0.000000000000000000e+00 0.000000000000000000e+00 0.000000000000000000e+00 0.000000000000000000e+00 0.000000000000000000e+00
4.745370370370370562e-07 5.787037037037036961e-07 1.469907407407407365e-06 5.555555555555555187e-07 4.629629629629629675e-07 1.064814814814814894e-06 5.555555555555555187e-07 6.944444444444444777e-07 6.828703703703703890e-07 5.092592592592592695e-07 5.092592592592592695e-07 5.208333333333333583e-07 7.060185185185185665e-07 5.324074074074074470e-07 5.208333333333333583e-07 5.787037037037036961e-07 9.861111111111111753e-06 1.212962962962962976e-05 1.315972222222222154e-05 1.377314814814814782e-05 4.976851851851851808e-07 1.516203703703703720e-06 6.481481481481481227e-07 4.976851851851851808e-07 6.134259259259259624e-07 5.092592592592592695e-07 4.513888888888888788e-07 4.513888888888888788e-07 5.555555555555555187e-07 9.340277777777778183e-06 9.837962962962962729e-06 8.217592592592591998e-06 1.248842592592592524e-05 1.535879629629629755e-05 6.944444444444444777e-07 7.060185185185185665e-07 5.787037037037036961e-07 5.439814814814814299e-07 5.902777777777777849e-07 6.481481481481481227e-07 4.861111111111110921e-07 4.861111111111110921e-07 8.449074074074074197e-07 6.597222222222222115e-07 5.439814814814814299e-07 7.638888888888889043e-07 6.134259259259259624e-07 1.423611111111111010e-06 3.819444444444444522e-07 4.050925925925925767e-07 4.282407407407407542e-07 5.092592592592592695e-07 5.555555555555555187e-07 4.629629629629629675e-07 4.861111111111110921e-07 5.555555555555555187e-07 8.263888888888888353e-06 3.935185185185185409e-07 5.671296296296296074e-07 4.398148148148147900e-07 8.564814814814815084e-07 7.523148148148148156e-07 3.645833333333333296e-06 1.307870370370370334e-06 5.671296296296296074e-07 8.506944444444443793e-06 1.339120370370370331e-05 5.787037037037037094e-08 3.472222222222221992e-08 2.314814814814814771e-08 3.472222222222221992e-08 3.472222222222221992e-08 1.504629629629629684e-07 3.472222222222221992e-08 4.513888888888888788e-07 6.018518518518518736e-07 6.481481481481481227e-07 8.946759259259260013e-06 8.668981481481481883e-06 4.745370370370370562e-07 4.629629629629629675e-07 7.060185185185185665e-07 6.944444444444444777e-07 3.819444444444444522e-07 4.629629629629629675e-07 5.439814814814814299e-07 4.976851851851851808e-07 8.333333333333333733e-06 1.332175925925925963e-05 1.493055555555555542e-06 6.365740740740740340e-07 4.166666666666666655e-07 1.221064814814814880e-05 6.944444444444443983e-08 4.629629629629629543e-08 3.472222222222221992e-08 4.745370370370370562e-07 3.935185185185185409e-07 9.259259259259259138e-06 1.851851851851851817e-07 3.472222222222221992e-08 3.472222222222221992e-08 3.472222222222221992e-08 3.472222222222221992e-08 4.629629629629629543e-08 1.469907407407407365e-06 1.302083333333333417e-05 5.787037037037037094e-08 8.101851851851851534e-08 6.944444444444443983e-08 3.472222222222221992e-08 6.250000000000000511e-07 3.564814814814814675e-06 4.629629629629629675e-07 1.221064814814814880e-05 1.287037037037036974e-05 1.162037037037036985e-05 3.472222222222221992e-08 3.819444444444444522e-07 4.861111111111110921e-07 4.745370370370370562e-07 1.030092592592592628e-06 5.671296296296296074e-07 2.314814814814814771e-08 5.324074074074074470e-07 6.018518518518518736e-07 4.629629629629629543e-08 5.555555555555555187e-07 2.476851851851852027e-06 1.331018518518518512e-06 5.787037037037036961e-07 3.472222222222221992e-08 3.819444444444444522e-07 3.819444444444444522e-07 8.993055555555556368e-06 8.506944444444443793e-06 1.303240740740740783e-05 1.267361111111111066e-05 1.250000000000000060e-05 1.245370370370370424e-05
2.326388888888888873e-06 6.388888888888888517e-06 5.543981481481481310e-06 2.314814814814814785e-06 2.152777777777777966e-06 5.763888888888888572e-06 2.881944444444444286e-06 3.159722222222222416e-06 4.560185185185185037e-06 5.347222222222222224e-06 8.090277777777778293e-06 2.060185185185185256e-06 5.057870370370370429e-06 2.893518518518518375e-06 5.520833333333333132e-06 1.608796296296296218e-06 3.784722222222222361e-06 3.252314814814814702e-06 1.678240740740740751e-06 3.900462962962963249e-06 6.909722222222222087e-06 6.956018518518518442e-06 8.414351851851851083e-06 5.625000000000000354e-06 5.810185185185184927e-06 4.340277777777777774e-06 3.090277777777777884e-06 3.564814814814814675e-06 3.553240740740740586e-06 1.481481481481481454e-06 2.372685185185185228e-06 4.548611111111111371e-06 3.321759259259259235e-06 1.689814814814814839e-06 1.898148148148148225e-06 3.715277777777777829e-06 3.715277777777777829e-06 5.393518518518518579e-06 2.407407407407407495e-06 3.460648148148148300e-06 4.259259259259259576e-06 4.305555555555555931e-06 3.969907407407407781e-06 7.141203703703703862e-06 3.900462962962963249e-06 4.884259259259259522e-06 3.807870370370370539e-06 3.125000000000000150e-06 3.807870370370370539e-06 2.222222222222222075e-06 2.303240740740740696e-06 4.652777777777777747e-06 2.789351851851852000e-06 2.511574074074073870e-06 2.152777777777777966e-06 2.546296296296296136e-06 3.611111111111111030e-06 2.060185185185185256e-06 2.777777777777777911e-06 3.750000000000000095e-06 4.467592592592592327e-06 3.518518518518518320e-06 3.738425925925926006e-06 1.365740740740740778e-05 2.650462962962962935e-06 1.620370370370370307e-06 3.275462962962962880e-06 1.157407407407407419e-07 6.944444444444443983e-08 8.101851851851851534e-08 6.944444444444443983e-08 1.157407407407407419e-07 3.703703703703703634e-07 8.101851851851851534e-08 4.016203703703703289e-06 2.442129629629629761e-06 6.122685185185184900e-06 3.541666666666666498e-06 5.462962962962963112e-06 4.027777777777777801e-06 4.178240740740740532e-06 8.310185185185184708e-06 2.210648148148147986e-06 1.620370370370370307e-06 2.210648148148147986e-06 2.280092592592592518e-06 3.969907407407407781e-06 2.650462962962962935e-06 1.643518518518518484e-06 6.747685185185184845e-06 2.708333333333333378e-06 3.159722222222222416e-06 1.608796296296296218e-06 1.041666666666666664e-07 9.259259259259259085e-08 1.041666666666666664e-07 2.743055555555555645e-06 1.724537037037037106e-06 4.282407407407407754e-06 6.944444444444443983e-08 8.101851851851851534e-08 1.967592592592592705e-07 5.787037037037037094e-08 6.944444444444443983e-08 1.967592592592592705e-07 4.050925925925925979e-06 1.008101851851851817e-05 1.041666666666666664e-07 3.703703703703703634e-07 1.273148148148148174e-07 6.944444444444443983e-08 2.083333333333333433e-06 1.119212962962962899e-05 3.877314814814815071e-06 3.530092592592592409e-06 4.456018518518518661e-06 1.863425925925925959e-06 1.041666666666666664e-07 2.152777777777777966e-06 7.465277777777777500e-06 2.048611111111111167e-06 3.263888888888888791e-06 2.256944444444444341e-06 6.944444444444443983e-08 3.831018518518518716e-06 2.048611111111111167e-06 1.157407407407407419e-07 8.078703703703702933e-06 9.629629629629629978e-06 7.094907407407407507e-06 5.196759259259259494e-06 8.101851851851851534e-08 1.724537037037037106e-06 3.182870370370370170e-06 2.777777777777777911e-06 3.981481481481481446e-06 3.171296296296296505e-06 3.321759259259259235e-06 1.678240740740740751e-06 4.004629629629629624e-06
7.444212962962963023e-04 1.131226851851851794e-03 5.874537037037037487e-04 9.218634259259259099e-04 6.050578703703703848e-04 8.567361111111110664e-04 5.112384259259259442e-04 8.277893518518517979e-04 1.030856481481481554e-03 5.372106481481480960e-04 1.178946759259259357e-03 1.177002314814814751e-03 7.325231481481481611e-04 4.826620370370370331e-04 6.970254629629629847e-04 3.099537037037037256e-04 7.721412037037037046e-04 8.668750000000000240e-04 6.240162037037036685e-04 9.493518518518518322e-04 6.445370370370369969e-04 9.939236111111110061e-04 6.365277777777777427e-04 1.054224537037037109e-03 8.215393518518518358e-04 7.462847222222221844e-04 8.560763888888888590e-04 9.126620370370370225e-04 5.751273148148147718e-04 4.470833333333333495e-04 4.443634259259259043e-04 9.810995370370370530e-04 1.237743055555555515e-03 2.974884259259259257e-04 6.505671296296296289e-04 9.054629629629629486e-04 4.903124999999999714e-04 9.502546296296296695e-04 8.364930555555556008e-04 6.729861111111110723e-04 4.279050925925925730e-04 1.045381944444444483e-03 7.999652777777778055e-04 6.999305555555555272e-04 8.875694444444444083e-04 8.885532407407407528e-04 1.003263888888888825e-03 9.841087962962962940e-04 5.654398148148148413e-04 8.197685185185185023e-04 1.110057870370370408e-03 8.576157407407407124e-04 3.553472222222222297e-04 4.567476851851851971e-04 6.591782407407407746e-04 4.974768518518518125e-04 8.892245370370370017e-04 4.928240740740741279e-04 6.491203703703703242e-04 8.937962962962962875e-04 9.747222222222222008e-04 9.949652777777777748e-04 7.979976851851852248e-04 8.116435185185185081e-04 5.897222222222222752e-04 8.560185185185185432e-04 8.988888888888888493e-04 2.314814814814814771e-08 2.314814814814814771e-08 2.314814814814814771e-08 3.472222222222221992e-08 3.472222222222221992e-08 2.314814814814814771e-08 2.314814814814814771e-08 3.334516203703703774e-02 7.613645833333333376e-03 5.224872222222222140e-01 5.053644560185185375e-01 4.090366898148148356e-01 8.520601851851851904e-04 1.030347222222222211e-03 9.273032407407406918e-04 7.985879629629629665e-04 7.655092592592592894e-04 3.922569444444444237e-04 8.172106481481481799e-04 7.983796296296296778e-04 8.866319444444444465e-04 2.516087962962962701e-04 3.014976851851852019e-03 8.417730092592592417e-01 5.886627314814815021e-02 5.506973032407407320e-01 3.472222222222221992e-08 4.629629629629629543e-08 5.787037037037037094e-08 2.148436342592592585e-02 3.914462962962962644e-02 3.753688657407407148e-02 2.314814814814814771e-08 1.157407407407407386e-08 2.777777777777777593e-07 2.314814814814814771e-08 2.314814814814814771e-08 9.259259259259259085e-08 1.195497685185185292e-03 1.077708333333333296e-03 6.944444444444443983e-08 8.101851851851851534e-08 4.629629629629629543e-08 2.314814814814814771e-08 9.234027777777777633e-04 9.034722222222221766e-04 7.244293981481481765e-03 7.984305555555555253e-03 4.266898148148148026e-04 8.779398148148147936e-04 4.629629629629629543e-08 4.617224189814814750e-01 8.556924074074073738e-01 4.598842592592592739e-04 4.992129629629629131e-04 5.299537037037037063e-04 2.314814814814814771e-08 4.850000000000000253e-04 3.386226851851851854e-04 3.240740740740740614e-07 4.505117592592592368e-01 3.419328703703703723e-04 7.085185185185184815e-04 8.390624999999999646e-04 2.314814814814814771e-08 6.539351851851851315e-04 3.933217592592592755e-04 5.000347222222222433e-04 4.847082291666666709e-01 4.828240740740740475e-04 7.437037037037036707e-04 5.567939814814814627e-04 6.542549768518518549e-02
1.273148148148148174e-07 1.157407407407407419e-07 9.259259259259259085e-08 3.356481481481481501e-07 9.259259259259259085e-08 1.851851851851851817e-07 1.157407407407407419e-07 1.736111111111111194e-07 1.041666666666666664e-07 9.259259259259259085e-08 1.041666666666666664e-07 9.259259259259259085e-08 3.703703703703703634e-07 1.851851851851851817e-07 1.736111111111111194e-07 8.101851851851851534e-08 8.101851851851851534e-08 6.944444444444443983e-08 6.944444444444443983e-08 1.041666666666666664e-07 8.101851851851851534e-08 1.504629629629629684e-07 2.199074074074073950e-07 9.259259259259259085e-08 4.398148148148147900e-07 1.388888888888888797e-07 8.101851851851851534e-08 8.101851851851851534e-08 6.944444444444443983e-08 6.944444444444443983e-08 6.944444444444443983e-08 1.157407407407407419e-07 8.101851851851851534e-08 6.944444444444443983e-08 1.273148148148148174e-07 1.041666666666666664e-07 2.430555555555555460e-07 1.157407407407407419e-07 9.259259259259259085e-08 8.101851851851851534e-08 2.083333333333333327e-07 2.662037037037037235e-07 9.259259259259259085e-08 1.041666666666666664e-07 9.259259259259259085e-08 1.504629629629629684e-07 6.944444444444443983e-08 1.388888888888888797e-07 9.259259259259259085e-08 8.101851851851851534e-08 9.259259259259259085e-08 2.314814814814814838e-07 9.259259259259259085e-08 8.101851851851851534e-08 1.041666666666666664e-07 9.259259259259259085e-08 9.259259259259259085e-08 9.259259259259259085e-08 9.259259259259259085e-08 1.041666666666666664e-07 6.944444444444443983e-08 1.157407407407407419e-07 2.083333333333333327e-07 1.504629629629629684e-07 1.620370370370370307e-07 9.259259259259259085e-08 1.157407407407407419e-07 6.066388888888888525e-03 7.796990740740740401e-04 1.393634259259259175e-04 1.786226851851851723e-04 1.031562500000000014e-02 2.783564814814814777e-04 9.740046296296296776e-04 3.045636574074073871e-03 2.442592592592592775e-04 2.765995370370370483e-03 1.113981481481481420e-03 4.027430555555555473e-04 1.041666666666666664e-07 1.041666666666666664e-07 1.620370370370370307e-07 1.157407407407407419e-07 1.041666666666666664e-07 1.041666666666666664e-07 6.944444444444443983e-08 8.101851851851851534e-08 6.944444444444443983e-08 6.944444444444443983e-08 7.199768518518518540e-04 1.203703703703703793e-03 1.778819444444444578e-04 1.752129629629629523e-03 7.463888888888888830e-04 3.741319444444444575e-04 6.049884259259259191e-04 1.890983796296296206e-03 6.663773148148148485e-04 2.764108796296296192e-03 1.554212962962962970e-03 6.376157407407407858e-04 5.020833333333333311e-04 1.775462962962963062e-04 1.682870370370370488e-04 3.124768518518518693e-04 1.041666666666666664e-07 4.861111111111110921e-07 2.137037037037037171e-04 1.041238425925925925e-03 2.475115740740740943e-04 1.665162037037037153e-04 8.101851851851851534e-08 1.041666666666666664e-07 4.167476851851852006e-04 1.511111111111111075e-03 9.259259259259259085e-08 8.101851851851851534e-08 1.225578703703703661e-04 2.901736111111111118e-04 9.954629629629629679e-04 2.199074074074073950e-07 1.041666666666666664e-07 9.259259259259259085e-08 4.309027777777777726e-04 4.253472222222222235e-05 1.273148148148148174e-07 6.581944444444444301e-04 5.035879629629629517e-04 8.368055555555555067e-05 3.240740740740740614e-07 1.932870370370370279e-06 4.792013888888888734e-04 1.504629629629629684e-07 8.101851851851851534e-08 6.944444444444443983e-08 8.226388888888889203e-04 9.259259259259259085e-08 6.944444444444443983e-08 5.787037037037037094e-08 1.644131944444444373e-03
1.157407407407407419e-07 8.101851851851851534e-08 5.787037037037037094e-08 6.944444444444443983e-08 4.629629629629629543e-08 6.944444444444443983e-08 8.101851851851851534e-08 1.157407407407407419e-07 6.944444444444443983e-08 5.787037037037037094e-08 8.101851851851851534e-08 6.944444444444443983e-08 6.944444444444443983e-08 6.944444444444443983e-08 1.736111111111111194e-07 4.629629629629629543e-08 3.472222222222221992e-08 4.629629629629629543e-08 5.787037037037037094e-08 4.629629629629629543e-08 6.944444444444443983e-08 6.944444444444443983e-08 1.041666666666666664e-07 4.629629629629629543e-08 1.273148148148148174e-07 6.944444444444443983e-08 5.787037037037037094e-08 4.629629629629629543e-08 5.787037037037037094e-08 4.629629629629629543e-08 3.472222222222221992e-08 3.472222222222221992e-08 5.787037037037037094e-08 4.629629629629629543e-08 6.944444444444443983e-08 4.629629629629629543e-08 5.787037037037037094e-08 8.101851851851851534e-08 6.944444444444443983e-08 4.629629629629629543e-08 6.944444444444443983e-08 1.273148148148148174e-07 4.629629629629629543e-08 4.629629629629629543e-08 5.787037037037037094e-08 9.259259259259259085e-08 5.787037037037037094e-08 9.259259259259259085e-08 5.787037037037037094e-08 6.944444444444443983e-08 6.944444444444443983e-08 9.259259259259259085e-08 5.787037037037037094e-08 4.629629629629629543e-08 6.944444444444443983e-08 5.787037037037037094e-08 3.472222222222221992e-08 5.787037037037037094e-08 5.787037037037037094e-08 5.787037037037037094e-08 6.944444444444443983e-08 4.629629629629629543e-08 4.629629629629629543e-08 6.944444444444443983e-08 9.259259259259259085e-08 3.472222222222221992e-08 8.101851851851851534e-08 1.827325868055555524e+00 1.083159189814814738e+00 1.188084965277777849e+00 2.902015856481481304e-01 8.963524305555555793e-01 4.171101388888888706e-01 1.619536203703703769e+00 6.944444444444443983e-08 6.944444444444443983e-08 2.083333333333333327e-07 5.787037037037037094e-08 8.101851851851851534e-08 5.787037037037037094e-08 6.944444444444443983e-08 1.041666666666666664e-07 5.787037037037037094e-08 5.787037037037037094e-08 8.101851851851851534e-08 5.787037037037037094e-08 4.629629629629629543e-08 4.629629629629629543e-08 3.472222222222221992e-08 9.259259259259259085e-08 9.259259259259259085e-08 6.944444444444443983e-08 5.787037037037037094e-08 1.503819444444444398e-04 1.412638888888888842e-03 2.177083333333333442e-04 1.041666666666666664e-07 5.787037037037037094e-08 1.851851851851851817e-07 1.744606481481481529e-03 2.715624999999999940e-04 1.777094907407407356e-03 7.539062847222222086e-01 5.303548263888888670e-01 1.681730555555555617e-01 9.259259259259259085e-08 8.101851851851851534e-08 1.017188935185185272e+00 2.265393518518518472e-04 5.239699074074073704e-03 2.044311203703703672e+00 4.629629629629629543e-08 6.944444444444443983e-08 8.101851851851851534e-08 5.787037037037037094e-08 8.101851851851851534e-08 3.472222222222221992e-08 7.916025231481481628e-01 1.041666666666666664e-07 6.944444444444443983e-08 8.101851851851851534e-08 8.101851851851851534e-08 4.629629629629629543e-08 1.737395833333333414e-03 1.157407407407407419e-07 6.944444444444443983e-08 1.075439814814814878e-03 6.944444444444443983e-08 1.801041666666666557e-04 1.273148148148148174e-07 5.787037037037037094e-08 1.396180555555555619e-04 5.787037037037037094e-08 5.787037037037037094e-08 3.472222222222221992e-08 5.787037037037037094e-08 9.259259259259259085e-08 5.787037037037037094e-08 3.472222222222221992e-08 9.259259259259259085e-08
9.969031250000000011e-01 6.550478124999999929e-01 1.154386851851851858e+00 2.490194849537036959e+00 7.349266782407407606e-01 1.620277847222222123e+00 7.604952430555556031e-01 5.174579861111110873e-02 1.116940798611111063e+00 7.180020370370370220e-01 7.043044560185185432e-01 7.512262731481481048e-02 8.603210069444444663e-01 1.984557060185185184e+00 2.804072916666666693e-02 7.340207175925925753e-01 9.734329861111110649e-01 2.112515023148147986e+00 7.013054861111110982e-01 1.338312384259259247e-01 5.373702546296296040e-02 1.494328703703703661e-03 7.141199537037037359e-01 7.446682986111110569e-01 2.099650983796296444e+00 3.096233460648148306e+00 1.168318217592592578e+00 8.971248379629629399e-01 8.028988078703703790e-01 3.964123379629629906e-01 1.887871898148148153e+00 6.447559837962962836e-01 9.160184259259259720e-01 8.445818750000000374e-01 7.048134490740740610e-01 1.348847800925925822e-01 3.843674467592592681e+00 1.640719571759259310e+00 9.129429629629629561e-01 8.904425000000000257e-01 9.339539699074074219e-01 1.571281898148148226e+00 9.225104398148148421e-01 1.682042002314814821e+00 1.502575752314814883e+00 1.254996956018518572e+00 1.311902430555555443e-01 1.388275011574074069e+00 5.853948148148148123e-01 2.584403923611111153e+00 1.636493634259259311e+00 3.011876446759259363e+00 9.244381944444444998e-02 6.294651620370370626e-01 3.028417812499999862e+00 1.562853611111111096e+00 1.796495046296296305e+00 2.627451759259259223e+00 9.396978819444444797e-01 7.636544907407407656e-01 2.705074074074073978e-02 9.740672800925925801e-01 8.526525231481481004e-01 1.011344745370370335e+00 1.783925266203703730e+00 1.711027685185185110e+00 1.858119745370370390e+00 1.005150462962962898e-03 2.642013888888889057e-04 1.884166666666666585e-03 1.125289351851851928e-03 7.403356481481481680e-04 1.525150462962962961e-03 1.760023148148148146e-03 2.314814814814814771e-08 6.944444444444443983e-08 2.314814814814814771e-08 2.314814814814814771e-08 2.314814814814814771e-08 6.916387384259259363e-01 6.149055324074074180e-01 6.609440046296296556e-01 8.354136805555555378e-01 8.720855902777777668e-01 1.597121238425925904e+00 7.286091550925926086e-01 1.339824456018518628e+00 7.397658449074073772e-01 9.407696759259259744e-03 1.157407407407407386e-08 2.314814814814814771e-08 2.314814814814814771e-08 3.472222222222221992e-08 1.148405231481481437e+00 1.806941898148148207e+00 8.578342476851852361e-01 2.314814814814814771e-08 1.157407407407407386e-08 9.259259259259259085e-08 1.828991273148148133e+00 1.572033634259259349e+00 1.218237650462963062e+00 4.451388888888889060e-04 4.418634259259259520e-04 3.190972222222222159e-05 3.901574074074074232e-03 6.249349421296296336e-01 9.319097222222222105e-04 3.947569444444444303e-04 2.150902777777777622e-03 9.547453703703703397e-05 7.429666203703704230e-01 3.275578900462963183e+00 3.472222222222221992e-08 2.314814814814814771e-08 8.160698148148147757e-01 5.567684027777777267e-01 1.137395833333333358e-03 3.472222222222221992e-08 3.472222222222221992e-08 1.464084120370370279e+00 1.050990150462963069e+00 6.067542361111111227e-01 2.140475578703703585e-01 9.259259259259259085e-08 1.692168055555555439e-01 2.872244791666666575e-01 2.314814814814814771e-08 6.597222222222222115e-07 1.989599328703703707e+00 1.696870532407407373e+00 1.756993020833333308e+00 1.089400462962963001e+00 1.758630150462962893e+00 7.576301736111110685e-01 3.472222222222221992e-08 1.039869571759259204e+00 1.247695081018518559e+00 1.718970462962962964e+00 2.314814814814814771e-08
4.051689814814814390e-03 2.245023148148148279e-04 1.456250000000000025e-04 1.888657407407407472e-04 1.087268518518518499e-04 8.051388888888888744e-04 1.452314814814814809e-04 4.373842592592592691e-04 3.281250000000000204e-04 1.983900462962962918e-03 1.846087962962963003e-03 2.381944444444444398e-04 1.971643518518518515e-04 7.614583333333333880e-05 7.137962962962962491e-04 9.506944444444444383e-05 1.230902777777777648e-04 1.573993055555555475e-03 3.601932870370370358e-03 1.561747685185185114e-03 1.397627314814814869e-03 1.259907407407407504e-03 1.802743055555555479e-03 9.716666666666666854e-04 8.230902777777777306e-04 2.128229166666666724e-03 1.213773148148148149e-04 4.019201388888888997e-03 1.538402777777777859e-03 3.913912037037036926e-03 1.575046296296296394e-03 2.454282407407407194e-03 7.501157407407407557e-05 1.295370370370370339e-03 7.053240740740740347e-04 2.258553240740740660e-03 3.799074074074074180e-04 1.568009259259259226e-03 1.273530092592592596e-03 9.822800925925925363e-04 6.923611111111111502e-05 5.260416666666666279e-04 7.351851851851852362e-05 1.066550925925925978e-04 2.470497685185185383e-03 2.877881944444444628e-03 5.711805555555555554e-05 5.317314814814814647e-03 4.331006944444444617e-03 5.824895833333332967e-03 3.836331018518518432e-03 3.302175925925925851e-03 2.975000000000000214e-03 9.819016203703703066e-03 3.328726851851851812e-03 3.734664351851851860e-03 4.688576388888888828e-03 3.207442129629629532e-03 4.427962962962962538e-03 4.980370370370370246e-03 9.421527777777776932e-03 2.731770833333333447e-03 2.943263888888888926e-03 7.214837962962962828e-03 4.328877314814814914e-03 5.417627314814815222e-03 7.308101851851852085e-03 1.960040347222222312e+00 2.766678240740740556e-03 3.644085648148148032e-03 1.239680555555555501e-02 5.417592592592592599e-02 6.519606481481481260e-03 3.543032523148147983e-01 3.472222222222221992e-08 3.472222222222221992e-08 6.944444444444443983e-08 2.314814814814814771e-08 6.944444444444443983e-08 1.964583333333333427e-04 7.604166666666666735e-05 2.107291666666666547e-04 7.723032407407407190e-04 3.398634259259259230e-03 1.902546296296296277e-04 3.467308796296296181e-01 1.021712962962962983e-03 7.475578703703703249e-04 1.810844907407407499e-03 3.472222222222221992e-08 3.472222222222221992e-08 2.314814814814814771e-08 3.472222222222221992e-08 2.704571759259259429e-03 2.864351851851851868e-03 2.396516203703703655e-03 6.944444444444443983e-08 3.472222222222221992e-08 2.314814814814814771e-08 2.177476851851851882e-03 1.351817129629629679e-03 7.099768518518518277e-04 6.691385416666666142e-02 2.376273148148148081e-04 2.281481481481481392e-04 2.985567129629629682e-03 3.432430555555555755e-03 1.074988425925925851e-03 1.255324074074074068e-03 3.578023148148148230e-02 2.945581018518518557e-02 3.440196759259259163e-03 5.376087962962962721e-03 3.472222222222221992e-08 2.314814814814814771e-08 2.492708333333333321e-04 1.548807870370370312e-03 6.631480324074073840e-02 5.787037037037037094e-08 3.472222222222221992e-08 1.299067129629629704e-02 1.180138888888888991e-03 7.545127314814814405e-03 7.367986111111110743e-03 1.720923483796296338e+00 3.597280092592592456e-03 2.309374999999999796e-03 3.472222222222221992e-08 3.240740740740740614e-07 3.906539351851852013e-03 4.958333333333333690e-04 4.679629629629629395e-04 3.595752314814814644e-03 1.300636574074074065e-03 2.408900462962962948e-03 3.472222222222221992e-08 5.254641203703704078e-03 4.142013888888888655e-04 9.121990740740740624e-04 6.944444444444443983e-08
8.988935185185184876e-03 2.942528935185185351e-02 5.273495370370370229e-03 2.028270833333333314e-02 1.353124999999999890e-04 1.246079907407407372e+00 9.980150462962963237e-03 6.717037037037036987e-03 1.038700231481481419e-02 3.876175925925925969e-02 1.172226932870370275e+00 2.799999999999999972e-03 3.026675578703703628e-01 1.198194444444444437e-03 9.094050925925925566e-03 1.492847222222222232e-03 9.104212962962963257e-03 5.749236111111111214e-03 1.269687499999999983e-02 1.039535879629629664e-02 4.262372685185185014e-03 3.938750000000000411e-03 9.528152777777777749e-02 5.233263888888888861e-03 2.047702303240740651e+00 2.004150694444444547e-01 7.955833333333333854e-03 7.734428240740741367e-02 2.552523148148147947e-03 1.247711805555555553e-02 1.362940775462962995e+00 6.466780092592593066e-02 6.229172685185184744e-01 1.622965740740740792e-01 1.427222222222222303e-03 8.122469328703704194e-01 4.955393518518518697e-03 8.681712962962962745e-05 1.412982754629629745e-01 1.057122141203703736e+00 2.280199074074074073e-02 7.577685185185185565e-03 3.614120370370370403e-03 1.895302083333333387e-02 2.796810185185185094e-01 9.895273148148148179e-02 1.652164351851851927e-03 5.415370370370370737e-03 1.120324074074074147e-03 3.358750000000000190e-03 4.774363425925925823e-03 1.998935185185185190e-03 1.073599537037036970e-03 7.660231481481481405e-03 2.296655092592592758e-03 2.207986111111111087e-03 3.361226851851851789e-04 1.735717592592592520e-03 2.412013888888888888e-03 1.593726851851851815e-03 5.349942129629629839e-03 2.004976851851851972e-03 2.017256944444444349e-03 2.644722222222222353e-03 8.482094907407406945e-03 2.258182870370370465e-03 1.775648148148148159e-03 1.215034722222222167e-03 5.453564814814814733e-03 3.179444444444444375e-03 4.126388888888888750e-04 2.965775462962963026e-03 5.095833333333333508e-04 1.303171296296296196e-03 8.695370370370370449e-04 5.874189814814815159e-04 5.020833333333333176e-05 2.982407407407407359e-04 4.910763888888888774e-04 3.901652777777777498e-02 7.935185185185185419e-05 3.236246527777777993e-02 5.266550925925926260e-03 2.019138101851851719e+00 1.791842592592592445e-02 5.787037037037037094e-08 3.403009259259259160e-04 4.118696759259259099e-02 7.076501736111111551e-01 4.135416666666666446e-05 4.299999999999999894e-04 2.848379629629629471e-05 4.441435185185185200e-04 1.327237615740740617e-01 1.366622685185185128e-02 1.280984374999999953e-01 1.039467592592592619e-04 3.703240740740740776e-04 4.028935185185185337e-05 2.177283159722222194e+00 2.063145324074074249e+00 4.699086493055555813e+00 3.562453703703703529e-03 1.586339120370370420e-02 3.266898148148148114e-04 1.582175925925925772e-05 1.803240740740740740e-05 2.486810185185185304e-02 9.058993055555556242e-03 2.550254629629629746e-03 4.656331018518518848e-03 1.326678240740740682e-03 1.519050925925925864e-03 1.763310185185185087e-04 2.519675925925925859e-05 1.695990740740740618e-02 1.113752893518518555e-01 1.214212962962962945e-03 2.884259259259259358e-05 3.497685185185185299e-05 4.462187500000000008e-03 4.316686342592592762e-01 4.095150462962962763e-03 1.445601851851851779e-05 3.239120370370370504e-04 1.755787037037037188e-05 2.044575266203703556e+00 5.915046296296296502e-04 9.745133101851851665e-01 6.177893518518518976e-04 2.314814814814814771e-08 5.789351851851851652e-05 1.082820601851851826e-02 1.220721469907407375e+00 6.747685185185184845e-06 6.820138888888889039e-04 1.625445601851851704e-02 5.879629629629629460e-06 1.042902777777777838e-02 1.384837962962962986e-04
5.986840277777777559e-03 2.835405092592592491e-03 4.548472222222221979e-03 3.765150462962962765e-03 3.148773148148147939e-03 4.221898148148148233e-03 5.414039351851852172e-03 4.425115740740740745e-03 3.283796296296296376e-03 5.753159722222222008e-03 2.760532407407407293e-03 4.889560185185185155e-03 8.005775462962962802e-03 4.257453703703703400e-03 3.791909722222222123e-03 6.885312499999999940e-03 1.193064814814814856e-02 3.604178240740740693e-03 7.703391203703703616e-03 3.329745370370370606e-04 7.064930555555555850e-04 2.107384259259259367e-03 1.054326388888888848e-02 3.411736111111111046e-03 1.675173611111111004e-03 1.293784722222222211e-03 1.726053240740740673e-03 2.508182870370370254e-03 1.234375000000000012e-03 1.087997685185185118e-03 2.397245370370370329e-03 7.985995370370370080e-04 1.002395833333333437e-03 1.798321759259259274e-03 3.420856481481481318e-03 5.759444444444444637e-03 3.643090277777777646e-03 4.950127314814815188e-03 5.111712962962962868e-03 2.774814814814815025e-03 6.315937500000000371e-03 2.748009259259259068e-03 5.737523148148147845e-03 3.880856481481481657e-03 5.596990740740740919e-03 4.561215277777777750e-03 3.619918981481481338e-03 1.509259259259259309e-05 1.501157407407407405e-05 2.125000000000000153e-05 1.519675925925925947e-05 1.635416666666666665e-05 1.495370370370370403e-05 1.515046296296296311e-05 1.539351851851851686e-05 1.707175925925925761e-05 7.442129629629629323e-06 1.369212962962963047e-05 1.494212962962963036e-05 1.483796296296296229e-05 1.418981481481481501e-05 1.482638888888888863e-05 1.392361111111111055e-05 1.751157407407407383e-05 1.554398148148148297e-05 7.997685185185185583e-06 7.870370370370370183e-06 1.658564814814814673e-05 1.684027777777777753e-05 1.561342592592592497e-05 1.402777777777777862e-05 1.506944444444444407e-05 1.490740740740740767e-05 1.515046296296296311e-05 9.002548148148148410e-01 1.087512118055555588e+00 1.410006550925925861e+00 5.688111111111111146e-02 1.861648379629629591e-01 1.969907407407407197e-03 2.583240740740740549e-03 2.140034722222222425e-03 8.493171296296296623e-04 4.578703703703703646e-04 7.923032407407407714e-04 4.721594097222222008e-01 6.646527777777777894e-04 9.108449074074074364e-03 1.092384259259259307e-03 1.411421643518518398e-01 3.171576388888888709e-02 1.102220497685185263e+00 9.413258680555555147e-01 1.458333333333333319e-05 1.436342592592592677e-05 1.484953703703703765e-05 4.380690972222222451e-02 2.308195717592592677e-01 1.211893391203703763e+00 5.238194444444444842e-04 9.791782407407407466e-04 4.407407407407407302e-04 7.759065972222221885e-02 3.986504629629629773e-03 1.986250000000000168e-03 1.561574074074074004e-04 1.026516203703703748e-03 1.488425925925925865e-05 1.620370370370370392e-05 1.486018518518518461e-03 1.016979166666666682e-03 1.434027777777777775e-05 1.528935185185185218e-05 8.299907870370369922e-01 5.542493171296296595e-01 2.384259259259259402e-05 4.295138888888888786e-05 1.303240740740740783e-05 1.045496678240740662e+00 9.281502314814814303e-02 1.848379629629629559e-05 8.686685185185185620e-01 1.682627314814814749e-03 9.172569444444443913e-04 3.899433333333333085e-01 1.191365740740740666e-03 6.607407407407407110e-04 6.209351851851852011e-02 3.706041666666666512e-03 1.660879629629629745e-05 3.978310185185185421e-03 4.850231481481481408e-03 1.471189759259259233e+01 3.062430555555555652e-03 1.209027777777777726e-04 1.095581631944444467e+00 2.617511574074074185e-03 7.584490740740740657e-05 1.535486111111111166e-03 1.206011689814814880e-01
3.772222222222222057e-04 1.299224537037037101e-03 8.085532407407407599e-04 7.663657407407407441e-04 1.595358796296296325e-03 8.523124999999999452e-03 3.016863425925925875e-03 2.804618055555555423e-03 1.050567129629629594e-03 3.123645833333333309e-03 1.824189814814814728e-03 1.555335648148148137e-03 5.958321759259259560e-03 2.352037037037037030e-03 4.399930555555555366e-03 1.241377314814814730e-03 6.299652777777778150e-03 1.201412037037037075e-03 2.626388888888889044e-03 1.509259259259259309e-05 1.619212962962962856e-05 1.700231481481481562e-05 1.677083333333333215e-05 1.440972222222222143e-05 8.599537037037036503e-06 8.298611111111111043e-06 8.923611111111110988e-06 6.423611111111111207e-06 7.650462962962963767e-06 7.025462962962962975e-06 6.539351851851852095e-06 1.431712962962963041e-05 6.469907407407407562e-06 6.516203703703703917e-06 2.480949074074074220e-03 5.186203703703703288e-03 1.084097222222222190e-03 2.612037037037036845e-03 1.373865740740740820e-03 1.780567129629629557e-03 5.426365740740741149e-03 1.371296296296296239e-03 3.988344907407407464e-03 4.273912037037037003e-03 1.660578703703703609e-03 3.013368055555555591e-03 1.924722222222222199e-03 4.951180555555555890e-03 1.657708333333333299e-03 4.758564814814815079e-04 1.484953703703703663e-04 6.733680555555555253e-04 1.465092592592592488e-03 2.313090277777777627e-03 1.669953703703703661e-03 1.822534722222222134e-03 3.250925925925925880e-04 1.102395833333333266e-03 1.511226851851851924e-03 1.776712962962963011e-03 2.189004629629629503e-04 1.503819444444444398e-04 7.313773148148148022e-04 1.086793981481481552e-03 1.407407407407407294e-04 2.331585648148148168e-03 1.175844907407407351e-03 3.007870370370370168e-04 1.060046296296296344e-03 2.131817129629629774e-03 1.997569444444444338e-04 1.513310185185185244e-04 8.127546296296296342e-04 8.693634259259258807e-04 1.568270833333333322e-02 2.971898148148147990e-03 2.838136574074074086e-03 9.839583333333334295e-04 3.392500000000000116e-03 2.282754166666666751e-01 2.194561342592592501e-01 2.880488194444444372e-01 8.264525462962963101e-03 2.945428310185185250e+00 3.320565972222222495e-02 2.327500000000000142e-03 2.995755787037036877e-02 8.645601851851852232e-03 8.811104166666666737e-02 7.550208333333333251e-03 7.641249999999999605e-03 3.132534722222222318e-03 3.276030092592592535e-03 1.500462962962962883e-04 7.824999999999999924e-04 6.427546296296296219e-04 3.027199074074074080e-03 9.832395833333333612e-03 6.238124999999999747e-03 1.127594907407407365e-01 2.192548726851851759e-01 2.157631250000000112e+00 8.091782407407407344e-04 1.255682870370370329e-03 5.070254629629629200e-04 1.851851851851851817e-07 1.018518518518518539e-06 7.446412037037037409e-04 1.156365740740740737e-04 1.403935185185185228e-05 1.827546296296296284e-05 1.399421296296296177e-04 4.179745370370370125e-04 8.846527777777778243e-04 7.652083333333333437e-04 5.685185185185184938e-05 2.028888078703703635e-01 2.748726851851851808e-04 8.213773148148148214e-04 2.938229166666666680e-03 1.877962962962963006e-03 3.688541666666666791e-03 1.622685185185185125e-05 1.736111111111111194e-07 2.097696759259259219e-03 2.777777777777777593e-07 1.725033877314814834e+00 1.446770833333333329e-03 1.345219907407407389e-03 1.149641203703703719e-03 3.202986111111111311e-03 6.574074074074073937e-06 2.013842592592592681e-03 7.314814814814814770e-06 1.388888888888888797e-07 9.972430555555555562e-03 1.115624999999999945e-04 1.181134259259259295e-04 5.682870370370370374e-06 5.251226851851851542e-03
1.578703703703703841e-05 1.375000000000000049e-05 1.613425925925925854e-05 1.377314814814814782e-05 1.596064814814814848e-05 1.531249999999999951e-05 1.422453703703703770e-05 1.561342592592592497e-05 1.855324074074074097e-05 1.531249999999999951e-05 1.452546296296296316e-05 1.817129629629629477e-05 1.546296296296296224e-05 1.525462962962962949e-05 8.819444444444444613e-06 6.365740740740740340e-06 1.118055555555555533e-05 8.541666666666666483e-06 6.377314814814814852e-06 1.737499999999999949e-04 1.338310185185185056e-04 2.413194444444444480e-04 5.849895833333333683e-03 9.456828703703703837e-04 1.230324074074073948e-04 2.406712962962963092e-04 1.363414351851851766e-03 1.116678240740740782e-03 9.011574074074074571e-05 1.805902777777777801e-04 2.644398148148148324e-03 2.434490740740740701e-04 2.951157407407407549e-04 1.816979166666666612e-03 1.541666666666666757e-05 1.542824074074073955e-05 1.334490740740740696e-05 1.714120370370370299e-05 1.612268518518518656e-05 1.560185185185185299e-05 1.621527777777777927e-05 1.859953703703703563e-05 1.585648148148148041e-05 1.553240740740740762e-05 1.629629629629629663e-05 1.590277777777777846e-05 9.456018518518518223e-06 1.620370370370370307e-07 5.555555555555555187e-07 3.935185185185185409e-07 3.125000000000000256e-07 3.587962962962962747e-07 1.967592592592592705e-07 6.828703703703703890e-07 2.083333333333333327e-07 6.597222222222222115e-07 1.388888888888888797e-07 3.009259259259259368e-07 1.967592592592592705e-07 2.199074074074073950e-07 3.356481481481481501e-07 1.851851851851851817e-07 2.430555555555555460e-07 2.662037037037037235e-07 2.777777777777777593e-07 1.388888888888888797e-07 1.273148148148148174e-07 1.736111111111111194e-07 2.430555555555555460e-07 2.199074074074073950e-07 1.851851851851851817e-07 2.199074074074073950e-07 1.736111111111111194e-07 2.314814814814814838e-07 1.554398148148148297e-05 1.652777777777777671e-05 1.587962962962963112e-05 6.273148148148148477e-06 8.148148148148148313e-06 6.836805555555555388e-04 1.470081018518518568e-03 7.640497685185185066e-03 6.702893518518518185e-04 5.599675925925926348e-03 1.632361111111111122e-03 9.737500000000000062e-04 2.923807870370370449e-03 2.347696759259259441e-03 2.658449074074074035e-04 5.954166666666666202e-04 9.159374999999999765e-04 3.109594907407407273e-03 1.601030092592592696e-03 1.620370370370370307e-07 1.851851851851851817e-07 4.861111111111110921e-07 1.337731481481481410e-03 1.854664351851851916e-03 3.473136574074074234e-03 1.363425925925925876e-05 1.709490740740740833e-05 8.124999999999999288e-06 1.446759259259259314e-05 1.817129629629629477e-05 1.534722222222222220e-05 1.041666666666666664e-07 9.143518518518518463e-07 2.430555555555555460e-07 1.851851851851851817e-07 1.316319444444444449e-04 2.936111111111111343e-04 3.009259259259259368e-07 4.282407407407407542e-07 6.846578703703704027e-02 1.206188657407407383e-02 5.108298611111111200e-03 4.347789351851851815e-03 1.415243055555555655e-03 1.354470023148148239e-01 1.385416666666666686e-05 9.027777777777777575e-07 1.518518518518518580e-05 2.557175925925925957e-04 8.101851851851851534e-08 1.596064814814814848e-05 1.388888888888888797e-07 1.495370370370370403e-05 2.378472222222222061e-05 1.686342592592592486e-05 3.587962962962962747e-07 2.010416666666666632e-05 7.613541666666666895e-04 6.701388888888888490e-06 1.068749999999999957e-04 6.944444444444443983e-08 9.036342592592592994e-04 5.096875000000000494e-04 6.400462962962963030e-06 2.115973136574074154e+00 8.028587962962963065e-04
2.144444444444444317e-04 9.723958333333333585e-04 1.987685185185185215e-03 1.533333333333333380e-04 1.954166666666666552e-04 1.076539351851851746e-03 5.140856481481481709e-04 7.492245370370370682e-04 3.919675925925925736e-04 1.169942129629629717e-03 1.215972222222222264e-04 1.589583333333333256e-04 4.668518518518518677e-04 1.647453703703703819e-04 1.121574074074074097e-03 1.110451388888888903e-03 3.619560185185185077e-04 9.548611111111111611e-05 1.405775462962963055e-03 4.629629629629629675e-07 1.851851851851851817e-07 1.967592592592592705e-07 2.662037037037037235e-07 1.967592592592592705e-07 1.967592592592592705e-07 1.620370370370370307e-07 1.504629629629629684e-07 1.388888888888888797e-07 1.388888888888888797e-07 1.388888888888888797e-07 2.083333333333333433e-06 1.851851851851851817e-07 1.388888888888888797e-07 1.388888888888888797e-07 1.883217592592592528e-04 3.796099537037037064e-03 8.474305555555555888e-04 6.200115740740740414e-04 1.357175925925925791e-04 1.785011574074074061e-03 1.457800925925925974e-03 2.006828703703703812e-04 5.563657407407407354e-04 1.141851851851851795e-03 1.677407407407407406e-03 3.458912037037037250e-04 1.404606481481481504e-03 6.944444444444443983e-08 1.504629629629629684e-07 1.273148148148148174e-07 1.273148148148148174e-07 1.620370370370370307e-07 9.259259259259259085e-08 3.472222222222222389e-07 8.101851851851851534e-08 2.083333333333333327e-07 6.944444444444443983e-08 1.388888888888888797e-07 8.101851851851851534e-08 1.041666666666666664e-07 9.259259259259259085e-08 8.101851851851851534e-08 1.504629629629629684e-07 1.273148148148148174e-07 1.504629629629629684e-07 6.944444444444443983e-08 6.944444444444443983e-08 8.101851851851851534e-08 2.083333333333333327e-07 9.259259259259259085e-08 9.259259259259259085e-08 1.157407407407407419e-07 8.101851851851851534e-08 1.620370370370370307e-07 1.248032407407407283e-04 7.677083333333333502e-04 9.719212962962962485e-04 8.659722222222221595e-05 7.136458333333333846e-04 1.498842592592592671e-05 1.349537037037036969e-05 1.840277777777777824e-05 7.812500000000000163e-06 6.539351851851852095e-06 1.545138888888889026e-05 1.225694444444444516e-05 6.296296296296296654e-06 7.094907407407407507e-06 7.407407407407407480e-06 1.769675925925925925e-05 1.546296296296296224e-05 6.504629629629629405e-06 7.013888888888889310e-06 6.944444444444443983e-08 8.101851851851851534e-08 1.273148148148148174e-07 1.793981481481481469e-05 6.192129629629629432e-06 7.488425925925925678e-06 3.015046296296296485e-04 1.691747685185185238e-03 6.562615740740740822e-04 5.258333333333333392e-04 2.454976851851851851e-04 1.187731481481481505e-04 2.314814814814814771e-08 2.199074074074073950e-07 1.041666666666666664e-07 8.101851851851851534e-08 1.736111111111111194e-07 2.314814814814814838e-07 1.157407407407407419e-07 1.504629629629629684e-07 1.476828703703703723e-03 4.179652777777777793e-03 4.444189814814814878e-03 2.891284722222222173e-03 1.478009259259259227e-05 3.090081018518518480e-03 4.998726851851852289e-04 1.041666666666666664e-07 1.733599537037036967e-03 6.597222222222222115e-07 2.314814814814814771e-08 3.447916666666666404e-04 4.629629629629629543e-08 1.335532407407407512e-04 1.638541666666666673e-04 4.269675925925926112e-04 3.240740740740740614e-07 1.641608796296296392e-03 1.504629629629629684e-07 1.523263888888888834e-04 1.388888888888888797e-07 1.157407407407407386e-08 7.465277777777777500e-06 1.228009259259259249e-05 6.622685185185185229e-04 2.855787037037036888e-04 7.743055555555554783e-06
2.893518518518518481e-07 2.083333333333333327e-07 2.777777777777777593e-07 2.199074074074073950e-07 9.027777777777777575e-07 2.430555555555555460e-07 3.125000000000000256e-07 1.967592592592592705e-07 2.199074074074073950e-07 2.662037037037037235e-07 1.851851851851851817e-07 2.662037037037037235e-07 1.851851851851851817e-07 5.555555555555555187e-07 1.851851851851851817e-07 1.504629629629629684e-07 1.967592592592592705e-07 1.504629629629629684e-07 5.902777777777777849e-07 3.587962962962962747e-07 9.259259259259259085e-08 9.259259259259259085e-08 1.504629629629629684e-07 9.259259259259259085e-08 1.041666666666666664e-07 6.944444444444443983e-08 1.388888888888888797e-07 6.944444444444443983e-08 6.944444444444443983e-08 8.101851851851851534e-08 5.787037037037037094e-08 1.736111111111111194e-07 5.787037037037037094e-08 5.787037037037037094e-08 1.851851851851851817e-07 1.967592592592592705e-07 2.430555555555555460e-07 5.555555555555555187e-07 2.199074074074073950e-07 1.851851851851851817e-07 1.967592592592592705e-07 2.777777777777777593e-07 1.620370370370370307e-07 1.736111111111111194e-07 1.736111111111111194e-07 2.777777777777777593e-07 1.504629629629629684e-07 4.629629629629629543e-08 2.314814814814814771e-08 3.472222222222221992e-08 3.472222222222221992e-08 3.472222222222221992e-08 2.314814814814814771e-08 2.314814814814814771e-08 4.629629629629629543e-08 2.314814814814814838e-07 5.787037037037037094e-08 1.736111111111111194e-07 2.314814814814814771e-08 3.472222222222221992e-08 1.041666666666666664e-07 2.314814814814814771e-08 3.472222222222221992e-08 3.472222222222221992e-08 3.472222222222221992e-08 2.314814814814814771e-08 2.314814814814814771e-08 2.314814814814814771e-08 4.629629629629629543e-08 3.472222222222221992e-08 2.314814814814814771e-08 5.787037037037037094e-08 2.314814814814814771e-08 6.944444444444443983e-08 2.430555555555555460e-07 1.736111111111111194e-07 1.851851851851851817e-07 1.736111111111111194e-07 1.388888888888888797e-07 1.407523148148148251e-04 1.257986111111111143e-04 1.259699074074074106e-03 1.058449074074074039e-04 1.672222222222222241e-04 1.237245370370370322e-03 1.435069444444444489e-04 2.096990740740740629e-04 8.765046296296295845e-05 8.672453703703703813e-05 1.862384259259259320e-04 1.640509259259259145e-04 2.451851851851851978e-04 8.851851851851851418e-04 2.314814814814814771e-08 4.629629629629629543e-08 3.472222222222221992e-08 2.833912037037037237e-04 5.746990740740740445e-04 2.440428240740740839e-03 1.851851851851851817e-07 2.083333333333333327e-07 1.967592592592592705e-07 1.967592592592592705e-07 8.796296296296295800e-07 1.736111111111111194e-07 2.314814814814814771e-08 4.629629629629629543e-08 3.472222222222221992e-08 3.472222222222221992e-08 8.101851851851851534e-08 2.430555555555555460e-07 6.944444444444443983e-08 8.101851851851851534e-08 1.503472222222222138e-05 9.525462962962963603e-06 7.303240740740741105e-06 5.891203703703703972e-06 1.443055555555555606e-04 1.423611111111111137e-05 1.736111111111111194e-07 3.472222222222221992e-08 1.967592592592592705e-07 3.009259259259259368e-07 2.314814814814814771e-08 1.851851851851851817e-07 9.259259259259259085e-08 1.736111111111111194e-07 5.902777777777777849e-07 2.430555555555555460e-07 4.629629629629629543e-08 1.851851851851851817e-07 1.736111111111111194e-07 1.504629629629629684e-07 8.101851851851851534e-08 2.314814814814814771e-08 1.037569444444444476e-03 8.655902777777777337e-04 1.388888888888888797e-07 1.504629629629629684e-07 9.759490740740740669e-04
9.837962962962962729e-07 1.504629629629629684e-07 1.388888888888888797e-07 1.157407407407407419e-07 3.935185185185185409e-07 1.157407407407407419e-07 1.273148148148148174e-07 1.041666666666666664e-07 1.157407407407407419e-07 1.620370370370370307e-07 9.259259259259259085e-08 1.504629629629629684e-07 8.101851851851851534e-08 9.259259259259259085e-08 6.944444444444443983e-08 9.259259259259259085e-08 9.259259259259259085e-08 1.157407407407407419e-07 3.703703703703703634e-07 1.620370370370370307e-07 3.472222222222221992e-08 2.314814814814814771e-08 8.101851851851851534e-08 4.629629629629629543e-08 2.314814814814814771e-08 2.314814814814814771e-08 2.314814814814814771e-08 1.157407407407407386e-08 3.472222222222221992e-08 3.472222222222221992e-08 2.314814814814814771e-08 1.157407407407407386e-08 1.157407407407407386e-08 2.314814814814814771e-08 8.101851851851851534e-08 8.101851851851851534e-08 1.388888888888888797e-07 1.273148148148148174e-07 8.101851851851851534e-08 9.259259259259259085e-08 1.041666666666666664e-07 1.620370370370370307e-07 8.101851851851851534e-08 8.101851851851851534e-08 8.101851851851851534e-08 1.388888888888888797e-07 1.273148148148148174e-07 2.314814814814814771e-08 6.944444444444443983e-08 3.472222222222221992e-08 3.472222222222221992e-08 6.944444444444443983e-08 3.472222222222221992e-08 2.314814814814814771e-08 2.314814814814814771e-08 2.662037037037037235e-07 3.472222222222221992e-08 2.083333333333333327e-07 2.314814814814814771e-08 2.314814814814814771e-08 3.472222222222221992e-08 3.472222222222221992e-08 2.314814814814814771e-08 2.314814814814814771e-08 3.472222222222221992e-08 2.314814814814814771e-08 1.157407407407407386e-08 2.314814814814814771e-08 3.472222222222221992e-08 2.314814814814814771e-08 2.314814814814814771e-08 4.629629629629629543e-08 3.472222222222221992e-08 3.472222222222221992e-08 1.504629629629629684e-07 9.259259259259259085e-08 9.259259259259259085e-08 1.157407407407407419e-07 8.101851851851851534e-08 2.430555555555555460e-07 2.430555555555555460e-07 2.083333333333333327e-07 3.472222222222222389e-07 1.388888888888888797e-07 2.083333333333333327e-07 2.546296296296296348e-07 1.388888888888888797e-07 1.388888888888888797e-07 1.967592592592592705e-07 2.893518518518518481e-07 8.449074074074074197e-07 1.620370370370370307e-07 1.388888888888888797e-07 2.314814814814814771e-08 2.314814814814814771e-08 3.472222222222221992e-08 1.736111111111111194e-07 1.388888888888888797e-07 1.504629629629629684e-07 9.259259259259259085e-08 2.893518518518518481e-07 1.157407407407407419e-07 1.041666666666666664e-07 6.250000000000000511e-07 9.259259259259259085e-08 5.268657407407407664e-03 2.182638888888888910e-03 3.472222222222221992e-08 2.314814814814814771e-08 2.314814814814814771e-08 4.629629629629629543e-08 2.777777777777777593e-07 3.472222222222221992e-08 3.818402777777777659e-04 3.475115740740740856e-04 2.171296296296296169e-04 3.308333333333333156e-04 1.736111111111111194e-07 6.739120370370369926e-04 8.101851851851851534e-08 4.629629629629629543e-08 1.041666666666666664e-07 9.259259259259259085e-08 1.636388888888888832e-03 8.101851851851851534e-08 2.889311689814814677e-01 8.101851851851851534e-08 8.101851851851851534e-07 1.041666666666666664e-07 6.944444444444443983e-08 8.101851851851851534e-08 3.472222222222221992e-08 8.101851851851851534e-08 2.314814814814814771e-08 1.624178240740740704e-03 3.009259259259259368e-07 1.273148148148148174e-07 5.787037037037037094e-08 5.787037037037037094e-08 1.920497685185185242e-03
5.787037037037037094e-08 3.472222222222221992e-08 4.629629629629629543e-08 4.629629629629629543e-08 1.620370370370370307e-07 3.472222222222221992e-08 5.787037037037037094e-08 2.314814814814814771e-08 3.472222222222221992e-08 4.629629629629629543e-08 2.314814814814814771e-08 4.629629629629629543e-08 2.314814814814814771e-08 3.472222222222221992e-08 2.314814814814814771e-08 2.314814814814814771e-08 2.314814814814814771e-08 2.314814814814814771e-08 2.083333333333333327e-07 6.944444444444443983e-08 2.314814814814814771e-08 2.314814814814814771e-08 4.629629629629629543e-08 2.314814814814814771e-08 2.314814814814814771e-08 2.314814814814814771e-08 2.314814814814814771e-08 2.314814814814814771e-08 1.157407407407407386e-08 2.314814814814814771e-08 2.314814814814814771e-08 2.314814814814814771e-08 2.314814814814814771e-08 2.314814814814814771e-08 2.314814814814814771e-08 2.314814814814814771e-08 2.314814814814814771e-08 3.472222222222221992e-08 3.472222222222221992e-08 3.472222222222221992e-08 2.314814814814814771e-08 4.629629629629629543e-08 2.314814814814814771e-08 4.629629629629629543e-08 2.314814814814814771e-08 3.472222222222221992e-08 2.314814814814814771e-08 5.335648148148148390e-05 6.578819444444444428e-04 5.291898148148148004e-04 6.644675925925925836e-04 8.778356481481480950e-04 1.715046296296296327e-03 1.438946759259259172e-03 3.228680555555555384e-03 1.002673611111111083e-03 7.862037037037036737e-04 5.814351851851851582e-04 2.125752314814814692e-03 6.495833333333332843e-04 5.076053240740740352e-03 1.561493055555555551e-03 1.465775462962962995e-03 3.141840277777777687e-03 3.161712962962962958e-03 1.532719907407407338e-03 2.610231481481481604e-03 1.377592592592592584e-03 7.707465277777777492e-03 1.284328703703703761e-03 4.627314814814815006e-04 6.105324074074073995e-04 5.027546296296295800e-04 8.087951388888889315e-03 1.273148148148148174e-07 2.314814814814814771e-08 2.314814814814814771e-08 2.314814814814814771e-08 3.472222222222221992e-08 8.101851851851851534e-08 1.388888888888888797e-07 3.703703703703703634e-07 8.101851851851851534e-08 1.273148148148148174e-07 8.101851851851851534e-08 9.259259259259259085e-08 6.944444444444443983e-08 5.787037037037037094e-08 1.388888888888888797e-07 1.273148148148148174e-07 5.208333333333333583e-07 8.101851851851851534e-08 5.787037037037037094e-08 2.241840277777777928e-03 2.273217592592592737e-03 1.664016203703703794e-03 8.101851851851851534e-08 6.944444444444443983e-08 6.944444444444443983e-08 3.472222222222221992e-08 3.472222222222221992e-08 3.472222222222221992e-08 3.472222222222221992e-08 5.787037037037037094e-08 2.314814814814814771e-08 3.719149826388888691e+00 3.906116041666666483e+00 1.413275462962962966e-03 1.380486111111111193e-03 2.314814814814814771e-08 3.472222222222221992e-08 1.184548611111111045e-03 1.409039351851851859e-03 1.851851851851851817e-07 1.388888888888888797e-07 1.504629629629629684e-07 1.273148148148148174e-07 8.101851851851851534e-08 2.546296296296296348e-07 2.314814814814814771e-08 1.241319444444444523e-04 3.472222222222221992e-08 4.629629629629629543e-08 3.977791932870370584e+00 4.629629629629629543e-08 9.259259259259259085e-08 2.430555555555555460e-07 1.620370370370370307e-07 3.472222222222221992e-08 4.937268518518518568e-04 2.314814814814814771e-08 3.472222222222221992e-08 3.472222222222221992e-08 3.472222222222221992e-08 4.165071122685184868e+00 6.944444444444443983e-08 9.259259259259259085e-08 2.314814814814814771e-08 2.314814814814814771e-08 2.430555555555555460e-07
6.944444444444443983e-08 4.629629629629629543e-08 4.629629629629629543e-08 3.472222222222221992e-08 1.388888888888888797e-07 3.472222222222221992e-08 4.629629629629629543e-08 4.629629629629629543e-08 3.472222222222221992e-08 2.314814814814814771e-08 3.472222222222221992e-08 3.472222222222221992e-08 2.314814814814814771e-08 2.118055555555555699e-06 3.472222222222221992e-08 2.314814814814814771e-08 4.629629629629629543e-08 2.314814814814814771e-08 3.472222222222221992e-08 7.917708333333333456e-04 8.969907407407407343e-04 9.747800925925926251e-04 1.053900462962962864e-03 4.982060185185184856e-04 2.963946759259259052e-03 7.962731481481481657e-04 3.119745370370370380e-03 7.979861111111110749e-04 1.946782407407407489e-03 9.446990740740740392e-04 1.536516203703703785e-03 1.019988425925925923e-03 6.996412037037037313e-04 5.983449074074073540e-04 3.472222222222221992e-08 2.314814814814814771e-08 3.472222222222221992e-08 1.504629629629629684e-07 2.314814814814814771e-08 2.314814814814814771e-08 3.472222222222221992e-08 5.787037037037037094e-08 2.314814814814814771e-08 1.157407407407407386e-08 3.472222222222221992e-08 1.620370370370370307e-07 2.314814814814814771e-08 3.541236944444444479e+00 3.887181030092592415e+00 3.974377083333333172e+00 3.850383009259259470e+00 3.685406782407407267e+00 4.679782372685185265e+00 3.949520983796296125e+00 4.576217638888889105e+00 4.191974270833333627e+00 5.014214606481481873e+00 4.232065844907407559e+00 4.019051319444444381e+00 3.906073194444444230e+00 4.683561481481481437e+00 3.930768009259259177e+00 4.018002245370370318e+00 3.791050590277777577e+00 3.905510532407407531e+00 3.900733912037037232e+00 3.922176516203703667e+00 3.970423437500000041e+00 3.862007569444444233e+00 4.701783437499999607e+00 3.739495578703703860e+00 3.825180277777777693e+00 3.669431724537036921e+00 4.990048738425925556e+00 2.314814814814814771e-08 2.314814814814814771e-08 2.314814814814814771e-08 3.472222222222221992e-08 2.314814814814814771e-08 3.472222222222221992e-08 6.944444444444443983e-08 3.472222222222221992e-08 2.314814814814814771e-08 1.157407407407407386e-08 3.472222222222221992e-08 3.472222222222221992e-08 2.314814814814814771e-08 1.157407407407407386e-08 3.472222222222221992e-08 4.629629629629629543e-08 5.787037037037037094e-08 2.314814814814814771e-08 2.314814814814814771e-08 3.827785555555555774e+00 4.059280983796296205e+00 3.871445023148148312e+00 1.157407407407407386e-08 2.314814814814814771e-08 1.157407407407407386e-08 2.314814814814814771e-08 3.472222222222221992e-08 2.314814814814814771e-08 1.018518518518518539e-06 1.388888888888888797e-07 2.314814814814814771e-08 2.288425925925925794e-04 3.195486111111111075e-04 3.913146250000000048e+00 3.862932256944444642e+00 1.009259259259259224e-03 9.014120370370370472e-04 2.865144340277777868e+00 4.010530358796295936e+00 8.101851851851851534e-08 9.259259259259259085e-08 1.041666666666666664e-07 6.944444444444443983e-08 3.472222222222221992e-08 1.967592592592592705e-07 2.314814814814814771e-08 3.965584444444444578e+00 2.314814814814814771e-08 4.004317129629629372e-03 3.028356481481481589e-04 3.472222222222221992e-08 5.787037037037037094e-08 2.314814814814814771e-08 5.787037037037037094e-08 3.472222222222221992e-08 4.901783379629629955e+00 3.472222222222221992e-08 4.642939814814814911e-04 2.314814814814814771e-08 7.811342592592593033e-04 2.471527777777777785e-04 1.157407407407407386e-08 1.157407407407407386e-08 2.314814814814814771e-08 2.314814814814814771e-08 3.125000000000000256e-07
8.012731481481481788e-04 1.020671296296296214e-03 4.732523148148148028e-04 1.060578703703703770e-03 7.239467592592592482e-04 1.835555555555555551e-03 1.207094907407407379e-03 1.867847222222222131e-03 4.251736111111110864e-04 6.840856481481481831e-04 5.608564814814815140e-04 2.207534722222222277e-03 2.366446759259259111e-03 8.489699074074074422e-04 7.141898148148148519e-04 6.592939814814815147e-04 9.138055555555555515e-03 1.545821759259259154e-03 1.230347222222222302e-03 3.688246412037036848e+00 3.688011932870370213e+00 3.863965243055555554e+00 4.905800462962963238e+00 4.040540648148148506e+00 3.959991261574073995e+00 3.828411122685185131e+00 4.687076157407407351e+00 3.846111574074074113e+00 4.875821898148148037e+00 4.243238240740740963e+00 3.716384189814814665e+00 4.921000856481481556e+00 3.912891030092592537e+00 3.550584710648148068e+00 9.752662037037036682e-04 9.503472222222222453e-05 8.451967592592592952e-04 1.155092592592592542e-03 1.491793981481481530e-03 4.389351851851851639e-04 8.617222222222222297e-03 1.116724537037036948e-03 8.628124999999999727e-04 2.300682870370370468e-03 3.067951388888888724e-03 1.379722222222222287e-03 1.808275462962962918e-03 3.214930555555555510e-04 2.605324074074074031e-04 2.692708333333333304e-04 1.821180555555555649e-04 1.295706018518518517e-03 2.500231481481481424e-04 3.170486111111111009e-04 2.609143518518518561e-04 5.003356481481481891e-04 2.439583333333333317e-04 2.936805555555555458e-04 1.051459490740740826e-02 2.542824074074073867e-04 4.419791666666666920e-04 2.846296296296296313e-04 3.126041666666666509e-04 4.399884259259259200e-04 7.488425925925926152e-04 3.261921296296296183e-04 6.944444444444443983e-08 4.837731481481481592e-04 2.016550925925926030e-04 5.677430555555556006e-04 2.857407407407407574e-04 2.756365740740740868e-04 3.381944444444444581e-04 7.596180555555555889e-04 5.051886574074074092e-03 1.397048611111111061e-03 2.455104166666666633e-03 1.732615740740740731e-03 3.806111111111111240e-03 3.472222222222221992e-08 4.629629629629629543e-08 4.629629629629629543e-08 2.314814814814814771e-08 2.314814814814814771e-08 2.314814814814814771e-08 2.314814814814814771e-08 2.314814814814814771e-08 2.314814814814814771e-08 3.472222222222221992e-08 4.629629629629629543e-08 2.199074074074073950e-07 2.314814814814814771e-08 1.157407407407407386e-08 4.161342592592592675e-04 3.427430555555555525e-04 3.594675925925925968e-04 2.314814814814814771e-08 3.472222222222221992e-08 2.314814814814814771e-08 1.514201388888888932e-03 2.469675925925925728e-04 4.570717592592592800e-04 1.250347222222222355e-04 1.865462962962962865e-03 1.264768518518518585e-03 1.969329444444444466e+00 1.946210405092592577e+00 1.834606481481481440e-04 4.626157407407407605e-04 3.725295185185184987e+00 3.824586828703703922e+00 6.944444444444443983e-08 1.273148148148148174e-07 3.472222222222221992e-08 2.314814814814814771e-08 4.629629629629629543e-08 2.314814814814814771e-08 2.314814814814814771e-08 3.472222222222221992e-08 1.160381944444444351e-03 2.476736111111111087e-04 1.427314814814814744e-04 3.852947662037037091e+00 3.783527812500000032e+00 1.548287037037037036e-03 4.629629629629629543e-08 2.126759259259259228e-03 2.983993055555555704e-03 1.140937500000000025e-03 1.157407407407407419e-07 1.387731481481481487e-04 4.112777430555555114e+00 3.281134259259259247e-04 4.016751273148147838e+00 2.067880312499999818e+00 3.472222222222221992e-08 2.314814814814814771e-08 1.215686342592592513e-02 3.847222222222222525e-05 1.157407407407407419e-07
3.829370960648148081e+00 3.788450185185185060e+00 3.712370370370370321e+00 4.035209432870370705e+00 4.031081423611110992e+00 3.811924884259259461e+00 3.962799525462962880e+00 3.872828784722222029e+00 3.856578750000000166e+00 4.026846192129629465e+00 3.832995462962963007e+00 3.698258715277777942e+00 3.957325358796296211e+00 5.763090775462963222e+00 4.068593263888889311e+00 3.846102615740740749e+00 3.747422557870370152e+00 3.844977129629629786e+00 3.596831342592592407e+00 2.636805555555555756e-04 2.130902777777777841e-04 4.652662037037036858e-04 9.247453703703703695e-04 2.704861111111111008e-04 3.398726851851851887e-04 3.120949074074074164e-04 3.244097222222222434e-04 2.760879629629629513e-04 3.282175925925925690e-04 3.644675925925926099e-04 3.064814814814814702e-04 1.723263888888888816e-04 3.953703703703703633e-04 8.101851851851851534e-08 3.939611006944444327e+00 3.931156203703703778e+00 3.986492129629629844e+00 3.964703877314814662e+00 3.727367175925925924e+00 4.727787233796296285e+00 3.732263483796296466e+00 4.950649328703703667e+00 4.162632361111111123e+00 4.880983680555555537e+00 4.835240185185185169e+00 5.017074513888888809e+00 5.698368020833333603e+00 3.039866168981481653e+00 7.139838819444444873e+00 3.961406921296296346e+00 6.144399050925925643e+00 1.109745553240740712e+01 8.119886967592591986e+00 2.058558032407407534e+00 3.037423634259259320e+00 2.791339305555555761e+00 9.291645023148147331e+00 3.831055671296296428e+00 5.729234803240740526e+00 2.103127928240740907e+00 2.047858888888888895e+00 2.826437175925926137e+00 2.968848483796296289e+00 8.126029212962963655e+00 1.492662482638888832e+01 7.152693680555555211e+00 2.150353796296296416e+00 4.198145879629629817e+00 6.067641157407407171e+00 3.002062418981481517e+00 1.111520370370370436e+00 7.020940185185184923e+00 9.949674641203703374e+00 1.597814803240740655e+00 3.948690810185185196e+00 5.112206585648148227e+00 3.555070451388889108e+00 4.364418981481481552e+00 4.013058831018518902e+00 8.660763888888888852e-04 2.252696759259259409e-03 6.627222222222221848e-03 1.453090277777777757e-03 1.312962962962963042e-03 2.891967592592592680e-03 1.043668981481481574e-03 3.853738425925925821e-03 1.407037037037036937e-03 3.304282407407407255e-04 1.459467592592592500e-03 3.974062500000000164e-03 4.654513888888888590e-03 3.610185185185184917e-04 2.858100636574074205e+00 9.796275706018517937e+00 1.496180502314814831e+01 1.850439814814814742e-03 2.679317129629629583e-03 1.800300925925925897e-03 4.064348831018518737e+00 3.744076493055555677e+00 5.260166423611111419e+00 3.809779432870370464e+00 4.063275891203703694e+00 3.612046018518518586e+00 6.944444444444443983e-08 6.018518518518518736e-07 3.026594791666666673e+00 4.049144247685185327e+00 5.159027777777777787e-04 4.026967592592592730e-04 1.157407407407407386e-08 5.787037037037037094e-08 2.314814814814814771e-08 1.157407407407407386e-08 3.472222222222221992e-08 2.314814814814814771e-08 8.569212962962962721e-04 3.472222222222221992e-08 4.045971469907406970e+00 1.166336134259259305e+00 3.740848009259259310e+00 4.983796296296296498e-04 6.944444444444443983e-08 3.544268969907407474e+00 4.937256365740740893e-01 6.993284664351851809e+00 4.130008090277777377e+00 3.726715300925925956e+00 3.472222222222221992e-08 5.787037037037037094e-08 3.268634259259259214e-04 5.007955960648148519e+00 2.016435185185185073e-04 5.787037037037037094e-08 9.530671296296296634e-04 2.272650462962962862e-03 3.798126192129629430e+00 3.733007569444444229e+00 2.314814814814814771e-08
2.785879629629629578e-04 2.622569444444444622e-04 3.619328703703703705e-04 4.946064814814815028e-04 2.546527777777777982e-04 4.800000000000000122e-04 5.018518518518518511e-04 2.626504629629629567e-04 2.873958333333333508e-04 5.791435185185185488e-04 4.875115740740740733e-04 2.158796296296296407e-04 8.230902777777777306e-04 5.318402777777777798e-04 3.618750000000000005e-04 2.353935185185185145e-04 2.950810185185185220e-04 2.562384259259259259e-04 8.101851851851851534e-08 6.183806481481481043e+00 2.039510752314814823e+00 1.109048804398148214e+01 2.987502430555555755e+00 8.995974120370370031e+00 4.975418171296296599e+00 1.096563289351851900e+01 2.229554120370370374e+00 2.007279527777777872e+01 1.711273379629629499e-01 3.743673043981481374e+00 6.063533993055555626e+00 1.084033449074074174e+00 1.299777731481481524e+01 2.511281028935185233e+01 2.742708333333333435e-04 3.021180555555555815e-04 3.771527777777777942e-04 3.398379629629629558e-04 3.325578703703703748e-04 3.574305555555555504e-04 3.969791666666666824e-04 6.247685185185185329e-04 3.266203703703703456e-04 3.889351851851851954e-04 6.553124999999999705e-04 2.765277777777777743e-04 5.226157407407407010e-04 1.967592592592592705e-07 7.407407407407407268e-07 3.240740740740740614e-07 1.041666666666666664e-07 8.101851851851851534e-08 1.620370370370370307e-07 1.157407407407407419e-07 2.546296296296296348e-07 6.944444444444443983e-08 4.629629629629629543e-08 8.101851851851851534e-08 1.388888888888888797e-07 3.356481481481481501e-07 1.157407407407407419e-07 8.101851851851851534e-08 8.101851851851851534e-08 1.736111111111111194e-07 1.168981481481481481e-06 6.944444444444443983e-08 9.259259259259259085e-08 1.041666666666666664e-07 3.125000000000000256e-07 8.101851851851851534e-08 8.101851851851851534e-08 9.259259259259259085e-08 9.259259259259259085e-08 6.944444444444443983e-08 2.339351851851851954e-04 6.935763888888888664e-04 3.156944444444444533e-04 4.617048611111110833e-03 8.640625000000000302e-04 3.686915682870370414e+00 4.537446921296296232e+00 4.732493807870370439e+00 4.143372187499999804e+00 4.008806562500000226e+00 3.901815381944444550e+00 4.100948738425925555e+00 4.690950474537037174e+00 4.058409652777777765e+00 3.650789097222222335e+00 3.859963726851852073e+00 4.041022650462963384e+00 4.125727442129629274e+00 3.813901307870370516e+00 8.101851851851851534e-08 9.259259259259259085e-08 3.472222222222222389e-07 3.733667951388889072e+00 3.653954421296296218e+00 4.677452708333333042e+00 2.105439814814814761e-04 2.080555555555555652e-04 3.435763888888888700e-04 4.358796296296296485e-04 1.856828703703703690e-04 3.786111111111110862e-04 2.314814814814814771e-08 2.546296296296296348e-07 9.259259259259259085e-08 5.324074074074074470e-07 1.089694375000000015e+01 5.094802893518518339e+00 1.081018518518518449e-05 9.895833333333332749e-06 4.275706018518518094e-03 2.269421296296296291e-03 1.124143518518518460e-03 2.344571759259259352e-03 3.866848495370370564e+00 3.818981481481481359e-04 1.016250000000000009e-03 7.407407407407407268e-07 5.514120370370369966e-04 2.057440532407407208e+00 2.314814814814814771e-08 8.830787037037037381e-04 8.101851851851851534e-08 3.928009259259259453e-04 8.101851851851851534e-08 4.718634259259259223e-04 1.192129629629629701e-05 5.802532499999999871e+00 5.094970011574074142e+00 2.242592592592592522e-04 2.759088692129629816e+00 1.157407407407407386e-08 3.925810983796296227e+00 3.937639328703703701e+00 4.986226851851851714e-04 6.944444444444443983e-08 5.454513888888889387e-04
2.008776469907407325e+00 3.051856180555555742e+00 1.070813379629629525e+00 1.932565127314814779e+00 1.954004039351851851e+00 2.006757094907407613e+00 8.032803749999999354e+00 6.204192777777778112e+00 9.952384560185185691e+00 2.498589655092592565e+01 1.274952459490740786e+01 1.298904811342592680e+01 1.599708876157407467e+01 1.082295601851851891e-01 6.905879976851851954e-01 3.244482164351851772e+00 1.515906171296296279e+01 6.963218935185184755e+00 2.203803136574074006e+00 1.041666666666666664e-07 4.166666666666666655e-07 8.101851851851851534e-08 6.944444444444443983e-08 1.157407407407407419e-07 1.620370370370370307e-07 5.787037037037037094e-08 5.787037037037037094e-08 8.101851851851851534e-08 6.944444444444443983e-08 6.944444444444443983e-08 5.787037037037037094e-08 2.083333333333333327e-07 1.388888888888888797e-07 8.101851851851851534e-08 7.194617303240741002e+00 1.001195626157407403e+01 1.708439671296296325e+01 5.612537037037036713e-02 5.610549768518518360e-02 2.191434942129629526e+00 4.969289826388888720e+00 1.005958015046296339e+01 8.738057268518518939e+00 1.112197894675925980e+01 8.806992384259260120e+00 2.794771423611110972e+00 8.196540798611110290e+00 8.101851851851851534e-08 3.472222222222221992e-08 2.314814814814814771e-08 4.629629629629629543e-08 2.314814814814814771e-08 2.314814814814814771e-08 3.472222222222221992e-08 2.314814814814814771e-08 2.314814814814814771e-08 2.314814814814814771e-08 3.472222222222221992e-08 3.472222222222221992e-08 2.314814814814814771e-08 3.472222222222221992e-08 3.472222222222221992e-08 2.314814814814814771e-08 4.629629629629629543e-08 3.472222222222221992e-08 2.314814814814814771e-08 2.314814814814814771e-08 2.314814814814814771e-08 2.314814814814814771e-08 2.314814814814814771e-08 3.472222222222221992e-08 2.314814814814814771e-08 2.314814814814814771e-08 2.314814814814814771e-08 1.581353049768518559e+01 1.371173525462963028e+01 8.100574305555555910e+00 7.799037511574073989e+00 1.007594379629629699e+01 2.700115740740740991e-04 2.996180555555555750e-04 2.860532407407407446e-04 1.533680555555555491e-03 6.712847222222222045e-04 3.319212962962963046e-04 4.332638888888889019e-04 2.733564814814814646e-04 3.195370370370370118e-04 9.259259259259259085e-08 9.184837962962962574e-04 1.817685185185185202e-03 6.325578703703703485e-04 6.944444444444443983e-08 1.157407407407407386e-08 3.472222222222221992e-08 3.472222222222221992e-08 2.619791666666666536e-04 2.275347222222222333e-04 3.122106481481481564e-04 3.623493229166666829e+00 7.941167916666667104e+00 7.877045474537037073e+00 7.110257673611110718e+00 3.026894861111111279e+00 7.086417361111110758e+00 9.212962962962962783e-06 1.152777777777777714e-05 3.472222222222221992e-08 3.472222222222221992e-08 2.893518518518518481e-07 1.273148148148148174e-07 9.584490740740740210e-04 1.200381944444444456e-03 4.065642766203703573e+00 3.893221342592592560e+00 3.897987650462963138e+00 3.552579467592592799e+00 4.771990740740740598e-04 2.855981527777777806e+00 6.995929212962963106e+00 2.199074074074073950e-07 5.123499456018518750e+00 6.944444444444443983e-08 1.104166666666666626e-05 3.022486631944444557e+00 1.157407407407407386e-08 3.993706956018518550e+00 2.314814814814814771e-08 1.165154328703703612e+00 1.462557870370370357e-03 7.104629629629629793e-04 6.944444444444443983e-08 1.009557245370370282e+00 6.944444444444443983e-08 7.210648148148148395e-06 8.466203703703704085e-04 2.843865740740740555e-04 6.158461747685184839e+00 2.275949189814814866e-01 3.638399421296296232e+00
1.041666666666666664e-07 3.472222222222222389e-07 3.587962962962962747e-07 1.273148148148148174e-07 1.851851851851851817e-07 8.101851851851851534e-08 9.259259259259259085e-08 9.259259259259259085e-08 8.101851851851851534e-08 8.101851851851851534e-08 1.435185185185185099e-06 8.101851851851851534e-08 2.546296296296296348e-07 1.736111111111111194e-07 6.944444444444443983e-08 5.787037037037037094e-08 6.944444444444443983e-08 1.157407407407407419e-07 9.259259259259259085e-08 2.314814814814814771e-08 3.472222222222221992e-08 2.314814814814814771e-08 2.314814814814814771e-08 3.472222222222221992e-08 3.472222222222221992e-08 2.314814814814814771e-08 1.157407407407407386e-08 2.314814814814814771e-08 2.314814814814814771e-08 2.314814814814814771e-08 3.472222222222221992e-08 1.157407407407407386e-08 6.944444444444443983e-08 2.314814814814814771e-08 6.944444444444443983e-08 2.199074074074073950e-07 2.430555555555555460e-07 6.944444444444443983e-08 1.504629629629629684e-07 1.388888888888888797e-07 1.273148148148148174e-07 3.356481481481481501e-07 2.777777777777777593e-07 5.092592592592592695e-07 6.944444444444443983e-08 1.388888888888888797e-07 5.787037037037037094e-08 1.236111111111111153e-05 1.057870370370370441e-05 1.303240740740740783e-05 1.116898148148148166e-05 1.125000000000000071e-05 1.013888888888888819e-05 1.155092592592592617e-05 1.020833333333333357e-05 9.629629629629629978e-06 9.606481481481480954e-06 1.035879629629629630e-05 1.353009259259259238e-05 9.409722222222221868e-06 1.171296296296296256e-05 9.351851851851851848e-06 1.041666666666666632e-05 1.052083333333333269e-05 1.278935185185185239e-05 1.243055555555555522e-05 1.039351851851851899e-05 1.337962962962962965e-05 1.065972222222222176e-05 1.060185185185185174e-05 9.826388888888889063e-06 1.075231481481481447e-05 9.456018518518518223e-06 8.148148148148148313e-06 7.986111111111110647e-07 1.967592592592592705e-07 1.157407407407407419e-07 5.787037037037037094e-08 6.944444444444443983e-08 2.870394525462963031e+00 9.717101967592592926e-01 1.394661645833333274e+01 8.744986712962962372e+00 3.194998356481481672e+00 1.094359914351851870e+01 1.885930613425925939e+00 1.222442048611111165e+00 9.340058912037036976e-01 1.228807927083333418e+01 4.841011678240740856e+00 9.056041550925926220e-01 7.826677638888888566e+00 2.097413692129629581e+00 1.127314814814814804e-05 1.086805555555555620e-05 1.031249999999999994e-05 2.055875578703703521e+00 7.076952719907407818e+00 3.121652245370370338e+00 1.273148148148148174e-07 2.546296296296296348e-07 9.259259259259259085e-08 6.134259259259259624e-07 1.736111111111111194e-07 1.736111111111111194e-07 4.542476851851851905e-04 2.861458333333333475e-04 8.900462962962963658e-06 1.075231481481481447e-05 4.629629629629629543e-08 3.472222222222221992e-08 4.373113425925926126e-03 1.930775462962962914e-03 4.203587962962962790e-04 6.944444444444443983e-08 6.944444444444443983e-08 9.259259259259259085e-08 2.396313741898148209e+01 9.259259259259259085e-08 2.083333333333333327e-07 1.386574074074074053e-05 4.745370370370370562e-07 2.314814814814814771e-08 4.312499999999999792e-05 8.101851851851851534e-08 1.099537037037036991e-05 4.282407407407407542e-07 9.398148148148148203e-06 6.944444444444443983e-08 1.416006944444444344e-03 2.245373148148148146e-01 1.157407407407407386e-08 5.787037037037037094e-08 4.629629629629629543e-08 5.542824074074074282e-05 8.235575543981481061e+00 1.204794252314814784e+01 1.273148148148148174e-07 6.944444444444443983e-08 6.944444444444443983e-08
4.629629629629629543e-08 4.629629629629629543e-08 3.472222222222221992e-08 2.314814814814814771e-08 4.629629629629629543e-08 2.314814814814814771e-08 4.629629629629629543e-08 2.314814814814814771e-08 3.472222222222221992e-08 2.314814814814814771e-08 4.629629629629629543e-08 2.314814814814814771e-08 2.314814814814814771e-08 3.472222222222221992e-08 2.314814814814814771e-08 1.157407407407407386e-08 1.157407407407407386e-08 3.472222222222221992e-08 2.314814814814814771e-08 1.101851851851851893e-05 9.930555555555555439e-06 9.432870370370370893e-06 1.057870370370370441e-05 1.011574074074074086e-05 9.074074074074073718e-06 1.076388888888888813e-05 1.199074074074074069e-05 9.178240740740740094e-06 8.333333333333333733e-06 1.002314814814814815e-05 7.581018518518518388e-06 9.374999999999999179e-06 8.298611111111111043e-06 1.520833333333333313e-05 1.157407407407407386e-08 2.314814814814814771e-08 5.787037037037037094e-08 2.314814814814814771e-08 3.472222222222221992e-08 4.629629629629629543e-08 4.629629629629629543e-08 3.472222222222221992e-08 2.314814814814814771e-08 4.629629629629629543e-08 2.314814814814814771e-08 2.314814814814814771e-08 2.314814814814814771e-08 9.856481481481480932e-05 1.670300925925925989e-03 2.779050925925926133e-04 4.506944444444444144e-05 3.842476851851851696e-04 4.878472222222221977e-04 9.650462962962962576e-05 1.722453703703703744e-04 3.844444444444444710e-04 5.101851851851851882e-05 1.084606481481481505e-04 8.472222222222222459e-05 8.920138888888889397e-05 2.503356481481481296e-04 2.428587962962963013e-04 1.533217592592592694e-04 3.397337962962963115e-04 9.624999999999999496e-05 5.744560185185185229e-04 6.200231481481480829e-05 3.991319444444444689e-04 7.837962962962963243e-05 4.042708333333333592e-04 3.959490740740740635e-05 8.236111111111110879e-05 2.867592592592592806e-04 4.105324074074073900e-05 2.083333333333333327e-07 1.157407407407407386e-08 4.629629629629629543e-08 2.314814814814814771e-08 1.157407407407407386e-08 1.736111111111111194e-07 1.041666666666666664e-07 2.546296296296296348e-07 8.101851851851851534e-08 6.944444444444443983e-08 5.324074074074074470e-07 6.944444444444443983e-08 5.787037037037037094e-08 8.101851851851851534e-08 8.101851851851851534e-08 2.083333333333333327e-07 1.157407407407407419e-07 5.787037037037037094e-08 5.787037037037037094e-08 4.459259259259259491e-04 2.506481481481481711e-04 2.177662037037037142e-04 1.041666666666666664e-07 5.787037037037037094e-08 5.787037037037037094e-08 4.629629629629629543e-08 1.273148148148148174e-07 2.314814814814814771e-08 2.199074074074073950e-07 4.629629629629629543e-08 5.787037037037037094e-08 4.493402777777777803e-04 5.803240740740740321e-04 2.244791666666666637e-04 1.724421296296296216e-04 1.005787037037037084e-05 1.061342592592592540e-05 3.934231886574074188e+00 4.113277569444444559e+00 1.631109537037036983e+00 6.116806793981481860e+00 5.093638796296295901e+00 4.122154166666666342e+00 2.199074074074073950e-07 4.629629629629629543e-08 3.472222222222221992e-08 5.671516203703703789e-03 2.314814814814814771e-08 1.311342592592592518e-05 1.142002314814814876e-03 1.157407407407407386e-08 2.089270833333333171e-03 9.259259259259259085e-08 1.636574074074074201e-04 2.314814814814814771e-08 3.751696238425926033e+00 1.967592592592592705e-07 8.101851851851851958e-06 1.157407407407407386e-08 1.081018518518518449e-05 2.792303240740740596e-03 5.787037037037037094e-08 5.787037037037037094e-08 1.157407407407407386e-08 2.314814814814814771e-08 4.059153356481481900e+00
1.032407407407407361e-05 1.064814814814814809e-05 1.119212962962962899e-05 1.050925925925925903e-05 1.269675925925925968e-05 1.111111111111111164e-05 9.525462962962963603e-06 1.130787037037037073e-05 9.259259259259259138e-06 9.386574074074074538e-06 1.099537037037036991e-05 1.084490740740740718e-05 9.456018518518518223e-06 9.675925925925926333e-06 1.061342592592592540e-05 8.819444444444444613e-06 8.703703703703702878e-06 9.664351851851852668e-06 7.187500000000000217e-06 2.692939814814814675e-04 7.697916666666666981e-05 1.285844907407407423e-03 9.779745370370369634e-04 4.114814814814814745e-04 2.230127314814814993e-03 2.740740740740740827e-05 8.357986111111111605e-04 1.374652777777777754e-04 2.746226851851851693e-03 8.266203703703704103e-05 5.011574074074074244e-05 1.492708333333333409e-04 1.158333333333333345e-04 3.131712962962963096e-04 1.059027777777777807e-05 1.120370370370370435e-05 1.074074074074074080e-05 1.071759259259259178e-05 1.149305555555555615e-05 8.946759259259260013e-06 1.303240740740740783e-05 1.325231481481481425e-05 9.074074074074073718e-06 9.120370370370370073e-06 9.606481481481480954e-06 9.768518518518519043e-06 9.212962962962962783e-06 1.888043981481481431e-03 4.997708333333333169e-03 2.054328703703703612e-03 1.050046296296296318e-03 1.332766203703703630e-03 9.299421296296296298e-04 1.334270833333333359e-03 7.278703703703703681e-04 1.726458333333333317e-03 1.278379629629629527e-03 1.517511574074074119e-03 9.387500000000000228e-04 8.026932870370370038e-03 1.709305555555555491e-03 1.113055555555555499e-03 5.031157407407407800e-03 1.219027777777777861e-03 7.422685185185185159e-04 5.161597222222221934e-03 2.355069444444444354e-03 1.968437500000000135e-03 1.029062500000000029e-03 1.784108796296296224e-03 1.843807870370370436e-03 9.762500000000000127e-04 1.182476851851851874e-03 8.727777777777777661e-04 9.513888888888888244e-06 9.097222222222222743e-06 1.171296296296296256e-05 1.034722222222222263e-05 6.689814814814814825e-06 1.041666666666666664e-07 2.314814814814814771e-08 2.314814814814814771e-08 5.787037037037037094e-08 2.314814814814814771e-08 2.314814814814814771e-08 2.314814814814814771e-08 1.157407407407407386e-08 3.472222222222221992e-08 1.157407407407407386e-08 1.157407407407407386e-08 2.314814814814814771e-08 2.314814814814814771e-08 2.314814814814814771e-08 5.322754629629629537e-03 2.175601851851851742e-03 1.204826388888888961e-03 3.472222222222221992e-08 1.157407407407407386e-08 1.157407407407407386e-08 1.200231481481481436e-05 1.251157407407407426e-05 1.085648148148148084e-05 1.459490740740740685e-05 1.048611111111111170e-05 1.162037037037036985e-05 9.245099768518518779e-01 2.985700578703703645e+00 6.803819444444443934e-04 1.055999999999999994e-02 7.002083333333332816e-04 4.644097222222222311e-04 5.118055555555555352e-05 5.538032407407407313e-03 9.259259259259259085e-08 4.629629629629629543e-08 1.273148148148148174e-07 6.944444444444443983e-08 2.314814814814814771e-08 1.012731481481481452e-05 1.025462962962962992e-05 1.088600601851851923e+00 1.061342592592592540e-05 1.663993055555555494e-03 1.133323576388888920e+00 1.038194444444444363e-05 1.356956018518518624e-03 1.039351851851851899e-05 1.822974537037037011e-03 1.009259259259259183e-05 4.432870370370370653e-05 9.259259259259259085e-08 3.673495370370370152e-04 9.004629629629630033e-06 3.407986111111111090e-04 4.710364664351851971e+00 2.314814814814814771e-08 1.157407407407407386e-08 9.143518518518519098e-06 1.719907407407407301e-05 4.050925925925925767e-07
2.243749999999999922e-04 1.271412037037036933e-04 8.383101851851852086e-04 3.257291666666666582e-04 2.961574074074074152e-04 2.332291666666666595e-04 3.643055555555555413e-04 3.459953703703703694e-04 2.129050925925926054e-04 4.695601851851852171e-05 4.500000000000000283e-05 1.309027777777777880e-03 6.435185185185185550e-05 7.850347222222222318e-04 1.623935185185185291e-03 5.928240740740741056e-05 4.162500000000000076e-04 1.196875000000000022e-04 4.610763888888889071e-04 5.435300925925926323e-04 2.517974537037036883e-03 2.349768518518518395e-03 1.095474537037036946e-03 7.492592592592593010e-04 1.537916666666666599e-03 1.027071759259259257e-03 1.008113425925925974e-03 1.664456018518518455e-03 3.655486111111111089e-03 1.588460648148148089e-03 1.237141203703703623e-03 1.310520833333333243e-03 1.118703703703703787e-03 6.941203703703703771e-03 6.588888888888888703e-04 1.802037037037037106e-03 8.628472222222222869e-05 2.886631944444444271e-03 8.092592592592592687e-05 1.519606481481481589e-03 1.067824074074074064e-04 4.365277777777777602e-04 3.776620370370370287e-05 1.635879629629629543e-04 3.739583333333333203e-05 2.562604166666666589e-03 1.802719907407407396e-03 4.108386458333333380e+00 9.593599305555555734e-01 1.875174027777777752e+00 2.788640844907407601e+00 1.681056145833333293e+00 1.664873935185185116e+00 3.913025173611111018e+00 5.811118831018518449e+00 9.321368287037037348e-01 1.656381493055555598e+00 9.722657986111110651e-01 3.877878495370370437e+00 3.837289999999999868e+00 9.730882407407407397e-01 4.863731851851851751e+00 8.051118518518518563e-01 7.872384027777777904e-01 5.151564386574073673e+00 1.873055439814814704e-01 2.041548935185184988e+00 5.672820856481481044e+00 5.718715196759259101e+00 3.875691238425925889e+00 4.891867465277777605e+00 1.889569988425925828e+00 8.468711458333333386e-01 1.876310648148148186e+00 1.624363425925926018e-03 3.251504629629629580e-04 2.396030092592592396e-03 5.312499999999999704e-05 1.508564814814814686e-04 1.115740740740740800e-05 1.325231481481481425e-05 7.187500000000000217e-06 1.038194444444444363e-05 8.043981481481481938e-06 1.068287037037037078e-05 1.057870370370370441e-05 8.310185185185184708e-06 7.314814814814814770e-06 1.453703703703703683e-05 1.015046296296296355e-05 9.803240740740740039e-06 7.766203703703703808e-06 1.018518518518518454e-05 1.241206168981481506e+00 3.955024386574073958e+00 2.920963530092592464e+00 1.061342592592592540e-05 9.108796296296296408e-06 9.178240740740740094e-06 3.162731481481481535e-04 2.779166666666666547e-04 9.505787037037037525e-05 9.173611111111110627e-05 6.403935185185185468e-05 4.494212962962962875e-04 1.439583333333333405e-04 9.879513888888889067e-04 5.801285127314814716e+00 4.786635798611110992e+00 7.233796296296295895e-04 3.689733796296296425e-03 1.262835648148148129e-03 1.729497453703703780e+00 3.472222222222221992e-08 2.314814814814814771e-08 5.787037037037037094e-08 1.157407407407407386e-08 1.081018518518518449e-05 9.449074074074074363e-05 2.760416666666666566e-05 2.058564814814814773e-04 8.747685185185184839e-05 6.783229166666666574e-03 2.066976851851851787e-02 1.464120370370370456e-04 8.421847569444443904e-01 3.522916666666666601e-04 4.772692592592592931e+00 2.750810185185185238e-04 2.594189814814814796e-03 1.109953703703703628e-05 1.179027777777777756e-03 3.587962962962962937e-04 5.710308564814814414e-01 9.122118055555555188e-03 8.414351851851851083e-06 7.638888888888888408e-06 2.074884259259259336e-04 5.700231481481481550e-05 5.787037037037037094e-08
2.895312499999999883e-03 5.363553240740740781e-03 1.066006944444444510e-03 3.189583333333333333e-03 7.798726851851852044e-04 2.907152777777777600e-03 7.009317129629629231e-03 6.881250000000000431e-04 3.907141203703703471e-03 1.536342592592592621e-03 1.402488425925925951e-03 1.174641203703703785e-03 2.967361111111111154e-03 4.549479166666666949e-03 2.054074074074074049e-03 1.684571759259259355e-03 1.465057870370370472e-03 2.412523148148148014e-03 5.096412037037036666e-04 7.361414699074073642e-01 8.807266666666666577e-01 7.408465740740740602e-01 3.823926863425926026e+00 7.906203935185185383e-01 1.181333829861111084e+01 1.008886087962962863e+00 4.050521770833332980e+00 2.109061446759259439e+00 4.739540706018518179e+00 2.971943692129629611e+00 3.948965092592592541e+00 2.918826041666666704e+00 7.671753472222221648e-02 1.903586805555555414e-02 6.600231481481481878e-04 5.331157407407407720e-03 1.143055555555555578e-03 1.056273148148148197e-03 3.436076388888888687e-03 3.174421296296296279e-03 4.775138888888888662e-03 1.625057870370370458e-03 9.750115740740741051e-04 9.908449074074072993e-04 7.533912037037037096e-04 5.558217592592592897e-03 2.398958333333333238e-03 1.381018518518518457e-04 1.799768518518518471e-04 6.451388888888888343e-05 6.444444444444444482e-05 5.225694444444444674e-05 5.156249999999999972e-05 6.320601851851852368e-05 1.321296296296296379e-04 2.003935185185185311e-04 5.503472222222222126e-05 4.245370370370370162e-04 5.917824074074073910e-05 5.594907407407407300e-05 1.246180555555555496e-04 6.650462962962962838e-05 1.321064814814814736e-04 4.870370370370370446e-05 2.066921296296296215e-02 1.692914351851851698e-02 5.808634259259259046e-03 1.392476851851851775e-04 2.047916666666666798e-04 4.440972222222222050e-05 3.967592592592592709e-05 4.273148148148148313e-05 3.950231481481481432e-04 5.769675925925926252e-05 2.664768518518518571e-03 1.018553240740740660e-03 2.094490740740740948e-03 3.543877314814814806e-03 9.224259259259258437e-03 2.702083333333333464e-04 2.599421296296296072e-04 1.443749999999999992e-04 6.916550925925925601e-04 1.156481481481481423e-04 7.990277777777777353e-04 1.686574074074074061e-04 4.010300925925925838e-04 1.655092592592592742e-05 6.367245370370369899e-04 2.744675925925925907e-04 1.169675925925925977e-04 7.072916666666666696e-05 3.476851851851851685e-05 4.388194444444444239e-04 1.089351851851851793e-04 6.780092592592591955e-05 1.687615740740740775e-04 1.318171296296296235e-03 8.446759259259259379e-05 7.151967592592592795e-04 1.343275462962962999e-03 4.519606481481481218e-03 1.714062500000000091e-03 3.547222222222222009e-04 1.706342592592592633e-03 1.363285763888889002e-01 9.102069791666667076e-01 1.484606481481481606e-04 6.150462962962962882e-05 1.243405405092592675e+00 2.801680358796296400e+00 3.460648148148148215e-05 2.018893518518518476e-02 1.001157407407407448e-05 4.887731481481481452e-05 8.680555555555555548e-06 8.344907407407407398e-06 1.818634259259259206e-04 3.188391203703703700e-03 1.674340277777777849e-03 8.251448495370370395e-01 1.434629629629629666e-03 8.499318865740740359e-01 2.383865740740740650e-03 3.474814814814814693e-03 2.015509259259259315e-04 1.342789351851851956e-03 6.910879629629629285e-05 2.280057870370370224e-03 5.084490740740740876e-05 1.086458333333333292e-04 9.127731828703703476e-01 3.172824074074074002e-03 6.944444444444443983e-08 1.179375000000000085e-03 3.886076388888889000e-03 1.798263888888889013e-04 1.502708333333333326e-03 7.878379629629629274e-03 9.525462962962963603e-06
2.899726898148148102e+00 2.860643078703703601e+00 5.072021539351851516e+00 2.839334756944444482e+00 1.836815381944444381e+00 8.377588888888889418e-01 1.866390312500000093e+00 7.483235069444444942e-01 3.861623981481481671e+00 2.016649143518518539e+00 2.956842604166666888e+00 9.565014467592592995e-01 6.579603124999999775e-01 5.831254467592592583e+00 2.866441666666666443e-01 6.661657129629629637e+00 4.910752256944444838e+00 3.124987094907407226e+00 1.270590740740740743e-01 5.267361111111111224e-05 6.858993055555555676e-03 5.878472222222222432e-05 5.203703703703703524e-05 4.542824074074074369e-05 2.400347222222222118e-04 5.950925925925925914e-04 2.920717592592592809e-04 8.657407407407407879e-05 1.117668981481481465e-02 1.062037037037037062e-04 2.142939814814814859e-04 6.998368055555555418e-03 3.450115740740740790e-04 2.290856481481481552e-04 7.487836805555555530e-01 2.833719201388888997e+00 1.842662476851851805e+00 3.801539270833333539e+00 3.786850671296296156e+00 7.093971527777778174e-01 9.171134259259259291e-01 3.873688726851852060e+00 7.383315624999999827e-01 4.769937962962963240e+00 1.838387256944444381e+00 4.679913668981481756e+00 1.071336331018518440e+00 2.225159722222222122e-02 3.845541458333333384e+00 2.862615740740740876e-04 1.115734884259259152e+00 1.006235300925925891e-01 1.668329513888889004e-01 9.134259259259259827e-05 4.047011111111111226e-01 2.523160879629629538e-02 1.866487268518518539e-02 1.017806365740740793e+00 2.029113194444444324e-01 1.043647685185185164e-01 1.386921296296296340e-02 2.801894675925925907e-02 1.126273148148148191e-04 1.672873842592592641e-02 6.937195601851852134e-01 7.976377546296296028e-01 3.487527777777777588e-02 1.948588078703703819e-01 1.485925925925925912e-03 2.480849768518518517e-01 3.820593750000000205e-02 5.207668981481481524e-02 3.287037037037037206e-04 2.269815509259259234e-01 4.058522314814815068e+00 3.770532615740740834e+00 5.836848912037036818e+00 7.358835532407407287e-01 2.849504803240740625e+00 7.931365740740740347e-04 2.033923611111110915e-03 1.840960648148148209e-03 2.075532407407407447e-03 5.553784722222222109e-03 7.997106481481481340e-04 2.310474537037037097e-03 1.337685185185185244e-03 4.356747685185184855e-03 5.059050925925926041e-03 2.361041666666666670e-03 1.676435185185185103e-03 4.926585648148147818e-03 1.269525462962962968e-03 2.747540057870370589e+00 2.591908333333333148e-01 1.210330092592592638e-01 1.562534722222222320e-03 3.951064814814815238e-03 1.119143518518518447e-03 1.876318773148148100e+00 3.910751921296296452e+00 6.029304548611110981e+00 8.042235879629630046e-01 2.872060173611111100e+00 1.757377928240740683e+00 2.597528935185185184e-02 1.353703703703703590e-04 2.874181944444444414e-01 1.935021527777777695e-01 2.395486111111111145e-04 4.975694444444444696e-05 1.418042824074073997e-02 1.101006944444444385e-03 3.902777777777777474e-05 4.189699074074073985e-03 3.302777777777777526e-04 9.488541666666666392e-04 4.119652777777777636e-03 2.913062361111111276e+00 4.033393865740740658e+00 1.762209606481481561e-01 7.969068518518518385e-01 1.445601851851851779e-04 1.693634259259259149e-04 4.962780821759259275e+00 2.463480324074074010e-02 4.772527337962962690e+00 6.099124999999999686e-02 6.776068865740740854e+00 1.013232291666666673e-01 5.313587962962962666e-03 3.609837962962963130e-04 2.882853796296296345e+00 1.157407407407407419e-07 1.226826388888888932e-02 1.887088379629629609e+00 5.210138888888889153e-03 7.045109953703704297e-02 5.662631944444444787e-02 3.571296296296296046e-04
4.395833333333333569e-05 1.746759259259259153e-04 6.840277777777778402e-05 6.939814814814814295e-05 4.954861111111111082e-05 1.532291666666666665e-04 5.156249999999999972e-05 2.904513888888888662e-04 5.913194444444444444e-05 4.890046296296296524e-05 4.887731481481481452e-05 1.692708333333333391e-04 5.089120370370370342e-05 5.167824074074073976e-05 1.803124999999999986e-04 4.483796296296296136e-05 8.457893518518519102e-03 1.548766203703703763e-02 3.905787037037036931e-04 4.847950231481481381e-02 2.977083333333333101e-04 3.007681018518518767e-01 5.333377314814814751e-02 2.814230324074074030e-02 1.162258101851851820e-02 2.580509259259259388e-03 9.063657407407407589e-05 3.040251157407407312e-02 1.302024074074074056e-01 5.465194444444444744e-02 2.241329861111111127e-02 1.775578703703703748e-04 1.504967361111111124e-01 9.131585648148147355e-03 1.107638888888888828e-04 7.928240740740740203e-05 5.885416666666666970e-05 4.619212962962962932e-05 5.104166666666666954e-05 1.107986111111111156e-04 6.214120370370369904e-05 4.988425925925926236e-05 4.550925925925925766e-05 4.681712962962963096e-05 5.159722222222221902e-05 5.740740740740740564e-05 6.764756944444444767e-03 1.669283564814814935e-02 1.048032407407407436e-04 3.887731481481481539e-05 2.175318287037036891e-02 1.067892361111111126e-02 5.645277777777777707e-03 5.019675925925925640e-05 1.807754629629629642e-03 7.787037037037037083e-05 3.208807870370370546e-03 6.160879629629630028e-05 1.626388888888888969e-04 5.921214120370370260e-02 1.028374999999999949e-02 5.121527777777777960e-05 4.990740740740740630e-05 1.001782407407407396e-03 5.512731481481481736e-05 3.952781250000000218e-02 9.290081018518518696e-03 7.187893518518518807e-03 6.284722222222222142e-05 1.474399305555555532e-02 9.069351851851851012e-03 1.337883101851851907e-02 4.380787037037036958e-05 8.578229166666666294e-03 7.059722222222222440e-03 4.670138888888889092e-05 8.430555555555555231e-05 1.386534722222222162e-02 3.251041666666666836e-04 2.812651736111110856e-01 1.206210659722222189e+00 8.381826504629629193e-01 2.179414050925926105e+00 1.762726851851851961e+00 5.032726342592592772e+00 3.904793842592592767e+00 1.968849386574074156e+00 1.097965613425925913e+00 1.435559027777777788e-02 6.060664629629629374e+00 4.008016724537037057e+00 1.075363379629629579e+00 5.308699074074074015e-02 4.505787037037037285e-05 2.894513888888888744e-03 6.196747685185185345e-03 6.290151620370369734e-02 3.045880810185185084e+00 3.074923854166666803e+00 6.443287037037037624e-05 1.213310185185185135e-04 3.225694444444444171e-05 5.046296296296296256e-05 5.490740740740740586e-05 6.737268518518517869e-05 7.957872685185185535e-02 1.731433101851851952e-01 9.829861111111110993e-05 1.021068287037036997e-02 9.002223148148148502e-01 2.888726736111111304e-01 5.876157407407407360e-05 2.284131944444444534e-03 3.994768518518518156e-03 3.835034722222222317e-03 2.841990740740740849e-03 8.605266203703703515e-03 4.479328703703704118e-03 1.162731481481481439e-04 1.997453703703703652e-04 1.282189814814814824e-02 1.324290509259259258e-02 1.377314814814814884e-04 1.050347222222222237e-04 5.994212962962963150e-05 7.776620370370369937e-05 4.372685185185184884e-05 1.635953703703703702e-02 4.811342592592592890e-05 3.335054398148148275e-02 1.039144976851851920e+00 1.020146990740740736e-02 1.899841435185185140e-02 1.851851851851851817e-07 1.901064814814814848e-03 1.313645833333333332e-02 4.743427523148148417e+00 1.085416666666666713e-04 4.875606481481481458e-02 3.578263888888889074e-03
6.482333333333333003e-02 7.561759259259259736e-02 5.055681712962963037e-02 1.004995023148148175e-01 1.259966087962962888e-01 1.456844097222222134e-01 1.441115393518518639e-01 1.391542129629629587e-01 3.835762847222222161e-01 1.510179398148148167e-02 2.837815972222222302e-02 8.984518518518518071e-02 1.738114120370370386e-01 8.834787037037036828e-02 1.479745370370370362e-04 1.198809375000000066e-01 3.232153935185184956e-02 4.790127314814814768e-03 8.857672569444444699e-01 3.939696759259259107e-02 2.623344907407407570e-03 2.944344907407407327e-02 4.797453703703703814e-05 5.775810185185185040e-04 1.740046296296296393e-04 1.243091435185185271e-02 8.265046296296295889e-05 9.281331018518518619e-03 7.121064814814815312e-04 1.043750000000000027e-04 1.188344907407407492e-03 1.024233796296296350e-02 7.570717592592593080e-04 9.658379629629629606e-03 1.209153009259259226e-01 1.483169560185185198e-01 2.012641898148148090e-01 1.708297337962962903e-01 2.909435648148148146e-01 1.789642129629629708e-01 2.129152083333333279e-01 1.733699999999999963e-01 2.605278240740740991e-01 3.745986689814814752e-01 3.093370601851851975e-01 1.161099837962962900e+00 1.585613425925925862e-03 1.962671296296296386e-02 7.446832175925925668e-02 1.559946875000000066e-01 3.817350694444444220e-02 6.185439814814814620e-03 6.928344907407407716e-02 2.779683449074074053e-01 6.497117824074074566e-01 3.135074074074074152e-02 5.675208333333333494e-02 1.010118055555555561e-01 8.939236111111110690e-04 1.159223958333333304e-01 2.441292824074074025e-02 1.194567534722222213e+00 3.036195601851852111e-01 7.381944444444444231e-05 1.000561342592592579e-01 3.511631944444444393e-03 4.379942129629629463e-03 1.805854166666666719e-02 2.256405902777777750e-01 2.050880787037036995e-02 1.274754629629629675e-02 1.499493055555555475e-02 2.746954861111110952e-02 2.164055555555555524e-02 4.820416666666666426e-03 1.437524074074074121e-01 2.323712384259259134e-01 3.573973379629629549e-02 3.215960648148148346e-03 1.304629629629629759e-04 3.550231481481481467e-04 4.765046296296296196e-05 3.098101851851851885e-03 1.285949074074074078e-02 8.379236111111111607e-03 2.954398148148148378e-04 7.235995370370370281e-04 3.530208333333333332e-04 2.552199074074074027e-04 2.535300925925925764e-04 3.270960648148148273e-03 2.658449074074074035e-04 8.021527777777778248e-04 8.334837962962962643e-02 1.671123842592592626e-02 7.564097222222222056e-03 1.305555555555555516e-04 2.851504629629629615e-04 5.846180555555555635e-04 2.827620254629629737e-01 6.016326388888888765e-02 9.077974652777778264e-01 9.673140046296296868e-02 7.181065972222222538e-02 1.985040509259259137e-02 1.198263888888888930e-04 5.197222222222222000e-04 7.909549652777777551e-01 2.725537037037037078e-02 1.872337962962962910e-04 1.500925925925925952e-03 1.019794131944444349e+00 3.312615740740740972e-04 1.445583333333333269e-02 1.055312384259259328e-01 1.144394675925925961e-02 2.043761574074074230e-02 1.224146990740740751e-02 1.313969444444444412e-01 2.145113425925926007e-02 1.798981481481481482e-03 1.008609953703703752e-02 5.846064814814814814e-05 1.643749999999999975e-04 1.146352662037037062e-01 8.244556712962962386e-02 1.077620081018518583e+00 2.679135416666666644e-02 1.429799074074074028e-01 4.780069444444444426e-03 1.138618055555555564e-02 2.513888888888888857e-04 9.698877314814814687e-03 6.944444444444443983e-08 8.678333333333333038e-03 2.353557870370370439e-02 3.040856481481481622e-04 2.665387592592592725e+00 1.284490740740740666e-04 8.767881944444444464e-03
5.929756944444444094e-03 8.078993055555556274e-03 1.344592592592592541e-02 1.238420138888888904e-02 8.659629629629629968e-03 1.405756944444444372e-02 5.137013888888888880e-03 7.447013888888889301e-03 1.052646990740740800e-02 8.916342592592592028e-03 3.118695601851851837e-02 1.477115740740740819e-02 2.276749999999999954e-02 4.986956018518518170e-03 7.258206249999999971e-01 7.243020833333333082e-03 2.676406250000000139e-02 7.243541666666666358e-03 7.217592592592592289e-03 7.316319444444444736e-03 2.117523148148148324e-03 1.296495370370370423e-02 9.941317129629630156e-02 5.948043981481481238e-03 3.166921296296296151e-03 2.640312499999999951e-02 9.581771412037036750e-01 2.288708333333333220e-02 1.853715613425925834e+00 2.489822916666666747e-02 4.973946759259259554e-02 1.364784722222222267e-02 1.165890046296296292e-02 2.523398148148148223e-02 1.693498842592592452e-02 6.815694444444444534e-03 1.487813657407407487e-02 1.018679398148148070e-02 5.512256944444444626e-03 9.725173611111111519e-03 6.860578703703703804e-03 9.746539351851851718e-03 1.127127314814814832e-02 1.084046296296296320e-02 1.400836805555555516e-02 1.389439814814814877e-02 8.000115740740740798e-04 4.090162037037037008e-04 1.058464120370370375e-02 1.627896990740740693e-02 2.948611111111111376e-04 3.072337962962962805e-04 3.352662037037037242e-04 1.048612268518518513e-02 1.327936342592592536e-02 7.531909722222221958e-03 1.918974537037037090e-02 1.101145833333333317e-02 4.083657407407407375e-03 9.181053240740741361e-03 2.633900462962962888e-03 8.375659722222221840e-03 1.073355324074074142e-02 7.325173611111111295e-03 1.956521990740740791e-02 8.480798611111110830e-03 1.825069444444444482e-03 3.278819444444444446e-04 1.189686342592592531e-02 4.200462962962962917e-04 3.127199074074073909e-04 7.305902777777777482e-03 1.640275462962962824e-02 4.367361111111111032e-04 8.960567129629629091e-03 1.065336805555555481e-02 1.478590277777777802e-02 2.144699074074074042e-03 2.905636574074073938e-03 7.244619444444444500e-01 4.942649305555555511e-02 3.917003703703703654e-01 8.170201273148147703e-01 6.872789351851852149e-03 6.662789351851852032e-03 1.127723958333333387e+00 1.107348379629629655e-02 8.962274074074073615e-01 2.845634259259259211e-02 1.876159606481481446e-01 1.819482835648148056e+00 2.721724143518518435e+00 7.241087962962963059e-03 7.175983796296296624e-03 1.625061342592592703e-02 2.859259259259259089e-04 3.661956018518518381e-03 4.240497685185184822e-03 1.860802083333333232e-02 1.306490740740740703e-02 4.786643518518518201e-03 4.321168981481481389e-03 1.594151620370370254e-02 1.023906249999999990e-02 9.122534722222222850e-03 9.471018518518519239e-03 1.484861111111111104e-02 1.055216435185185250e-02 2.606597222222222388e-04 1.315605324074074073e-02 1.502160879629629679e-02 1.607950231481481557e-02 6.115393518518518270e-04 2.689746527777777882e-02 1.698175925925925894e-02 1.126240740740740674e-02 5.293807870370370594e-03 3.995381944444444632e-03 7.653125000000000205e-03 2.086832175925925834e-02 3.100347222222222328e-04 5.618518518518519000e-04 4.744862268518518222e-02 1.318090277777777836e-03 1.074432870370370385e-02 1.603219907407407371e-02 1.523287037037037057e-02 1.610266203703703599e-03 1.651787037037037026e-02 5.219421296296296656e-03 4.778293692129629733e+00 5.669482638888889009e-02 7.219097222222222018e-04 6.170867025462962729e+00 3.071770833333333471e-03 6.301377314814815209e-03 1.180191238425925881e+00 9.094907407407407671e-04 1.584979166666666828e-02 1.066461805555555566e-02
3.703703703703703634e-07 3.240740740740740614e-07 3.472222222222222389e-07 6.365740740740740340e-07 1.041666666666666717e-06 1.342592592592592600e-06 4.629629629629629675e-07 4.861111111111110921e-07 6.944444444444444777e-07 3.703703703703703634e-07 1.817129629629629604e-06 8.796296296296295800e-07 1.238425925925926014e-06 4.861111111111110921e-07 3.472222222222222389e-07 2.546296296296296348e-07 3.356481481481481501e-07 2.546296296296296348e-07 2.430555555555555460e-07 6.944444444444443983e-08 3.472222222222221992e-08 6.944444444444443983e-08 5.787037037037037094e-08 2.777777777777777593e-07 3.472222222222221992e-08 6.944444444444443983e-08 5.787037037037037094e-08 5.787037037037037094e-08 4.629629629629629543e-08 5.787037037037037094e-08 4.629629629629629543e-08 5.787037037037037094e-08 2.314814814814814771e-08 2.314814814814814771e-08 3.009259259259259368e-07 3.356481481481481501e-07 6.944444444444443983e-08 6.944444444444443983e-08 3.472222222222221992e-08 5.787037037037037094e-08 3.009259259259259368e-07 1.041666666666666664e-07 4.629629629629629543e-08 4.629629629629629543e-08 6.944444444444443983e-08 1.273148148148148174e-07 3.472222222222221992e-08 3.472222222222221992e-08 5.787037037037037094e-08 5.787037037037037094e-08 5.787037037037037094e-08 2.199074074074073950e-07 6.944444444444443983e-08 5.787037037037037094e-08 4.629629629629629543e-08 5.787037037037037094e-08 4.629629629629629543e-08 4.629629629629629675e-07 4.050925925925925767e-07 6.365740740740740340e-07 3.356481481481481501e-07 3.356481481481481501e-07 6.134259259259259624e-07 3.356481481481481501e-07 6.018518518518518736e-07 2.314814814814814838e-07 3.587962962962962747e-07 3.472222222222221992e-08 4.282407407407407542e-07 1.041666666666666664e-07 5.787037037037037094e-08 3.472222222222221992e-08 4.629629629629629543e-08 4.629629629629629543e-08 3.587962962962962747e-07 4.861111111111110921e-07 5.208333333333333583e-07 5.902777777777777849e-07 2.430555555555555460e-07 1.967592592592592705e-07 4.629629629629629543e-08 4.629629629629629543e-08 3.472222222222222389e-07 3.472222222222221992e-08 2.523148148148147958e-06 3.240740740740740614e-07 2.546296296296296348e-07 2.430555555555555460e-07 2.546296296296296348e-07 6.018518518518518736e-07 3.587962962962962747e-07 2.777777777777777593e-07 2.777777777777777593e-07 3.009259259259259368e-07 4.629629629629629543e-08 4.629629629629629543e-08 4.629629629629629543e-08 2.314814814814814771e-08 3.472222222222221992e-08 6.944444444444443983e-08 4.629629629629629543e-08 2.314814814814814771e-08 3.472222222222221992e-08 3.472222222222221992e-08 9.259259259259259085e-08 1.273148148148148174e-07 4.861111111111110921e-07 1.388888888888888797e-07 4.629629629629629543e-08 5.787037037037037094e-08 1.585648148148148252e-06 5.208333333333333583e-07 3.472222222222221992e-08 5.787037037037037094e-08 3.472222222222221992e-08 3.472222222222222389e-07 2.777777777777777593e-07 3.472222222222221992e-08 1.273148148148148174e-07 4.629629629629629543e-08 3.587962962962962747e-07 6.944444444444443983e-08 6.944444444444443983e-08 3.472222222222221992e-08 3.587962962962962747e-07 3.587962962962962747e-07 1.331018518518518512e-06 2.199074074074073950e-07 8.564814814814815084e-07 4.398148148148147900e-07 3.125000000000000256e-07 3.472222222222221992e-08 5.787037037037037094e-08 2.662037037037037235e-07 4.282407407407407542e-07 2.314814814814814838e-07 4.629629629629629543e-08 3.125000000000000256e-07 3.356481481481481501e-07 3.472222222222221992e-08
1.504629629629629684e-07 1.157407407407407419e-07 1.620370370370370307e-07 2.546296296296296348e-07 2.083333333333333327e-07 2.430555555555555460e-07 1.851851851851851817e-07 3.819444444444444522e-07 2.777777777777777593e-07 1.504629629629629684e-07 3.356481481481481501e-07 2.430555555555555460e-07 3.009259259259259368e-07 1.736111111111111194e-07 1.273148148148148174e-07 9.259259259259259085e-08 1.504629629629629684e-07 9.259259259259259085e-08 1.041666666666666664e-07 1.157407407407407419e-07 3.472222222222221992e-08 5.787037037037037094e-08 4.629629629629629543e-08 3.472222222222221992e-08 2.314814814814814771e-08 3.472222222222221992e-08 3.472222222222221992e-08 2.314814814814814771e-08 3.472222222222221992e-08 3.472222222222221992e-08 3.472222222222221992e-08 3.472222222222221992e-08 3.472222222222221992e-08 2.314814814814814771e-08 1.620370370370370307e-07 3.472222222222221992e-08 3.472222222222221992e-08 2.314814814814814771e-08 2.314814814814814771e-08 2.314814814814814771e-08 4.629629629629629543e-08 1.041666666666666664e-07 2.314814814814814771e-08 5.787037037037037094e-08 2.314814814814814771e-08 1.273148148148148174e-07 2.314814814814814771e-08 2.083333333333333327e-07 5.787037037037037094e-08 3.472222222222221992e-08 4.629629629629629543e-08 2.777777777777777593e-07 2.314814814814814771e-08 3.472222222222221992e-08 1.967592592592592705e-07 6.944444444444443983e-08 2.314814814814814771e-08 1.620370370370370307e-07 2.662037037037037235e-07 2.083333333333333327e-07 1.273148148148148174e-07 1.157407407407407419e-07 2.314814814814814838e-07 1.388888888888888797e-07 2.662037037037037235e-07 9.259259259259259085e-08 1.041666666666666664e-07 2.314814814814814771e-08 4.629629629629629543e-08 5.787037037037037094e-08 6.944444444444443983e-08 3.472222222222221992e-08 2.314814814814814771e-08 1.041666666666666664e-07 2.199074074074073950e-07 2.199074074074073950e-07 1.851851851851851817e-07 1.388888888888888797e-07 9.259259259259259085e-08 4.629629629629629543e-08 3.472222222222221992e-08 4.629629629629629543e-08 2.314814814814814771e-08 2.314814814814814771e-08 2.777777777777777593e-07 1.157407407407407419e-07 9.259259259259259085e-08 1.041666666666666664e-07 9.259259259259259085e-08 1.736111111111111194e-07 1.273148148148148174e-07 1.504629629629629684e-07 1.504629629629629684e-07 4.629629629629629543e-08 5.787037037037037094e-08 6.944444444444443983e-08 3.472222222222221992e-08 2.314814814814814771e-08 3.472222222222221992e-08 6.944444444444443983e-08 6.944444444444443983e-08 3.472222222222221992e-08 3.472222222222221992e-08 3.472222222222221992e-08 6.944444444444443983e-08 3.472222222222221992e-08 2.314814814814814838e-07 1.041666666666666664e-07 4.629629629629629543e-08 6.944444444444443983e-08 1.041666666666666664e-07 3.472222222222221992e-08 3.472222222222221992e-08 3.472222222222221992e-08 2.314814814814814771e-08 1.157407407407407419e-07 9.259259259259259085e-08 2.314814814814814771e-08 2.314814814814814771e-08 5.787037037037037094e-08 5.787037037037037094e-08 4.629629629629629543e-08 3.472222222222221992e-08 4.629629629629629543e-08 3.009259259259259368e-07 1.388888888888888797e-07 2.893518518518518481e-07 2.662037037037037235e-07 2.893518518518518481e-07 1.157407407407407419e-07 1.041666666666666664e-07 2.314814814814814771e-08 3.472222222222221992e-08 9.259259259259259085e-08 1.273148148148148174e-07 9.259259259259259085e-08 2.314814814814814771e-08 1.504629629629629684e-07 1.273148148148148174e-07 2.314814814814814771e-08
